player1,player2,players_count,results_ranked,results_casual,changes_17e787d1d6374f818b294f2319db370d,changes_e4808bc3e1e347988cbb59b55d723e0f,changes_562a308be86c4ec09438387860e792cc,changes_a536eec9a68e4d309cd09f5af4c006a7,changes_af22aaab9ee74596a3578bd6345d25b5,changes_56714245be364bd1a469d0853552c109,changes_7665f76f431b41c6b321bea16aff913b,changes_70eb9286e3e24153a8b37c8f884f1292,changes_3c8757790ab0400b8b9e3936e0dd535b,changes_bc80af38933f4ae19b0494681a54422b,changes_4863326cccf043ecbb8ff88628bed781,changes_5ee577fdc1af45d3a6fb3e086cc293fb,changes_fa1bec35058546c98f9279f8be7cf9bc,changes_4129d8d1aafb4e73b97b9999db248060,changes_fa61606e8131484c8dee506d1ff9a8dc,changes_2f59967f6a7841ab840e2cb032589a04,changes_4427794ee7ad48bc9b53c156fa4092e1,changes_3910d98bea254b488a10d6e91e469f7e,changes_99aa9e0e8034479a90259e244dfb9029,changes_92b63a39b36a445fa94c77ae212dcea3,changes_736dbdc44a3e452fa489f5344565835e,changes_7c92678742eb4e819f3122017697ae3d,changes_625146b684804a29af2eaeb483a59ddf,changes_3b01d4b4fef14f178b75f05c04dd34ef,changes_00f996cd910f479ba0903d85c2bdb1e0,changes_9dcb17d831b24df2bae778cfd750ab1b,changes_c670041ed84c480cab4a6ee904905b5f,changes_388533d5a2ad4b349a31db4738670a4b,changes_dd34e44dfe5d4e05923d876b9c34ca5f,changes_2988fcfbc6b141a497faa915e13b6592,changes_25d4de4fe37248f0bba16b43ca1994bb,changes_1ae14cb96a2f4357a71efac6f7012b59,changes_78a8ec9f99d34371b73decd2a78ff9b0,changes_253b53d832ab4bafb5ee0308d5164ccf,changes_0b164a03002048d3955715422179eedf,changes_b5ae858c09384b79989ea305a4b5cedf,changes_9a8e24df4c8549d696a6951da84fa5c4,changes_0d0f007a376a462299bf23f2f713b0e5,changes_c32cdd142a0147dcb91771319d745194,changes_4cf401d7b9474756b06a653867d22fca,changes_a54e3bc4c6354b07a236b81efbcfe791,changes_25349f93cf194f3baeee93d024eccc21,changes_8b6de3393be345fdb8dcf0959f42f457,changes_5a32f1e5609847c691c07730f973397c,changes_635f35ee69ed4f0c94ff26ece4818956,changes_a5d83ff042164ff1b862dedc118c1dae,changes_2fe70934e7be458dba747c4ac830391c,changes_aa5a894a4d5340f49683fdfd1ea9c523,changes_2ef2bfed3d084649b56290328970ace9,changes_0c3cc22849a343b0964a89ac842fa3ca,changes_ac601ce7376f49cea7ce14cd577dac85
silverrruns,dandannyboy,2,"{'total': 23, '17e787d1d6374f818b294f2319db370d': 14, 'e4808bc3e1e347988cbb59b55d723e0f': 8}","{'total': 0, '17e787d1d6374f818b294f2319db370d': 0, 'e4808bc3e1e347988cbb59b55d723e0f': 0}",37.0,-37.0,,,,,,,,,,,,,,,,,,,,,,,,,,,,,,,,,,,,,,,,,,,,,,,,,
silverrruns,Oxidiot,2,"{'total': 0, '562a308be86c4ec09438387860e792cc': 0, '17e787d1d6374f818b294f2319db370d': 0}","{'total': 0, '562a308be86c4ec09438387860e792cc': 0, '17e787d1d6374f818b294f2319db370d': 0}",0.0,,0.0,,,,,,,,,,,,,,,,,,,,,,,,,,,,,,,,,,,,,,,,,,,,,,,,
silverrruns,Reignex,2,"{'total': 0, 'a536eec9a68e4d309cd09f5af4c006a7': 0, '17e787d1d6374f818b294f2319db370d': 0}","{'total': 0, 'a536eec9a68e4d309cd09f5af4c006a7': 0, '17e787d1d6374f818b294f2319db370d': 0}",0.0,,,0.0,,,,,,,,,,,,,,,,,,,,,,,,,,,,,,,,,,,,,,,,,,,,,,,
silverrruns,priffie,2,"{'total': 0, 'af22aaab9ee74596a3578bd6345d25b5': 0, '17e787d1d6374f818b294f2319db370d': 0}","{'total': 0, 'af22aaab9ee74596a3578bd6345d25b5': 0, '17e787d1d6374f818b294f2319db370d': 0}",0.0,,,,0.0,,,,,,,,,,,,,,,,,,,,,,,,,,,,,,,,,,,,,,,,,,,,,,
silverrruns,orachi_,2,"{'total': 0, '56714245be364bd1a469d0853552c109': 0, '17e787d1d6374f818b294f2319db370d': 0}","{'total': 0, '56714245be364bd1a469d0853552c109': 0, '17e787d1d6374f818b294f2319db370d': 0}",0.0,,,,,0.0,,,,,,,,,,,,,,,,,,,,,,,,,,,,,,,,,,,,,,,,,,,,,
silverrruns,lowk3y_,2,"{'total': 0, '7665f76f431b41c6b321bea16aff913b': 0, '17e787d1d6374f818b294f2319db370d': 0}","{'total': 0, '7665f76f431b41c6b321bea16aff913b': 0, '17e787d1d6374f818b294f2319db370d': 0}",0.0,,,,,,0.0,,,,,,,,,,,,,,,,,,,,,,,,,,,,,,,,,,,,,,,,,,,,
silverrruns,7rowl,2,"{'total': 4, '17e787d1d6374f818b294f2319db370d': 1, '70eb9286e3e24153a8b37c8f884f1292': 3}","{'total': 0, '17e787d1d6374f818b294f2319db370d': 0, '70eb9286e3e24153a8b37c8f884f1292': 0}",-32.0,,,,,,,32.0,,,,,,,,,,,,,,,,,,,,,,,,,,,,,,,,,,,,,,,,,,,
silverrruns,doogile,2,"{'total': 15, '17e787d1d6374f818b294f2319db370d': 5, '3c8757790ab0400b8b9e3936e0dd535b': 9}","{'total': 0, '17e787d1d6374f818b294f2319db370d': 0, '3c8757790ab0400b8b9e3936e0dd535b': 0}",-35.0,,,,,,,,35.0,,,,,,,,,,,,,,,,,,,,,,,,,,,,,,,,,,,,,,,,,,
silverrruns,Ancoboyy,2,"{'total': 1, '17e787d1d6374f818b294f2319db370d': 0, 'bc80af38933f4ae19b0494681a54422b': 1}","{'total': 0, '17e787d1d6374f818b294f2319db370d': 0, 'bc80af38933f4ae19b0494681a54422b': 0}",-16.0,,,,,,,,,16.0,,,,,,,,,,,,,,,,,,,,,,,,,,,,,,,,,,,,,,,,,
silverrruns,pulsar32,2,"{'total': 0, '4863326cccf043ecbb8ff88628bed781': 0, '17e787d1d6374f818b294f2319db370d': 0}","{'total': 0, '4863326cccf043ecbb8ff88628bed781': 0, '17e787d1d6374f818b294f2319db370d': 0}",0.0,,,,,,,,,,0.0,,,,,,,,,,,,,,,,,,,,,,,,,,,,,,,,,,,,,,,,
silverrruns,Ranik_,2,"{'total': 6, '17e787d1d6374f818b294f2319db370d': 3, '5ee577fdc1af45d3a6fb3e086cc293fb': 3}","{'total': 0, '17e787d1d6374f818b294f2319db370d': 0, '5ee577fdc1af45d3a6fb3e086cc293fb': 0}",0.0,,,,,,,,,,,0.0,,,,,,,,,,,,,,,,,,,,,,,,,,,,,,,,,,,,,,,
silverrruns,MoleyG,2,"{'total': 1, '17e787d1d6374f818b294f2319db370d': 1, 'fa1bec35058546c98f9279f8be7cf9bc': 0}","{'total': 0, '17e787d1d6374f818b294f2319db370d': 0, 'fa1bec35058546c98f9279f8be7cf9bc': 0}",12.0,,,,,,,,,,,,-12.0,,,,,,,,,,,,,,,,,,,,,,,,,,,,,,,,,,,,,,
silverrruns,CroProYT,2,"{'total': 0, '4129d8d1aafb4e73b97b9999db248060': 0, '17e787d1d6374f818b294f2319db370d': 0}","{'total': 0, '4129d8d1aafb4e73b97b9999db248060': 0, '17e787d1d6374f818b294f2319db370d': 0}",0.0,,,,,,,,,,,,,0.0,,,,,,,,,,,,,,,,,,,,,,,,,,,,,,,,,,,,,
silverrruns,AutomattPL,2,"{'total': 0, 'fa61606e8131484c8dee506d1ff9a8dc': 0, '17e787d1d6374f818b294f2319db370d': 0}","{'total': 0, 'fa61606e8131484c8dee506d1ff9a8dc': 0, '17e787d1d6374f818b294f2319db370d': 0}",0.0,,,,,,,,,,,,,,0.0,,,,,,,,,,,,,,,,,,,,,,,,,,,,,,,,,,,,
silverrruns,Dylqn,2,"{'total': 0, '2f59967f6a7841ab840e2cb032589a04': 0, '17e787d1d6374f818b294f2319db370d': 0}","{'total': 0, '2f59967f6a7841ab840e2cb032589a04': 0, '17e787d1d6374f818b294f2319db370d': 0}",0.0,,,,,,,,,,,,,,,0.0,,,,,,,,,,,,,,,,,,,,,,,,,,,,,,,,,,,
dandannyboy,Oxidiot,2,"{'total': 0, '562a308be86c4ec09438387860e792cc': 0, 'e4808bc3e1e347988cbb59b55d723e0f': 0}","{'total': 0, '562a308be86c4ec09438387860e792cc': 0, 'e4808bc3e1e347988cbb59b55d723e0f': 0}",,0.0,0.0,,,,,,,,,,,,,,,,,,,,,,,,,,,,,,,,,,,,,,,,,,,,,,,,
dandannyboy,Reignex,2,"{'total': 0, 'a536eec9a68e4d309cd09f5af4c006a7': 0, 'e4808bc3e1e347988cbb59b55d723e0f': 0}","{'total': 0, 'a536eec9a68e4d309cd09f5af4c006a7': 0, 'e4808bc3e1e347988cbb59b55d723e0f': 0}",,0.0,,0.0,,,,,,,,,,,,,,,,,,,,,,,,,,,,,,,,,,,,,,,,,,,,,,,
dandannyboy,priffie,2,"{'total': 0, 'e4808bc3e1e347988cbb59b55d723e0f': 0, 'af22aaab9ee74596a3578bd6345d25b5': 0}","{'total': 0, 'e4808bc3e1e347988cbb59b55d723e0f': 0, 'af22aaab9ee74596a3578bd6345d25b5': 0}",,0.0,,,0.0,,,,,,,,,,,,,,,,,,,,,,,,,,,,,,,,,,,,,,,,,,,,,,
dandannyboy,orachi_,2,"{'total': 0, 'e4808bc3e1e347988cbb59b55d723e0f': 0, '56714245be364bd1a469d0853552c109': 0}","{'total': 0, 'e4808bc3e1e347988cbb59b55d723e0f': 0, '56714245be364bd1a469d0853552c109': 0}",,0.0,,,,0.0,,,,,,,,,,,,,,,,,,,,,,,,,,,,,,,,,,,,,,,,,,,,,
dandannyboy,lowk3y_,2,"{'total': 3, '7665f76f431b41c6b321bea16aff913b': 2, 'e4808bc3e1e347988cbb59b55d723e0f': 1}","{'total': 0, '7665f76f431b41c6b321bea16aff913b': 0, 'e4808bc3e1e347988cbb59b55d723e0f': 0}",,-22.0,,,,,22.0,,,,,,,,,,,,,,,,,,,,,,,,,,,,,,,,,,,,,,,,,,,,
dandannyboy,7rowl,2,"{'total': 1, '70eb9286e3e24153a8b37c8f884f1292': 1, 'e4808bc3e1e347988cbb59b55d723e0f': 0}","{'total': 0, '70eb9286e3e24153a8b37c8f884f1292': 0, 'e4808bc3e1e347988cbb59b55d723e0f': 0}",,-14.0,,,,,,14.0,,,,,,,,,,,,,,,,,,,,,,,,,,,,,,,,,,,,,,,,,,,
dandannyboy,doogile,2,"{'total': 2, '3c8757790ab0400b8b9e3936e0dd535b': 2, 'e4808bc3e1e347988cbb59b55d723e0f': 0}","{'total': 0, '3c8757790ab0400b8b9e3936e0dd535b': 0, 'e4808bc3e1e347988cbb59b55d723e0f': 0}",,-18.0,,,,,,,18.0,,,,,,,,,,,,,,,,,,,,,,,,,,,,,,,,,,,,,,,,,,
dandannyboy,Ancoboyy,2,"{'total': 0, 'bc80af38933f4ae19b0494681a54422b': 0, 'e4808bc3e1e347988cbb59b55d723e0f': 0}","{'total': 0, 'bc80af38933f4ae19b0494681a54422b': 0, 'e4808bc3e1e347988cbb59b55d723e0f': 0}",,0.0,,,,,,,,0.0,,,,,,,,,,,,,,,,,,,,,,,,,,,,,,,,,,,,,,,,,
dandannyboy,pulsar32,2,"{'total': 0, 'e4808bc3e1e347988cbb59b55d723e0f': 0, '4863326cccf043ecbb8ff88628bed781': 0}","{'total': 0, 'e4808bc3e1e347988cbb59b55d723e0f': 0, '4863326cccf043ecbb8ff88628bed781': 0}",,0.0,,,,,,,,,0.0,,,,,,,,,,,,,,,,,,,,,,,,,,,,,,,,,,,,,,,,
dandannyboy,Ranik_,2,"{'total': 11, '5ee577fdc1af45d3a6fb3e086cc293fb': 5, 'e4808bc3e1e347988cbb59b55d723e0f': 6}","{'total': 0, '5ee577fdc1af45d3a6fb3e086cc293fb': 0, 'e4808bc3e1e347988cbb59b55d723e0f': 0}",,68.0,,,,,,,,,,-68.0,,,,,,,,,,,,,,,,,,,,,,,,,,,,,,,,,,,,,,,
dandannyboy,MoleyG,2,"{'total': 0, 'fa1bec35058546c98f9279f8be7cf9bc': 0, 'e4808bc3e1e347988cbb59b55d723e0f': 0}","{'total': 0, 'fa1bec35058546c98f9279f8be7cf9bc': 0, 'e4808bc3e1e347988cbb59b55d723e0f': 0}",,0.0,,,,,,,,,,,0.0,,,,,,,,,,,,,,,,,,,,,,,,,,,,,,,,,,,,,,
dandannyboy,CroProYT,2,"{'total': 0, '4129d8d1aafb4e73b97b9999db248060': 0, 'e4808bc3e1e347988cbb59b55d723e0f': 0}","{'total': 0, '4129d8d1aafb4e73b97b9999db248060': 0, 'e4808bc3e1e347988cbb59b55d723e0f': 0}",,0.0,,,,,,,,,,,,0.0,,,,,,,,,,,,,,,,,,,,,,,,,,,,,,,,,,,,,
dandannyboy,AutomattPL,2,"{'total': 0, 'fa61606e8131484c8dee506d1ff9a8dc': 0, 'e4808bc3e1e347988cbb59b55d723e0f': 0}","{'total': 0, 'fa61606e8131484c8dee506d1ff9a8dc': 0, 'e4808bc3e1e347988cbb59b55d723e0f': 0}",,0.0,,,,,,,,,,,,,0.0,,,,,,,,,,,,,,,,,,,,,,,,,,,,,,,,,,,,
dandannyboy,Dylqn,2,"{'total': 0, '2f59967f6a7841ab840e2cb032589a04': 0, 'e4808bc3e1e347988cbb59b55d723e0f': 0}","{'total': 0, '2f59967f6a7841ab840e2cb032589a04': 0, 'e4808bc3e1e347988cbb59b55d723e0f': 0}",,0.0,,,,,,,,,,,,,,0.0,,,,,,,,,,,,,,,,,,,,,,,,,,,,,,,,,,,
Oxidiot,Reignex,2,"{'total': 0, '562a308be86c4ec09438387860e792cc': 0, 'a536eec9a68e4d309cd09f5af4c006a7': 0}","{'total': 0, '562a308be86c4ec09438387860e792cc': 0, 'a536eec9a68e4d309cd09f5af4c006a7': 0}",,,0.0,0.0,,,,,,,,,,,,,,,,,,,,,,,,,,,,,,,,,,,,,,,,,,,,,,,
Oxidiot,priffie,2,"{'total': 0, '562a308be86c4ec09438387860e792cc': 0, 'af22aaab9ee74596a3578bd6345d25b5': 0}","{'total': 0, '562a308be86c4ec09438387860e792cc': 0, 'af22aaab9ee74596a3578bd6345d25b5': 0}",,,0.0,,0.0,,,,,,,,,,,,,,,,,,,,,,,,,,,,,,,,,,,,,,,,,,,,,,
Oxidiot,orachi_,2,"{'total': 0, '562a308be86c4ec09438387860e792cc': 0, '56714245be364bd1a469d0853552c109': 0}","{'total': 0, '562a308be86c4ec09438387860e792cc': 0, '56714245be364bd1a469d0853552c109': 0}",,,0.0,,,0.0,,,,,,,,,,,,,,,,,,,,,,,,,,,,,,,,,,,,,,,,,,,,,
Oxidiot,lowk3y_,2,"{'total': 0, '562a308be86c4ec09438387860e792cc': 0, '7665f76f431b41c6b321bea16aff913b': 0}","{'total': 0, '562a308be86c4ec09438387860e792cc': 0, '7665f76f431b41c6b321bea16aff913b': 0}",,,0.0,,,,0.0,,,,,,,,,,,,,,,,,,,,,,,,,,,,,,,,,,,,,,,,,,,,
Oxidiot,7rowl,2,"{'total': 7, '562a308be86c4ec09438387860e792cc': 2, '70eb9286e3e24153a8b37c8f884f1292': 5}","{'total': 0, '562a308be86c4ec09438387860e792cc': 0, '70eb9286e3e24153a8b37c8f884f1292': 0}",,,-43.0,,,,,43.0,,,,,,,,,,,,,,,,,,,,,,,,,,,,,,,,,,,,,,,,,,,
Oxidiot,doogile,2,"{'total': 2, '3c8757790ab0400b8b9e3936e0dd535b': 2, '562a308be86c4ec09438387860e792cc': 0}","{'total': 0, '3c8757790ab0400b8b9e3936e0dd535b': 0, '562a308be86c4ec09438387860e792cc': 0}",,,-25.0,,,,,,25.0,,,,,,,,,,,,,,,,,,,,,,,,,,,,,,,,,,,,,,,,,,
Oxidiot,Ancoboyy,2,"{'total': 1, '562a308be86c4ec09438387860e792cc': 1, 'bc80af38933f4ae19b0494681a54422b': 0}","{'total': 0, '562a308be86c4ec09438387860e792cc': 0, 'bc80af38933f4ae19b0494681a54422b': 0}",,,26.0,,,,,,,-26.0,,,,,,,,,,,,,,,,,,,,,,,,,,,,,,,,,,,,,,,,,
Oxidiot,pulsar32,2,"{'total': 0, '562a308be86c4ec09438387860e792cc': 0, '4863326cccf043ecbb8ff88628bed781': 0}","{'total': 0, '562a308be86c4ec09438387860e792cc': 0, '4863326cccf043ecbb8ff88628bed781': 0}",,,0.0,,,,,,,,0.0,,,,,,,,,,,,,,,,,,,,,,,,,,,,,,,,,,,,,,,,
Oxidiot,Ranik_,2,"{'total': 3, '562a308be86c4ec09438387860e792cc': 2, '5ee577fdc1af45d3a6fb3e086cc293fb': 1}","{'total': 0, '562a308be86c4ec09438387860e792cc': 0, '5ee577fdc1af45d3a6fb3e086cc293fb': 0}",,,22.0,,,,,,,,,-22.0,,,,,,,,,,,,,,,,,,,,,,,,,,,,,,,,,,,,,,,
Oxidiot,MoleyG,2,"{'total': 0, 'fa1bec35058546c98f9279f8be7cf9bc': 0, '562a308be86c4ec09438387860e792cc': 0}","{'total': 0, 'fa1bec35058546c98f9279f8be7cf9bc': 0, '562a308be86c4ec09438387860e792cc': 0}",,,0.0,,,,,,,,,,0.0,,,,,,,,,,,,,,,,,,,,,,,,,,,,,,,,,,,,,,
Oxidiot,CroProYT,2,"{'total': 1, '4129d8d1aafb4e73b97b9999db248060': 0, '562a308be86c4ec09438387860e792cc': 0}","{'total': 0, '4129d8d1aafb4e73b97b9999db248060': 0, '562a308be86c4ec09438387860e792cc': 0}",,,-2.0,,,,,,,,,,,2.0,,,,,,,,,,,,,,,,,,,,,,,,,,,,,,,,,,,,,
Oxidiot,AutomattPL,2,"{'total': 0, 'fa61606e8131484c8dee506d1ff9a8dc': 0, '562a308be86c4ec09438387860e792cc': 0}","{'total': 0, 'fa61606e8131484c8dee506d1ff9a8dc': 0, '562a308be86c4ec09438387860e792cc': 0}",,,0.0,,,,,,,,,,,,0.0,,,,,,,,,,,,,,,,,,,,,,,,,,,,,,,,,,,,
Oxidiot,Dylqn,2,"{'total': 0, '2f59967f6a7841ab840e2cb032589a04': 0, '562a308be86c4ec09438387860e792cc': 0}","{'total': 0, '2f59967f6a7841ab840e2cb032589a04': 0, '562a308be86c4ec09438387860e792cc': 0}",,,0.0,,,,,,,,,,,,,0.0,,,,,,,,,,,,,,,,,,,,,,,,,,,,,,,,,,,
Reignex,priffie,2,"{'total': 0, 'a536eec9a68e4d309cd09f5af4c006a7': 0, 'af22aaab9ee74596a3578bd6345d25b5': 0}","{'total': 0, 'a536eec9a68e4d309cd09f5af4c006a7': 0, 'af22aaab9ee74596a3578bd6345d25b5': 0}",,,,0.0,0.0,,,,,,,,,,,,,,,,,,,,,,,,,,,,,,,,,,,,,,,,,,,,,,
Reignex,orachi_,2,"{'total': 0, 'a536eec9a68e4d309cd09f5af4c006a7': 0, '56714245be364bd1a469d0853552c109': 0}","{'total': 0, 'a536eec9a68e4d309cd09f5af4c006a7': 0, '56714245be364bd1a469d0853552c109': 0}",,,,0.0,,0.0,,,,,,,,,,,,,,,,,,,,,,,,,,,,,,,,,,,,,,,,,,,,,
Reignex,lowk3y_,2,"{'total': 0, 'a536eec9a68e4d309cd09f5af4c006a7': 0, '7665f76f431b41c6b321bea16aff913b': 0}","{'total': 0, 'a536eec9a68e4d309cd09f5af4c006a7': 0, '7665f76f431b41c6b321bea16aff913b': 0}",,,,0.0,,,0.0,,,,,,,,,,,,,,,,,,,,,,,,,,,,,,,,,,,,,,,,,,,,
Reignex,7rowl,2,"{'total': 0, '70eb9286e3e24153a8b37c8f884f1292': 0, 'a536eec9a68e4d309cd09f5af4c006a7': 0}","{'total': 0, '70eb9286e3e24153a8b37c8f884f1292': 0, 'a536eec9a68e4d309cd09f5af4c006a7': 0}",,,,0.0,,,,0.0,,,,,,,,,,,,,,,,,,,,,,,,,,,,,,,,,,,,,,,,,,,
Reignex,doogile,2,"{'total': 0, 'a536eec9a68e4d309cd09f5af4c006a7': 0, '3c8757790ab0400b8b9e3936e0dd535b': 0}","{'total': 0, 'a536eec9a68e4d309cd09f5af4c006a7': 0, '3c8757790ab0400b8b9e3936e0dd535b': 0}",,,,0.0,,,,,0.0,,,,,,,,,,,,,,,,,,,,,,,,,,,,,,,,,,,,,,,,,,
Reignex,Ancoboyy,2,"{'total': 0, 'bc80af38933f4ae19b0494681a54422b': 0, 'a536eec9a68e4d309cd09f5af4c006a7': 0}","{'total': 0, 'bc80af38933f4ae19b0494681a54422b': 0, 'a536eec9a68e4d309cd09f5af4c006a7': 0}",,,,0.0,,,,,,0.0,,,,,,,,,,,,,,,,,,,,,,,,,,,,,,,,,,,,,,,,,
Reignex,pulsar32,2,"{'total': 0, 'a536eec9a68e4d309cd09f5af4c006a7': 0, '4863326cccf043ecbb8ff88628bed781': 0}","{'total': 0, 'a536eec9a68e4d309cd09f5af4c006a7': 0, '4863326cccf043ecbb8ff88628bed781': 0}",,,,0.0,,,,,,,0.0,,,,,,,,,,,,,,,,,,,,,,,,,,,,,,,,,,,,,,,,
Reignex,Ranik_,2,"{'total': 0, '5ee577fdc1af45d3a6fb3e086cc293fb': 0, 'a536eec9a68e4d309cd09f5af4c006a7': 0}","{'total': 0, '5ee577fdc1af45d3a6fb3e086cc293fb': 0, 'a536eec9a68e4d309cd09f5af4c006a7': 0}",,,,0.0,,,,,,,,0.0,,,,,,,,,,,,,,,,,,,,,,,,,,,,,,,,,,,,,,,
Reignex,MoleyG,2,"{'total': 0, 'fa1bec35058546c98f9279f8be7cf9bc': 0, 'a536eec9a68e4d309cd09f5af4c006a7': 0}","{'total': 0, 'fa1bec35058546c98f9279f8be7cf9bc': 0, 'a536eec9a68e4d309cd09f5af4c006a7': 0}",,,,0.0,,,,,,,,,0.0,,,,,,,,,,,,,,,,,,,,,,,,,,,,,,,,,,,,,,
Reignex,CroProYT,2,"{'total': 0, '4129d8d1aafb4e73b97b9999db248060': 0, 'a536eec9a68e4d309cd09f5af4c006a7': 0}","{'total': 0, '4129d8d1aafb4e73b97b9999db248060': 0, 'a536eec9a68e4d309cd09f5af4c006a7': 0}",,,,0.0,,,,,,,,,,0.0,,,,,,,,,,,,,,,,,,,,,,,,,,,,,,,,,,,,,
Reignex,AutomattPL,2,"{'total': 0, 'fa61606e8131484c8dee506d1ff9a8dc': 0, 'a536eec9a68e4d309cd09f5af4c006a7': 0}","{'total': 0, 'fa61606e8131484c8dee506d1ff9a8dc': 0, 'a536eec9a68e4d309cd09f5af4c006a7': 0}",,,,0.0,,,,,,,,,,,0.0,,,,,,,,,,,,,,,,,,,,,,,,,,,,,,,,,,,,
Reignex,Dylqn,2,"{'total': 0, '2f59967f6a7841ab840e2cb032589a04': 0, 'a536eec9a68e4d309cd09f5af4c006a7': 0}","{'total': 0, '2f59967f6a7841ab840e2cb032589a04': 0, 'a536eec9a68e4d309cd09f5af4c006a7': 0}",,,,0.0,,,,,,,,,,,,0.0,,,,,,,,,,,,,,,,,,,,,,,,,,,,,,,,,,,
priffie,orachi_,2,"{'total': 0, '56714245be364bd1a469d0853552c109': 0, 'af22aaab9ee74596a3578bd6345d25b5': 0}","{'total': 0, '56714245be364bd1a469d0853552c109': 0, 'af22aaab9ee74596a3578bd6345d25b5': 0}",,,,,0.0,0.0,,,,,,,,,,,,,,,,,,,,,,,,,,,,,,,,,,,,,,,,,,,,,
priffie,lowk3y_,2,"{'total': 0, '7665f76f431b41c6b321bea16aff913b': 0, 'af22aaab9ee74596a3578bd6345d25b5': 0}","{'total': 0, '7665f76f431b41c6b321bea16aff913b': 0, 'af22aaab9ee74596a3578bd6345d25b5': 0}",,,,,0.0,,0.0,,,,,,,,,,,,,,,,,,,,,,,,,,,,,,,,,,,,,,,,,,,,
priffie,7rowl,2,"{'total': 0, '70eb9286e3e24153a8b37c8f884f1292': 0, 'af22aaab9ee74596a3578bd6345d25b5': 0}","{'total': 0, '70eb9286e3e24153a8b37c8f884f1292': 0, 'af22aaab9ee74596a3578bd6345d25b5': 0}",,,,,0.0,,,0.0,,,,,,,,,,,,,,,,,,,,,,,,,,,,,,,,,,,,,,,,,,,
priffie,doogile,2,"{'total': 0, '3c8757790ab0400b8b9e3936e0dd535b': 0, 'af22aaab9ee74596a3578bd6345d25b5': 0}","{'total': 0, '3c8757790ab0400b8b9e3936e0dd535b': 0, 'af22aaab9ee74596a3578bd6345d25b5': 0}",,,,,0.0,,,,0.0,,,,,,,,,,,,,,,,,,,,,,,,,,,,,,,,,,,,,,,,,,
priffie,Ancoboyy,2,"{'total': 0, 'bc80af38933f4ae19b0494681a54422b': 0, 'af22aaab9ee74596a3578bd6345d25b5': 0}","{'total': 0, 'bc80af38933f4ae19b0494681a54422b': 0, 'af22aaab9ee74596a3578bd6345d25b5': 0}",,,,,0.0,,,,,0.0,,,,,,,,,,,,,,,,,,,,,,,,,,,,,,,,,,,,,,,,,
priffie,pulsar32,2,"{'total': 0, 'af22aaab9ee74596a3578bd6345d25b5': 0, '4863326cccf043ecbb8ff88628bed781': 0}","{'total': 0, 'af22aaab9ee74596a3578bd6345d25b5': 0, '4863326cccf043ecbb8ff88628bed781': 0}",,,,,0.0,,,,,,0.0,,,,,,,,,,,,,,,,,,,,,,,,,,,,,,,,,,,,,,,,
priffie,Ranik_,2,"{'total': 0, '5ee577fdc1af45d3a6fb3e086cc293fb': 0, 'af22aaab9ee74596a3578bd6345d25b5': 0}","{'total': 0, '5ee577fdc1af45d3a6fb3e086cc293fb': 0, 'af22aaab9ee74596a3578bd6345d25b5': 0}",,,,,0.0,,,,,,,0.0,,,,,,,,,,,,,,,,,,,,,,,,,,,,,,,,,,,,,,,
priffie,MoleyG,2,"{'total': 0, 'fa1bec35058546c98f9279f8be7cf9bc': 0, 'af22aaab9ee74596a3578bd6345d25b5': 0}","{'total': 0, 'fa1bec35058546c98f9279f8be7cf9bc': 0, 'af22aaab9ee74596a3578bd6345d25b5': 0}",,,,,0.0,,,,,,,,0.0,,,,,,,,,,,,,,,,,,,,,,,,,,,,,,,,,,,,,,
priffie,CroProYT,2,"{'total': 0, '4129d8d1aafb4e73b97b9999db248060': 0, 'af22aaab9ee74596a3578bd6345d25b5': 0}","{'total': 0, '4129d8d1aafb4e73b97b9999db248060': 0, 'af22aaab9ee74596a3578bd6345d25b5': 0}",,,,,0.0,,,,,,,,,0.0,,,,,,,,,,,,,,,,,,,,,,,,,,,,,,,,,,,,,
priffie,AutomattPL,2,"{'total': 0, 'fa61606e8131484c8dee506d1ff9a8dc': 0, 'af22aaab9ee74596a3578bd6345d25b5': 0}","{'total': 0, 'fa61606e8131484c8dee506d1ff9a8dc': 0, 'af22aaab9ee74596a3578bd6345d25b5': 0}",,,,,0.0,,,,,,,,,,0.0,,,,,,,,,,,,,,,,,,,,,,,,,,,,,,,,,,,,
priffie,Dylqn,2,"{'total': 0, '2f59967f6a7841ab840e2cb032589a04': 0, 'af22aaab9ee74596a3578bd6345d25b5': 0}","{'total': 0, '2f59967f6a7841ab840e2cb032589a04': 0, 'af22aaab9ee74596a3578bd6345d25b5': 0}",,,,,0.0,,,,,,,,,,,0.0,,,,,,,,,,,,,,,,,,,,,,,,,,,,,,,,,,,
orachi_,lowk3y_,2,"{'total': 0, '7665f76f431b41c6b321bea16aff913b': 0, '56714245be364bd1a469d0853552c109': 0}","{'total': 0, '7665f76f431b41c6b321bea16aff913b': 0, '56714245be364bd1a469d0853552c109': 0}",,,,,,0.0,0.0,,,,,,,,,,,,,,,,,,,,,,,,,,,,,,,,,,,,,,,,,,,,
orachi_,7rowl,2,"{'total': 0, '70eb9286e3e24153a8b37c8f884f1292': 0, '56714245be364bd1a469d0853552c109': 0}","{'total': 0, '70eb9286e3e24153a8b37c8f884f1292': 0, '56714245be364bd1a469d0853552c109': 0}",,,,,,0.0,,0.0,,,,,,,,,,,,,,,,,,,,,,,,,,,,,,,,,,,,,,,,,,,
orachi_,doogile,2,"{'total': 0, '3c8757790ab0400b8b9e3936e0dd535b': 0, '56714245be364bd1a469d0853552c109': 0}","{'total': 0, '3c8757790ab0400b8b9e3936e0dd535b': 0, '56714245be364bd1a469d0853552c109': 0}",,,,,,0.0,,,0.0,,,,,,,,,,,,,,,,,,,,,,,,,,,,,,,,,,,,,,,,,,
orachi_,Ancoboyy,2,"{'total': 0, 'bc80af38933f4ae19b0494681a54422b': 0, '56714245be364bd1a469d0853552c109': 0}","{'total': 0, 'bc80af38933f4ae19b0494681a54422b': 0, '56714245be364bd1a469d0853552c109': 0}",,,,,,0.0,,,,0.0,,,,,,,,,,,,,,,,,,,,,,,,,,,,,,,,,,,,,,,,,
orachi_,pulsar32,2,"{'total': 0, '56714245be364bd1a469d0853552c109': 0, '4863326cccf043ecbb8ff88628bed781': 0}","{'total': 0, '56714245be364bd1a469d0853552c109': 0, '4863326cccf043ecbb8ff88628bed781': 0}",,,,,,0.0,,,,,0.0,,,,,,,,,,,,,,,,,,,,,,,,,,,,,,,,,,,,,,,,
orachi_,Ranik_,2,"{'total': 0, '5ee577fdc1af45d3a6fb3e086cc293fb': 0, '56714245be364bd1a469d0853552c109': 0}","{'total': 0, '5ee577fdc1af45d3a6fb3e086cc293fb': 0, '56714245be364bd1a469d0853552c109': 0}",,,,,,0.0,,,,,,0.0,,,,,,,,,,,,,,,,,,,,,,,,,,,,,,,,,,,,,,,
orachi_,MoleyG,2,"{'total': 2, '56714245be364bd1a469d0853552c109': 1, 'fa1bec35058546c98f9279f8be7cf9bc': 1}","{'total': 0, '56714245be364bd1a469d0853552c109': 0, 'fa1bec35058546c98f9279f8be7cf9bc': 0}",,,,,,-3.0,,,,,,,3.0,,,,,,,,,,,,,,,,,,,,,,,,,,,,,,,,,,,,,,
orachi_,CroProYT,2,"{'total': 0, '4129d8d1aafb4e73b97b9999db248060': 0, '56714245be364bd1a469d0853552c109': 0}","{'total': 0, '4129d8d1aafb4e73b97b9999db248060': 0, '56714245be364bd1a469d0853552c109': 0}",,,,,,0.0,,,,,,,,0.0,,,,,,,,,,,,,,,,,,,,,,,,,,,,,,,,,,,,,
orachi_,AutomattPL,2,"{'total': 0, 'fa61606e8131484c8dee506d1ff9a8dc': 0, '56714245be364bd1a469d0853552c109': 0}","{'total': 0, 'fa61606e8131484c8dee506d1ff9a8dc': 0, '56714245be364bd1a469d0853552c109': 0}",,,,,,0.0,,,,,,,,,0.0,,,,,,,,,,,,,,,,,,,,,,,,,,,,,,,,,,,,
orachi_,Dylqn,2,"{'total': 0, '2f59967f6a7841ab840e2cb032589a04': 0, '56714245be364bd1a469d0853552c109': 0}","{'total': 0, '2f59967f6a7841ab840e2cb032589a04': 0, '56714245be364bd1a469d0853552c109': 0}",,,,,,0.0,,,,,,,,,,0.0,,,,,,,,,,,,,,,,,,,,,,,,,,,,,,,,,,,
lowk3y_,7rowl,2,"{'total': 3, '70eb9286e3e24153a8b37c8f884f1292': 1, '7665f76f431b41c6b321bea16aff913b': 2}","{'total': 0, '70eb9286e3e24153a8b37c8f884f1292': 0, '7665f76f431b41c6b321bea16aff913b': 0}",,,,,,,15.0,-15.0,,,,,,,,,,,,,,,,,,,,,,,,,,,,,,,,,,,,,,,,,,,
lowk3y_,doogile,2,"{'total': 0, '3c8757790ab0400b8b9e3936e0dd535b': 0, '7665f76f431b41c6b321bea16aff913b': 0}","{'total': 0, '3c8757790ab0400b8b9e3936e0dd535b': 0, '7665f76f431b41c6b321bea16aff913b': 0}",,,,,,,0.0,,0.0,,,,,,,,,,,,,,,,,,,,,,,,,,,,,,,,,,,,,,,,,,
lowk3y_,Ancoboyy,2,"{'total': 0, 'bc80af38933f4ae19b0494681a54422b': 0, '7665f76f431b41c6b321bea16aff913b': 0}","{'total': 0, 'bc80af38933f4ae19b0494681a54422b': 0, '7665f76f431b41c6b321bea16aff913b': 0}",,,,,,,0.0,,,0.0,,,,,,,,,,,,,,,,,,,,,,,,,,,,,,,,,,,,,,,,,
lowk3y_,pulsar32,2,"{'total': 0, '7665f76f431b41c6b321bea16aff913b': 0, '4863326cccf043ecbb8ff88628bed781': 0}","{'total': 0, '7665f76f431b41c6b321bea16aff913b': 0, '4863326cccf043ecbb8ff88628bed781': 0}",,,,,,,0.0,,,,0.0,,,,,,,,,,,,,,,,,,,,,,,,,,,,,,,,,,,,,,,,
lowk3y_,Ranik_,2,"{'total': 0, '5ee577fdc1af45d3a6fb3e086cc293fb': 0, '7665f76f431b41c6b321bea16aff913b': 0}","{'total': 0, '5ee577fdc1af45d3a6fb3e086cc293fb': 0, '7665f76f431b41c6b321bea16aff913b': 0}",,,,,,,0.0,,,,,0.0,,,,,,,,,,,,,,,,,,,,,,,,,,,,,,,,,,,,,,,
lowk3y_,MoleyG,2,"{'total': 0, 'fa1bec35058546c98f9279f8be7cf9bc': 0, '7665f76f431b41c6b321bea16aff913b': 0}","{'total': 0, 'fa1bec35058546c98f9279f8be7cf9bc': 0, '7665f76f431b41c6b321bea16aff913b': 0}",,,,,,,0.0,,,,,,0.0,,,,,,,,,,,,,,,,,,,,,,,,,,,,,,,,,,,,,,
lowk3y_,CroProYT,2,"{'total': 0, '4129d8d1aafb4e73b97b9999db248060': 0, '7665f76f431b41c6b321bea16aff913b': 0}","{'total': 0, '4129d8d1aafb4e73b97b9999db248060': 0, '7665f76f431b41c6b321bea16aff913b': 0}",,,,,,,0.0,,,,,,,0.0,,,,,,,,,,,,,,,,,,,,,,,,,,,,,,,,,,,,,
lowk3y_,AutomattPL,2,"{'total': 0, 'fa61606e8131484c8dee506d1ff9a8dc': 0, '7665f76f431b41c6b321bea16aff913b': 0}","{'total': 0, 'fa61606e8131484c8dee506d1ff9a8dc': 0, '7665f76f431b41c6b321bea16aff913b': 0}",,,,,,,0.0,,,,,,,,0.0,,,,,,,,,,,,,,,,,,,,,,,,,,,,,,,,,,,,
lowk3y_,Dylqn,2,"{'total': 0, '2f59967f6a7841ab840e2cb032589a04': 0, '7665f76f431b41c6b321bea16aff913b': 0}","{'total': 0, '2f59967f6a7841ab840e2cb032589a04': 0, '7665f76f431b41c6b321bea16aff913b': 0}",,,,,,,0.0,,,,,,,,,0.0,,,,,,,,,,,,,,,,,,,,,,,,,,,,,,,,,,,
7rowl,doogile,2,"{'total': 3, '3c8757790ab0400b8b9e3936e0dd535b': 1, '70eb9286e3e24153a8b37c8f884f1292': 2}","{'total': 0, '3c8757790ab0400b8b9e3936e0dd535b': 0, '70eb9286e3e24153a8b37c8f884f1292': 0}",,,,,,,,32.0,-32.0,,,,,,,,,,,,,,,,,,,,,,,,,,,,,,,,,,,,,,,,,,
7rowl,Ancoboyy,2,"{'total': 16, '70eb9286e3e24153a8b37c8f884f1292': 12, 'bc80af38933f4ae19b0494681a54422b': 4}","{'total': 0, '70eb9286e3e24153a8b37c8f884f1292': 0, 'bc80af38933f4ae19b0494681a54422b': 0}",,,,,,,,135.0,,-135.0,,,,,,,,,,,,,,,,,,,,,,,,,,,,,,,,,,,,,,,,,
7rowl,pulsar32,2,"{'total': 0, '70eb9286e3e24153a8b37c8f884f1292': 0, '4863326cccf043ecbb8ff88628bed781': 0}","{'total': 0, '70eb9286e3e24153a8b37c8f884f1292': 0, '4863326cccf043ecbb8ff88628bed781': 0}",,,,,,,,0.0,,,0.0,,,,,,,,,,,,,,,,,,,,,,,,,,,,,,,,,,,,,,,,
7rowl,Ranik_,2,"{'total': 15, '5ee577fdc1af45d3a6fb3e086cc293fb': 2, '70eb9286e3e24153a8b37c8f884f1292': 13}","{'total': 0, '5ee577fdc1af45d3a6fb3e086cc293fb': 0, '70eb9286e3e24153a8b37c8f884f1292': 0}",,,,,,,,178.0,,,,-178.0,,,,,,,,,,,,,,,,,,,,,,,,,,,,,,,,,,,,,,,
7rowl,MoleyG,2,"{'total': 0, '70eb9286e3e24153a8b37c8f884f1292': 0, 'fa1bec35058546c98f9279f8be7cf9bc': 0}","{'total': 0, '70eb9286e3e24153a8b37c8f884f1292': 0, 'fa1bec35058546c98f9279f8be7cf9bc': 0}",,,,,,,,0.0,,,,,0.0,,,,,,,,,,,,,,,,,,,,,,,,,,,,,,,,,,,,,,
7rowl,CroProYT,2,"{'total': 0, '70eb9286e3e24153a8b37c8f884f1292': 0, '4129d8d1aafb4e73b97b9999db248060': 0}","{'total': 0, '70eb9286e3e24153a8b37c8f884f1292': 0, '4129d8d1aafb4e73b97b9999db248060': 0}",,,,,,,,0.0,,,,,,0.0,,,,,,,,,,,,,,,,,,,,,,,,,,,,,,,,,,,,,
7rowl,AutomattPL,2,"{'total': 0, '70eb9286e3e24153a8b37c8f884f1292': 0, 'fa61606e8131484c8dee506d1ff9a8dc': 0}","{'total': 0, '70eb9286e3e24153a8b37c8f884f1292': 0, 'fa61606e8131484c8dee506d1ff9a8dc': 0}",,,,,,,,0.0,,,,,,,0.0,,,,,,,,,,,,,,,,,,,,,,,,,,,,,,,,,,,,
7rowl,Dylqn,2,"{'total': 0, '70eb9286e3e24153a8b37c8f884f1292': 0, '2f59967f6a7841ab840e2cb032589a04': 0}","{'total': 0, '70eb9286e3e24153a8b37c8f884f1292': 0, '2f59967f6a7841ab840e2cb032589a04': 0}",,,,,,,,0.0,,,,,,,,0.0,,,,,,,,,,,,,,,,,,,,,,,,,,,,,,,,,,,
doogile,Ancoboyy,2,"{'total': 3, '3c8757790ab0400b8b9e3936e0dd535b': 1, 'bc80af38933f4ae19b0494681a54422b': 2}","{'total': 0, '3c8757790ab0400b8b9e3936e0dd535b': 0, 'bc80af38933f4ae19b0494681a54422b': 0}",,,,,,,,,-50.0,50.0,,,,,,,,,,,,,,,,,,,,,,,,,,,,,,,,,,,,,,,,,
doogile,pulsar32,2,"{'total': 0, '3c8757790ab0400b8b9e3936e0dd535b': 0, '4863326cccf043ecbb8ff88628bed781': 0}","{'total': 0, '3c8757790ab0400b8b9e3936e0dd535b': 0, '4863326cccf043ecbb8ff88628bed781': 0}",,,,,,,,,0.0,,0.0,,,,,,,,,,,,,,,,,,,,,,,,,,,,,,,,,,,,,,,,
doogile,Ranik_,2,"{'total': 4, '3c8757790ab0400b8b9e3936e0dd535b': 2, '5ee577fdc1af45d3a6fb3e086cc293fb': 1}","{'total': 0, '3c8757790ab0400b8b9e3936e0dd535b': 0, '5ee577fdc1af45d3a6fb3e086cc293fb': 0}",,,,,,,,,-9.0,,,9.0,,,,,,,,,,,,,,,,,,,,,,,,,,,,,,,,,,,,,,,
doogile,MoleyG,2,"{'total': 0, 'fa1bec35058546c98f9279f8be7cf9bc': 0, '3c8757790ab0400b8b9e3936e0dd535b': 0}","{'total': 0, 'fa1bec35058546c98f9279f8be7cf9bc': 0, '3c8757790ab0400b8b9e3936e0dd535b': 0}",,,,,,,,,0.0,,,,0.0,,,,,,,,,,,,,,,,,,,,,,,,,,,,,,,,,,,,,,
doogile,CroProYT,2,"{'total': 0, '4129d8d1aafb4e73b97b9999db248060': 0, '3c8757790ab0400b8b9e3936e0dd535b': 0}","{'total': 0, '4129d8d1aafb4e73b97b9999db248060': 0, '3c8757790ab0400b8b9e3936e0dd535b': 0}",,,,,,,,,0.0,,,,,0.0,,,,,,,,,,,,,,,,,,,,,,,,,,,,,,,,,,,,,
doogile,AutomattPL,2,"{'total': 0, 'fa61606e8131484c8dee506d1ff9a8dc': 0, '3c8757790ab0400b8b9e3936e0dd535b': 0}","{'total': 0, 'fa61606e8131484c8dee506d1ff9a8dc': 0, '3c8757790ab0400b8b9e3936e0dd535b': 0}",,,,,,,,,0.0,,,,,,0.0,,,,,,,,,,,,,,,,,,,,,,,,,,,,,,,,,,,,
doogile,Dylqn,2,"{'total': 0, '2f59967f6a7841ab840e2cb032589a04': 0, '3c8757790ab0400b8b9e3936e0dd535b': 0}","{'total': 0, '2f59967f6a7841ab840e2cb032589a04': 0, '3c8757790ab0400b8b9e3936e0dd535b': 0}",,,,,,,,,0.0,,,,,,,0.0,,,,,,,,,,,,,,,,,,,,,,,,,,,,,,,,,,,
Ancoboyy,pulsar32,2,"{'total': 0, 'bc80af38933f4ae19b0494681a54422b': 0, '4863326cccf043ecbb8ff88628bed781': 0}","{'total': 0, 'bc80af38933f4ae19b0494681a54422b': 0, '4863326cccf043ecbb8ff88628bed781': 0}",,,,,,,,,,0.0,0.0,,,,,,,,,,,,,,,,,,,,,,,,,,,,,,,,,,,,,,,,
Ancoboyy,Ranik_,2,"{'total': 16, '5ee577fdc1af45d3a6fb3e086cc293fb': 1, 'bc80af38933f4ae19b0494681a54422b': 15}","{'total': 0, '5ee577fdc1af45d3a6fb3e086cc293fb': 0, 'bc80af38933f4ae19b0494681a54422b': 0}",,,,,,,,,,207.0,,-207.0,,,,,,,,,,,,,,,,,,,,,,,,,,,,,,,,,,,,,,,
Ancoboyy,MoleyG,2,"{'total': 1, 'bc80af38933f4ae19b0494681a54422b': 1, 'fa1bec35058546c98f9279f8be7cf9bc': 0}","{'total': 0, 'bc80af38933f4ae19b0494681a54422b': 0, 'fa1bec35058546c98f9279f8be7cf9bc': 0}",,,,,,,,,,14.0,,,-14.0,,,,,,,,,,,,,,,,,,,,,,,,,,,,,,,,,,,,,,
Ancoboyy,CroProYT,2,"{'total': 0, 'bc80af38933f4ae19b0494681a54422b': 0, '4129d8d1aafb4e73b97b9999db248060': 0}","{'total': 0, 'bc80af38933f4ae19b0494681a54422b': 0, '4129d8d1aafb4e73b97b9999db248060': 0}",,,,,,,,,,0.0,,,,0.0,,,,,,,,,,,,,,,,,,,,,,,,,,,,,,,,,,,,,
Ancoboyy,AutomattPL,2,"{'total': 0, 'bc80af38933f4ae19b0494681a54422b': 0, 'fa61606e8131484c8dee506d1ff9a8dc': 0}","{'total': 0, 'bc80af38933f4ae19b0494681a54422b': 0, 'fa61606e8131484c8dee506d1ff9a8dc': 0}",,,,,,,,,,0.0,,,,,0.0,,,,,,,,,,,,,,,,,,,,,,,,,,,,,,,,,,,,
Ancoboyy,Dylqn,2,"{'total': 0, 'bc80af38933f4ae19b0494681a54422b': 0, '2f59967f6a7841ab840e2cb032589a04': 0}","{'total': 0, 'bc80af38933f4ae19b0494681a54422b': 0, '2f59967f6a7841ab840e2cb032589a04': 0}",,,,,,,,,,0.0,,,,,,0.0,,,,,,,,,,,,,,,,,,,,,,,,,,,,,,,,,,,
pulsar32,Ranik_,2,"{'total': 0, '5ee577fdc1af45d3a6fb3e086cc293fb': 0, '4863326cccf043ecbb8ff88628bed781': 0}","{'total': 0, '5ee577fdc1af45d3a6fb3e086cc293fb': 0, '4863326cccf043ecbb8ff88628bed781': 0}",,,,,,,,,,,0.0,0.0,,,,,,,,,,,,,,,,,,,,,,,,,,,,,,,,,,,,,,,
pulsar32,MoleyG,2,"{'total': 0, 'fa1bec35058546c98f9279f8be7cf9bc': 0, '4863326cccf043ecbb8ff88628bed781': 0}","{'total': 0, 'fa1bec35058546c98f9279f8be7cf9bc': 0, '4863326cccf043ecbb8ff88628bed781': 0}",,,,,,,,,,,0.0,,0.0,,,,,,,,,,,,,,,,,,,,,,,,,,,,,,,,,,,,,,
pulsar32,CroProYT,2,"{'total': 0, '4129d8d1aafb4e73b97b9999db248060': 0, '4863326cccf043ecbb8ff88628bed781': 0}","{'total': 0, '4129d8d1aafb4e73b97b9999db248060': 0, '4863326cccf043ecbb8ff88628bed781': 0}",,,,,,,,,,,0.0,,,0.0,,,,,,,,,,,,,,,,,,,,,,,,,,,,,,,,,,,,,
pulsar32,AutomattPL,2,"{'total': 0, 'fa61606e8131484c8dee506d1ff9a8dc': 0, '4863326cccf043ecbb8ff88628bed781': 0}","{'total': 0, 'fa61606e8131484c8dee506d1ff9a8dc': 0, '4863326cccf043ecbb8ff88628bed781': 0}",,,,,,,,,,,0.0,,,,0.0,,,,,,,,,,,,,,,,,,,,,,,,,,,,,,,,,,,,
pulsar32,Dylqn,2,"{'total': 0, '2f59967f6a7841ab840e2cb032589a04': 0, '4863326cccf043ecbb8ff88628bed781': 0}","{'total': 0, '2f59967f6a7841ab840e2cb032589a04': 0, '4863326cccf043ecbb8ff88628bed781': 0}",,,,,,,,,,,0.0,,,,,0.0,,,,,,,,,,,,,,,,,,,,,,,,,,,,,,,,,,,
Ranik_,MoleyG,2,"{'total': 3, '5ee577fdc1af45d3a6fb3e086cc293fb': 2, 'fa1bec35058546c98f9279f8be7cf9bc': 1}","{'total': 0, '5ee577fdc1af45d3a6fb3e086cc293fb': 0, 'fa1bec35058546c98f9279f8be7cf9bc': 0}",,,,,,,,,,,,8.0,-8.0,,,,,,,,,,,,,,,,,,,,,,,,,,,,,,,,,,,,,,
Ranik_,CroProYT,2,"{'total': 0, '4129d8d1aafb4e73b97b9999db248060': 0, '5ee577fdc1af45d3a6fb3e086cc293fb': 0}","{'total': 0, '4129d8d1aafb4e73b97b9999db248060': 0, '5ee577fdc1af45d3a6fb3e086cc293fb': 0}",,,,,,,,,,,,0.0,,0.0,,,,,,,,,,,,,,,,,,,,,,,,,,,,,,,,,,,,,
Ranik_,AutomattPL,2,"{'total': 0, 'fa61606e8131484c8dee506d1ff9a8dc': 0, '5ee577fdc1af45d3a6fb3e086cc293fb': 0}","{'total': 0, 'fa61606e8131484c8dee506d1ff9a8dc': 0, '5ee577fdc1af45d3a6fb3e086cc293fb': 0}",,,,,,,,,,,,0.0,,,0.0,,,,,,,,,,,,,,,,,,,,,,,,,,,,,,,,,,,,
Ranik_,Dylqn,2,"{'total': 0, '2f59967f6a7841ab840e2cb032589a04': 0, '5ee577fdc1af45d3a6fb3e086cc293fb': 0}","{'total': 0, '2f59967f6a7841ab840e2cb032589a04': 0, '5ee577fdc1af45d3a6fb3e086cc293fb': 0}",,,,,,,,,,,,0.0,,,,0.0,,,,,,,,,,,,,,,,,,,,,,,,,,,,,,,,,,,
MoleyG,CroProYT,2,"{'total': 1, '4129d8d1aafb4e73b97b9999db248060': 1, 'fa1bec35058546c98f9279f8be7cf9bc': 0}","{'total': 0, '4129d8d1aafb4e73b97b9999db248060': 0, 'fa1bec35058546c98f9279f8be7cf9bc': 0}",,,,,,,,,,,,,-19.0,19.0,,,,,,,,,,,,,,,,,,,,,,,,,,,,,,,,,,,,,
MoleyG,AutomattPL,2,"{'total': 0, 'fa61606e8131484c8dee506d1ff9a8dc': 0, 'fa1bec35058546c98f9279f8be7cf9bc': 0}","{'total': 0, 'fa61606e8131484c8dee506d1ff9a8dc': 0, 'fa1bec35058546c98f9279f8be7cf9bc': 0}",,,,,,,,,,,,,0.0,,0.0,,,,,,,,,,,,,,,,,,,,,,,,,,,,,,,,,,,,
MoleyG,Dylqn,2,"{'total': 0, '2f59967f6a7841ab840e2cb032589a04': 0, 'fa1bec35058546c98f9279f8be7cf9bc': 0}","{'total': 0, '2f59967f6a7841ab840e2cb032589a04': 0, 'fa1bec35058546c98f9279f8be7cf9bc': 0}",,,,,,,,,,,,,0.0,,,0.0,,,,,,,,,,,,,,,,,,,,,,,,,,,,,,,,,,,
CroProYT,AutomattPL,2,"{'total': 0, 'fa61606e8131484c8dee506d1ff9a8dc': 0, '4129d8d1aafb4e73b97b9999db248060': 0}","{'total': 0, 'fa61606e8131484c8dee506d1ff9a8dc': 0, '4129d8d1aafb4e73b97b9999db248060': 0}",,,,,,,,,,,,,,0.0,0.0,,,,,,,,,,,,,,,,,,,,,,,,,,,,,,,,,,,,
CroProYT,Dylqn,2,"{'total': 0, '4129d8d1aafb4e73b97b9999db248060': 0, '2f59967f6a7841ab840e2cb032589a04': 0}","{'total': 0, '4129d8d1aafb4e73b97b9999db248060': 0, '2f59967f6a7841ab840e2cb032589a04': 0}",,,,,,,,,,,,,,0.0,,0.0,,,,,,,,,,,,,,,,,,,,,,,,,,,,,,,,,,,
AutomattPL,Dylqn,2,"{'total': 0, 'fa61606e8131484c8dee506d1ff9a8dc': 0, '2f59967f6a7841ab840e2cb032589a04': 0}","{'total': 0, 'fa61606e8131484c8dee506d1ff9a8dc': 0, '2f59967f6a7841ab840e2cb032589a04': 0}",,,,,,,,,,,,,,,0.0,0.0,,,,,,,,,,,,,,,,,,,,,,,,,,,,,,,,,,,
lowk3y_,CroProYT,2,"{'total': 0, '4129d8d1aafb4e73b97b9999db248060': 0, '7665f76f431b41c6b321bea16aff913b': 0}","{'total': 0, '4129d8d1aafb4e73b97b9999db248060': 0, '7665f76f431b41c6b321bea16aff913b': 0}",,,,,,,0.0,,,,,,,0.0,,,,,,,,,,,,,,,,,,,,,,,,,,,,,,,,,,,,,
lowk3y_,dandannyboy,2,"{'total': 3, '7665f76f431b41c6b321bea16aff913b': 2, 'e4808bc3e1e347988cbb59b55d723e0f': 1}","{'total': 0, '7665f76f431b41c6b321bea16aff913b': 0, 'e4808bc3e1e347988cbb59b55d723e0f': 0}",,-22.0,,,,,22.0,,,,,,,,,,,,,,,,,,,,,,,,,,,,,,,,,,,,,,,,,,,,
lowk3y_,doogile,2,"{'total': 0, '3c8757790ab0400b8b9e3936e0dd535b': 0, '7665f76f431b41c6b321bea16aff913b': 0}","{'total': 0, '3c8757790ab0400b8b9e3936e0dd535b': 0, '7665f76f431b41c6b321bea16aff913b': 0}",,,,,,,0.0,,0.0,,,,,,,,,,,,,,,,,,,,,,,,,,,,,,,,,,,,,,,,,,
lowk3y_,7rowl,2,"{'total': 3, '70eb9286e3e24153a8b37c8f884f1292': 1, '7665f76f431b41c6b321bea16aff913b': 2}","{'total': 0, '70eb9286e3e24153a8b37c8f884f1292': 0, '7665f76f431b41c6b321bea16aff913b': 0}",,,,,,,15.0,-15.0,,,,,,,,,,,,,,,,,,,,,,,,,,,,,,,,,,,,,,,,,,,
lowk3y_,kW1st,2,"{'total': 0, '4427794ee7ad48bc9b53c156fa4092e1': 0, '7665f76f431b41c6b321bea16aff913b': 0}","{'total': 0, '4427794ee7ad48bc9b53c156fa4092e1': 0, '7665f76f431b41c6b321bea16aff913b': 0}",,,,,,,0.0,,,,,,,,,,0.0,,,,,,,,,,,,,,,,,,,,,,,,,,,,,,,,,,
lowk3y_,priffie,2,"{'total': 0, '7665f76f431b41c6b321bea16aff913b': 0, 'af22aaab9ee74596a3578bd6345d25b5': 0}","{'total': 0, '7665f76f431b41c6b321bea16aff913b': 0, 'af22aaab9ee74596a3578bd6345d25b5': 0}",,,,,0.0,,0.0,,,,,,,,,,,,,,,,,,,,,,,,,,,,,,,,,,,,,,,,,,,,
lowk3y_,dwoh,2,"{'total': 1, '3910d98bea254b488a10d6e91e469f7e': 0, '7665f76f431b41c6b321bea16aff913b': 1}","{'total': 0, '3910d98bea254b488a10d6e91e469f7e': 0, '7665f76f431b41c6b321bea16aff913b': 0}",,,,,,,14.0,,,,,,,,,,,-14.0,,,,,,,,,,,,,,,,,,,,,,,,,,,,,,,,,
lowk3y_,silverrruns,2,"{'total': 0, '7665f76f431b41c6b321bea16aff913b': 0, '17e787d1d6374f818b294f2319db370d': 0}","{'total': 0, '7665f76f431b41c6b321bea16aff913b': 0, '17e787d1d6374f818b294f2319db370d': 0}",0.0,,,,,,0.0,,,,,,,,,,,,,,,,,,,,,,,,,,,,,,,,,,,,,,,,,,,,
lowk3y_,Emillk,2,"{'total': 0, '99aa9e0e8034479a90259e244dfb9029': 0, '7665f76f431b41c6b321bea16aff913b': 0}","{'total': 0, '99aa9e0e8034479a90259e244dfb9029': 0, '7665f76f431b41c6b321bea16aff913b': 0}",,,,,,,0.0,,,,,,,,,,,,0.0,,,,,,,,,,,,,,,,,,,,,,,,,,,,,,,,
lowk3y_,bing_pigs,2,"{'total': 11, '7665f76f431b41c6b321bea16aff913b': 7, '92b63a39b36a445fa94c77ae212dcea3': 4}","{'total': 0, '7665f76f431b41c6b321bea16aff913b': 0, '92b63a39b36a445fa94c77ae212dcea3': 0}",,,,,,,121.0,,,,,,,,,,,,,-121.0,,,,,,,,,,,,,,,,,,,,,,,,,,,,,,,
lowk3y_,drx6,2,"{'total': 0, '736dbdc44a3e452fa489f5344565835e': 0, '7665f76f431b41c6b321bea16aff913b': 0}","{'total': 0, '736dbdc44a3e452fa489f5344565835e': 0, '7665f76f431b41c6b321bea16aff913b': 0}",,,,,,,0.0,,,,,,,,,,,,,,0.0,,,,,,,,,,,,,,,,,,,,,,,,,,,,,,
lowk3y_,Ancoboyy,2,"{'total': 0, 'bc80af38933f4ae19b0494681a54422b': 0, '7665f76f431b41c6b321bea16aff913b': 0}","{'total': 0, 'bc80af38933f4ae19b0494681a54422b': 0, '7665f76f431b41c6b321bea16aff913b': 0}",,,,,,,0.0,,,0.0,,,,,,,,,,,,,,,,,,,,,,,,,,,,,,,,,,,,,,,,,
lowk3y_,Ranik_,2,"{'total': 0, '5ee577fdc1af45d3a6fb3e086cc293fb': 0, '7665f76f431b41c6b321bea16aff913b': 0}","{'total': 0, '5ee577fdc1af45d3a6fb3e086cc293fb': 0, '7665f76f431b41c6b321bea16aff913b': 0}",,,,,,,0.0,,,,,0.0,,,,,,,,,,,,,,,,,,,,,,,,,,,,,,,,,,,,,,,
lowk3y_,Oxidiot,2,"{'total': 0, '562a308be86c4ec09438387860e792cc': 0, '7665f76f431b41c6b321bea16aff913b': 0}","{'total': 0, '562a308be86c4ec09438387860e792cc': 0, '7665f76f431b41c6b321bea16aff913b': 0}",,,0.0,,,,0.0,,,,,,,,,,,,,,,,,,,,,,,,,,,,,,,,,,,,,,,,,,,,
lowk3y_,AutomattPL,2,"{'total': 0, 'fa61606e8131484c8dee506d1ff9a8dc': 0, '7665f76f431b41c6b321bea16aff913b': 0}","{'total': 0, 'fa61606e8131484c8dee506d1ff9a8dc': 0, '7665f76f431b41c6b321bea16aff913b': 0}",,,,,,,0.0,,,,,,,,0.0,,,,,,,,,,,,,,,,,,,,,,,,,,,,,,,,,,,,
CroProYT,dandannyboy,2,"{'total': 0, '4129d8d1aafb4e73b97b9999db248060': 0, 'e4808bc3e1e347988cbb59b55d723e0f': 0}","{'total': 0, '4129d8d1aafb4e73b97b9999db248060': 0, 'e4808bc3e1e347988cbb59b55d723e0f': 0}",,0.0,,,,,,,,,,,,0.0,,,,,,,,,,,,,,,,,,,,,,,,,,,,,,,,,,,,,
CroProYT,doogile,2,"{'total': 0, '4129d8d1aafb4e73b97b9999db248060': 0, '3c8757790ab0400b8b9e3936e0dd535b': 0}","{'total': 0, '4129d8d1aafb4e73b97b9999db248060': 0, '3c8757790ab0400b8b9e3936e0dd535b': 0}",,,,,,,,,0.0,,,,,0.0,,,,,,,,,,,,,,,,,,,,,,,,,,,,,,,,,,,,,
CroProYT,7rowl,2,"{'total': 0, '70eb9286e3e24153a8b37c8f884f1292': 0, '4129d8d1aafb4e73b97b9999db248060': 0}","{'total': 0, '70eb9286e3e24153a8b37c8f884f1292': 0, '4129d8d1aafb4e73b97b9999db248060': 0}",,,,,,,,0.0,,,,,,0.0,,,,,,,,,,,,,,,,,,,,,,,,,,,,,,,,,,,,,
CroProYT,kW1st,2,"{'total': 0, '4129d8d1aafb4e73b97b9999db248060': 0, '4427794ee7ad48bc9b53c156fa4092e1': 0}","{'total': 0, '4129d8d1aafb4e73b97b9999db248060': 0, '4427794ee7ad48bc9b53c156fa4092e1': 0}",,,,,,,,,,,,,,0.0,,,0.0,,,,,,,,,,,,,,,,,,,,,,,,,,,,,,,,,,
CroProYT,priffie,2,"{'total': 0, '4129d8d1aafb4e73b97b9999db248060': 0, 'af22aaab9ee74596a3578bd6345d25b5': 0}","{'total': 0, '4129d8d1aafb4e73b97b9999db248060': 0, 'af22aaab9ee74596a3578bd6345d25b5': 0}",,,,,0.0,,,,,,,,,0.0,,,,,,,,,,,,,,,,,,,,,,,,,,,,,,,,,,,,,
CroProYT,dwoh,2,"{'total': 0, '4129d8d1aafb4e73b97b9999db248060': 0, '3910d98bea254b488a10d6e91e469f7e': 0}","{'total': 0, '4129d8d1aafb4e73b97b9999db248060': 0, '3910d98bea254b488a10d6e91e469f7e': 0}",,,,,,,,,,,,,,0.0,,,,0.0,,,,,,,,,,,,,,,,,,,,,,,,,,,,,,,,,
CroProYT,silverrruns,2,"{'total': 0, '4129d8d1aafb4e73b97b9999db248060': 0, '17e787d1d6374f818b294f2319db370d': 0}","{'total': 0, '4129d8d1aafb4e73b97b9999db248060': 0, '17e787d1d6374f818b294f2319db370d': 0}",0.0,,,,,,,,,,,,,0.0,,,,,,,,,,,,,,,,,,,,,,,,,,,,,,,,,,,,,
CroProYT,Emillk,2,"{'total': 0, '4129d8d1aafb4e73b97b9999db248060': 0, '99aa9e0e8034479a90259e244dfb9029': 0}","{'total': 0, '4129d8d1aafb4e73b97b9999db248060': 0, '99aa9e0e8034479a90259e244dfb9029': 0}",,,,,,,,,,,,,,0.0,,,,,0.0,,,,,,,,,,,,,,,,,,,,,,,,,,,,,,,,
CroProYT,bing_pigs,2,"{'total': 0, '4129d8d1aafb4e73b97b9999db248060': 0, '92b63a39b36a445fa94c77ae212dcea3': 0}","{'total': 0, '4129d8d1aafb4e73b97b9999db248060': 0, '92b63a39b36a445fa94c77ae212dcea3': 0}",,,,,,,,,,,,,,0.0,,,,,,0.0,,,,,,,,,,,,,,,,,,,,,,,,,,,,,,,
CroProYT,drx6,2,"{'total': 0, '4129d8d1aafb4e73b97b9999db248060': 0, '736dbdc44a3e452fa489f5344565835e': 0}","{'total': 0, '4129d8d1aafb4e73b97b9999db248060': 0, '736dbdc44a3e452fa489f5344565835e': 0}",,,,,,,,,,,,,,0.0,,,,,,,0.0,,,,,,,,,,,,,,,,,,,,,,,,,,,,,,
CroProYT,Ancoboyy,2,"{'total': 0, 'bc80af38933f4ae19b0494681a54422b': 0, '4129d8d1aafb4e73b97b9999db248060': 0}","{'total': 0, 'bc80af38933f4ae19b0494681a54422b': 0, '4129d8d1aafb4e73b97b9999db248060': 0}",,,,,,,,,,0.0,,,,0.0,,,,,,,,,,,,,,,,,,,,,,,,,,,,,,,,,,,,,
CroProYT,Ranik_,2,"{'total': 0, '4129d8d1aafb4e73b97b9999db248060': 0, '5ee577fdc1af45d3a6fb3e086cc293fb': 0}","{'total': 0, '4129d8d1aafb4e73b97b9999db248060': 0, '5ee577fdc1af45d3a6fb3e086cc293fb': 0}",,,,,,,,,,,,0.0,,0.0,,,,,,,,,,,,,,,,,,,,,,,,,,,,,,,,,,,,,
CroProYT,Oxidiot,2,"{'total': 1, '4129d8d1aafb4e73b97b9999db248060': 0, '562a308be86c4ec09438387860e792cc': 0}","{'total': 0, '4129d8d1aafb4e73b97b9999db248060': 0, '562a308be86c4ec09438387860e792cc': 0}",,,-2.0,,,,,,,,,,,2.0,,,,,,,,,,,,,,,,,,,,,,,,,,,,,,,,,,,,,
CroProYT,AutomattPL,2,"{'total': 0, 'fa61606e8131484c8dee506d1ff9a8dc': 0, '4129d8d1aafb4e73b97b9999db248060': 0}","{'total': 0, 'fa61606e8131484c8dee506d1ff9a8dc': 0, '4129d8d1aafb4e73b97b9999db248060': 0}",,,,,,,,,,,,,,0.0,0.0,,,,,,,,,,,,,,,,,,,,,,,,,,,,,,,,,,,,
dandannyboy,doogile,2,"{'total': 2, '3c8757790ab0400b8b9e3936e0dd535b': 2, 'e4808bc3e1e347988cbb59b55d723e0f': 0}","{'total': 0, '3c8757790ab0400b8b9e3936e0dd535b': 0, 'e4808bc3e1e347988cbb59b55d723e0f': 0}",,-18.0,,,,,,,18.0,,,,,,,,,,,,,,,,,,,,,,,,,,,,,,,,,,,,,,,,,,
dandannyboy,7rowl,2,"{'total': 1, '70eb9286e3e24153a8b37c8f884f1292': 1, 'e4808bc3e1e347988cbb59b55d723e0f': 0}","{'total': 0, '70eb9286e3e24153a8b37c8f884f1292': 0, 'e4808bc3e1e347988cbb59b55d723e0f': 0}",,-14.0,,,,,,14.0,,,,,,,,,,,,,,,,,,,,,,,,,,,,,,,,,,,,,,,,,,,
dandannyboy,kW1st,2,"{'total': 0, 'e4808bc3e1e347988cbb59b55d723e0f': 0, '4427794ee7ad48bc9b53c156fa4092e1': 0}","{'total': 0, 'e4808bc3e1e347988cbb59b55d723e0f': 0, '4427794ee7ad48bc9b53c156fa4092e1': 0}",,0.0,,,,,,,,,,,,,,,0.0,,,,,,,,,,,,,,,,,,,,,,,,,,,,,,,,,,
dandannyboy,priffie,2,"{'total': 0, 'e4808bc3e1e347988cbb59b55d723e0f': 0, 'af22aaab9ee74596a3578bd6345d25b5': 0}","{'total': 0, 'e4808bc3e1e347988cbb59b55d723e0f': 0, 'af22aaab9ee74596a3578bd6345d25b5': 0}",,0.0,,,0.0,,,,,,,,,,,,,,,,,,,,,,,,,,,,,,,,,,,,,,,,,,,,,,
dandannyboy,dwoh,2,"{'total': 1, '3910d98bea254b488a10d6e91e469f7e': 1, 'e4808bc3e1e347988cbb59b55d723e0f': 0}","{'total': 0, '3910d98bea254b488a10d6e91e469f7e': 0, 'e4808bc3e1e347988cbb59b55d723e0f': 0}",,-20.0,,,,,,,,,,,,,,,,20.0,,,,,,,,,,,,,,,,,,,,,,,,,,,,,,,,,
dandannyboy,silverrruns,2,"{'total': 23, '17e787d1d6374f818b294f2319db370d': 14, 'e4808bc3e1e347988cbb59b55d723e0f': 8}","{'total': 0, '17e787d1d6374f818b294f2319db370d': 0, 'e4808bc3e1e347988cbb59b55d723e0f': 0}",37.0,-37.0,,,,,,,,,,,,,,,,,,,,,,,,,,,,,,,,,,,,,,,,,,,,,,,,,
dandannyboy,Emillk,2,"{'total': 0, '99aa9e0e8034479a90259e244dfb9029': 0, 'e4808bc3e1e347988cbb59b55d723e0f': 0}","{'total': 0, '99aa9e0e8034479a90259e244dfb9029': 0, 'e4808bc3e1e347988cbb59b55d723e0f': 0}",,0.0,,,,,,,,,,,,,,,,,0.0,,,,,,,,,,,,,,,,,,,,,,,,,,,,,,,,
dandannyboy,bing_pigs,2,"{'total': 3, '92b63a39b36a445fa94c77ae212dcea3': 2, 'e4808bc3e1e347988cbb59b55d723e0f': 1}","{'total': 0, '92b63a39b36a445fa94c77ae212dcea3': 0, 'e4808bc3e1e347988cbb59b55d723e0f': 0}",,-9.0,,,,,,,,,,,,,,,,,,9.0,,,,,,,,,,,,,,,,,,,,,,,,,,,,,,,
dandannyboy,drx6,2,"{'total': 4, '736dbdc44a3e452fa489f5344565835e': 2, 'e4808bc3e1e347988cbb59b55d723e0f': 2}","{'total': 0, '736dbdc44a3e452fa489f5344565835e': 0, 'e4808bc3e1e347988cbb59b55d723e0f': 0}",,3.0,,,,,,,,,,,,,,,,,,,-3.0,,,,,,,,,,,,,,,,,,,,,,,,,,,,,,
dandannyboy,Ancoboyy,2,"{'total': 0, 'bc80af38933f4ae19b0494681a54422b': 0, 'e4808bc3e1e347988cbb59b55d723e0f': 0}","{'total': 0, 'bc80af38933f4ae19b0494681a54422b': 0, 'e4808bc3e1e347988cbb59b55d723e0f': 0}",,0.0,,,,,,,,0.0,,,,,,,,,,,,,,,,,,,,,,,,,,,,,,,,,,,,,,,,,
dandannyboy,Ranik_,2,"{'total': 11, '5ee577fdc1af45d3a6fb3e086cc293fb': 5, 'e4808bc3e1e347988cbb59b55d723e0f': 6}","{'total': 0, '5ee577fdc1af45d3a6fb3e086cc293fb': 0, 'e4808bc3e1e347988cbb59b55d723e0f': 0}",,68.0,,,,,,,,,,-68.0,,,,,,,,,,,,,,,,,,,,,,,,,,,,,,,,,,,,,,,
dandannyboy,Oxidiot,2,"{'total': 0, '562a308be86c4ec09438387860e792cc': 0, 'e4808bc3e1e347988cbb59b55d723e0f': 0}","{'total': 0, '562a308be86c4ec09438387860e792cc': 0, 'e4808bc3e1e347988cbb59b55d723e0f': 0}",,0.0,0.0,,,,,,,,,,,,,,,,,,,,,,,,,,,,,,,,,,,,,,,,,,,,,,,,
dandannyboy,AutomattPL,2,"{'total': 0, 'fa61606e8131484c8dee506d1ff9a8dc': 0, 'e4808bc3e1e347988cbb59b55d723e0f': 0}","{'total': 0, 'fa61606e8131484c8dee506d1ff9a8dc': 0, 'e4808bc3e1e347988cbb59b55d723e0f': 0}",,0.0,,,,,,,,,,,,,0.0,,,,,,,,,,,,,,,,,,,,,,,,,,,,,,,,,,,,
doogile,7rowl,2,"{'total': 3, '3c8757790ab0400b8b9e3936e0dd535b': 1, '70eb9286e3e24153a8b37c8f884f1292': 2}","{'total': 0, '3c8757790ab0400b8b9e3936e0dd535b': 0, '70eb9286e3e24153a8b37c8f884f1292': 0}",,,,,,,,32.0,-32.0,,,,,,,,,,,,,,,,,,,,,,,,,,,,,,,,,,,,,,,,,,
doogile,kW1st,2,"{'total': 0, '3c8757790ab0400b8b9e3936e0dd535b': 0, '4427794ee7ad48bc9b53c156fa4092e1': 0}","{'total': 0, '3c8757790ab0400b8b9e3936e0dd535b': 0, '4427794ee7ad48bc9b53c156fa4092e1': 0}",,,,,,,,,0.0,,,,,,,,0.0,,,,,,,,,,,,,,,,,,,,,,,,,,,,,,,,,,
doogile,priffie,2,"{'total': 0, '3c8757790ab0400b8b9e3936e0dd535b': 0, 'af22aaab9ee74596a3578bd6345d25b5': 0}","{'total': 0, '3c8757790ab0400b8b9e3936e0dd535b': 0, 'af22aaab9ee74596a3578bd6345d25b5': 0}",,,,,0.0,,,,0.0,,,,,,,,,,,,,,,,,,,,,,,,,,,,,,,,,,,,,,,,,,
doogile,dwoh,2,"{'total': 0, '3c8757790ab0400b8b9e3936e0dd535b': 0, '3910d98bea254b488a10d6e91e469f7e': 0}","{'total': 0, '3c8757790ab0400b8b9e3936e0dd535b': 0, '3910d98bea254b488a10d6e91e469f7e': 0}",,,,,,,,,0.0,,,,,,,,,0.0,,,,,,,,,,,,,,,,,,,,,,,,,,,,,,,,,
doogile,silverrruns,2,"{'total': 15, '17e787d1d6374f818b294f2319db370d': 5, '3c8757790ab0400b8b9e3936e0dd535b': 9}","{'total': 0, '17e787d1d6374f818b294f2319db370d': 0, '3c8757790ab0400b8b9e3936e0dd535b': 0}",-35.0,,,,,,,,35.0,,,,,,,,,,,,,,,,,,,,,,,,,,,,,,,,,,,,,,,,,,
doogile,Emillk,2,"{'total': 0, '99aa9e0e8034479a90259e244dfb9029': 0, '3c8757790ab0400b8b9e3936e0dd535b': 0}","{'total': 0, '99aa9e0e8034479a90259e244dfb9029': 0, '3c8757790ab0400b8b9e3936e0dd535b': 0}",,,,,,,,,0.0,,,,,,,,,,0.0,,,,,,,,,,,,,,,,,,,,,,,,,,,,,,,,
doogile,bing_pigs,2,"{'total': 5, '3c8757790ab0400b8b9e3936e0dd535b': 3, '92b63a39b36a445fa94c77ae212dcea3': 2}","{'total': 0, '3c8757790ab0400b8b9e3936e0dd535b': 0, '92b63a39b36a445fa94c77ae212dcea3': 0}",,,,,,,,,4.0,,,,,,,,,,,-4.0,,,,,,,,,,,,,,,,,,,,,,,,,,,,,,,
doogile,drx6,2,"{'total': 0, '3c8757790ab0400b8b9e3936e0dd535b': 0, '736dbdc44a3e452fa489f5344565835e': 0}","{'total': 0, '3c8757790ab0400b8b9e3936e0dd535b': 0, '736dbdc44a3e452fa489f5344565835e': 0}",,,,,,,,,0.0,,,,,,,,,,,,0.0,,,,,,,,,,,,,,,,,,,,,,,,,,,,,,
doogile,Ancoboyy,2,"{'total': 3, '3c8757790ab0400b8b9e3936e0dd535b': 1, 'bc80af38933f4ae19b0494681a54422b': 2}","{'total': 0, '3c8757790ab0400b8b9e3936e0dd535b': 0, 'bc80af38933f4ae19b0494681a54422b': 0}",,,,,,,,,-50.0,50.0,,,,,,,,,,,,,,,,,,,,,,,,,,,,,,,,,,,,,,,,,
doogile,Ranik_,2,"{'total': 4, '3c8757790ab0400b8b9e3936e0dd535b': 2, '5ee577fdc1af45d3a6fb3e086cc293fb': 1}","{'total': 0, '3c8757790ab0400b8b9e3936e0dd535b': 0, '5ee577fdc1af45d3a6fb3e086cc293fb': 0}",,,,,,,,,-9.0,,,9.0,,,,,,,,,,,,,,,,,,,,,,,,,,,,,,,,,,,,,,,
doogile,Oxidiot,2,"{'total': 2, '3c8757790ab0400b8b9e3936e0dd535b': 2, '562a308be86c4ec09438387860e792cc': 0}","{'total': 0, '3c8757790ab0400b8b9e3936e0dd535b': 0, '562a308be86c4ec09438387860e792cc': 0}",,,-25.0,,,,,,25.0,,,,,,,,,,,,,,,,,,,,,,,,,,,,,,,,,,,,,,,,,,
doogile,AutomattPL,2,"{'total': 0, 'fa61606e8131484c8dee506d1ff9a8dc': 0, '3c8757790ab0400b8b9e3936e0dd535b': 0}","{'total': 0, 'fa61606e8131484c8dee506d1ff9a8dc': 0, '3c8757790ab0400b8b9e3936e0dd535b': 0}",,,,,,,,,0.0,,,,,,0.0,,,,,,,,,,,,,,,,,,,,,,,,,,,,,,,,,,,,
7rowl,kW1st,2,"{'total': 0, '70eb9286e3e24153a8b37c8f884f1292': 0, '4427794ee7ad48bc9b53c156fa4092e1': 0}","{'total': 0, '70eb9286e3e24153a8b37c8f884f1292': 0, '4427794ee7ad48bc9b53c156fa4092e1': 0}",,,,,,,,0.0,,,,,,,,,0.0,,,,,,,,,,,,,,,,,,,,,,,,,,,,,,,,,,
7rowl,priffie,2,"{'total': 0, '70eb9286e3e24153a8b37c8f884f1292': 0, 'af22aaab9ee74596a3578bd6345d25b5': 0}","{'total': 0, '70eb9286e3e24153a8b37c8f884f1292': 0, 'af22aaab9ee74596a3578bd6345d25b5': 0}",,,,,0.0,,,0.0,,,,,,,,,,,,,,,,,,,,,,,,,,,,,,,,,,,,,,,,,,,
7rowl,dwoh,2,"{'total': 0, '70eb9286e3e24153a8b37c8f884f1292': 0, '3910d98bea254b488a10d6e91e469f7e': 0}","{'total': 0, '70eb9286e3e24153a8b37c8f884f1292': 0, '3910d98bea254b488a10d6e91e469f7e': 0}",,,,,,,,0.0,,,,,,,,,,0.0,,,,,,,,,,,,,,,,,,,,,,,,,,,,,,,,,
7rowl,silverrruns,2,"{'total': 4, '17e787d1d6374f818b294f2319db370d': 1, '70eb9286e3e24153a8b37c8f884f1292': 3}","{'total': 0, '17e787d1d6374f818b294f2319db370d': 0, '70eb9286e3e24153a8b37c8f884f1292': 0}",-32.0,,,,,,,32.0,,,,,,,,,,,,,,,,,,,,,,,,,,,,,,,,,,,,,,,,,,,
7rowl,Emillk,2,"{'total': 1, '70eb9286e3e24153a8b37c8f884f1292': 1, '99aa9e0e8034479a90259e244dfb9029': 0}","{'total': 0, '70eb9286e3e24153a8b37c8f884f1292': 0, '99aa9e0e8034479a90259e244dfb9029': 0}",,,,,,,,13.0,,,,,,,,,,,-13.0,,,,,,,,,,,,,,,,,,,,,,,,,,,,,,,,
7rowl,bing_pigs,2,"{'total': 15, '70eb9286e3e24153a8b37c8f884f1292': 4, '92b63a39b36a445fa94c77ae212dcea3': 11}","{'total': 0, '70eb9286e3e24153a8b37c8f884f1292': 0, '92b63a39b36a445fa94c77ae212dcea3': 0}",,,,,,,,-112.0,,,,,,,,,,,,112.0,,,,,,,,,,,,,,,,,,,,,,,,,,,,,,,
7rowl,drx6,2,"{'total': 0, '70eb9286e3e24153a8b37c8f884f1292': 0, '736dbdc44a3e452fa489f5344565835e': 0}","{'total': 0, '70eb9286e3e24153a8b37c8f884f1292': 0, '736dbdc44a3e452fa489f5344565835e': 0}",,,,,,,,0.0,,,,,,,,,,,,,0.0,,,,,,,,,,,,,,,,,,,,,,,,,,,,,,
7rowl,Ancoboyy,2,"{'total': 16, '70eb9286e3e24153a8b37c8f884f1292': 12, 'bc80af38933f4ae19b0494681a54422b': 4}","{'total': 0, '70eb9286e3e24153a8b37c8f884f1292': 0, 'bc80af38933f4ae19b0494681a54422b': 0}",,,,,,,,135.0,,-135.0,,,,,,,,,,,,,,,,,,,,,,,,,,,,,,,,,,,,,,,,,
7rowl,Ranik_,2,"{'total': 15, '5ee577fdc1af45d3a6fb3e086cc293fb': 2, '70eb9286e3e24153a8b37c8f884f1292': 13}","{'total': 0, '5ee577fdc1af45d3a6fb3e086cc293fb': 0, '70eb9286e3e24153a8b37c8f884f1292': 0}",,,,,,,,178.0,,,,-178.0,,,,,,,,,,,,,,,,,,,,,,,,,,,,,,,,,,,,,,,
7rowl,Oxidiot,2,"{'total': 7, '562a308be86c4ec09438387860e792cc': 2, '70eb9286e3e24153a8b37c8f884f1292': 5}","{'total': 0, '562a308be86c4ec09438387860e792cc': 0, '70eb9286e3e24153a8b37c8f884f1292': 0}",,,-43.0,,,,,43.0,,,,,,,,,,,,,,,,,,,,,,,,,,,,,,,,,,,,,,,,,,,
7rowl,AutomattPL,2,"{'total': 0, '70eb9286e3e24153a8b37c8f884f1292': 0, 'fa61606e8131484c8dee506d1ff9a8dc': 0}","{'total': 0, '70eb9286e3e24153a8b37c8f884f1292': 0, 'fa61606e8131484c8dee506d1ff9a8dc': 0}",,,,,,,,0.0,,,,,,,0.0,,,,,,,,,,,,,,,,,,,,,,,,,,,,,,,,,,,,
kW1st,priffie,2,"{'total': 0, '4427794ee7ad48bc9b53c156fa4092e1': 0, 'af22aaab9ee74596a3578bd6345d25b5': 0}","{'total': 0, '4427794ee7ad48bc9b53c156fa4092e1': 0, 'af22aaab9ee74596a3578bd6345d25b5': 0}",,,,,0.0,,,,,,,,,,,,0.0,,,,,,,,,,,,,,,,,,,,,,,,,,,,,,,,,,
kW1st,dwoh,2,"{'total': 0, '3910d98bea254b488a10d6e91e469f7e': 0, '4427794ee7ad48bc9b53c156fa4092e1': 0}","{'total': 0, '3910d98bea254b488a10d6e91e469f7e': 0, '4427794ee7ad48bc9b53c156fa4092e1': 0}",,,,,,,,,,,,,,,,,0.0,0.0,,,,,,,,,,,,,,,,,,,,,,,,,,,,,,,,,
kW1st,silverrruns,2,"{'total': 0, '4427794ee7ad48bc9b53c156fa4092e1': 0, '17e787d1d6374f818b294f2319db370d': 0}","{'total': 0, '4427794ee7ad48bc9b53c156fa4092e1': 0, '17e787d1d6374f818b294f2319db370d': 0}",0.0,,,,,,,,,,,,,,,,0.0,,,,,,,,,,,,,,,,,,,,,,,,,,,,,,,,,,
kW1st,Emillk,2,"{'total': 0, '99aa9e0e8034479a90259e244dfb9029': 0, '4427794ee7ad48bc9b53c156fa4092e1': 0}","{'total': 0, '99aa9e0e8034479a90259e244dfb9029': 0, '4427794ee7ad48bc9b53c156fa4092e1': 0}",,,,,,,,,,,,,,,,,0.0,,0.0,,,,,,,,,,,,,,,,,,,,,,,,,,,,,,,,
kW1st,bing_pigs,2,"{'total': 0, '92b63a39b36a445fa94c77ae212dcea3': 0, '4427794ee7ad48bc9b53c156fa4092e1': 0}","{'total': 0, '92b63a39b36a445fa94c77ae212dcea3': 0, '4427794ee7ad48bc9b53c156fa4092e1': 0}",,,,,,,,,,,,,,,,,0.0,,,0.0,,,,,,,,,,,,,,,,,,,,,,,,,,,,,,,
kW1st,drx6,2,"{'total': 0, '736dbdc44a3e452fa489f5344565835e': 0, '4427794ee7ad48bc9b53c156fa4092e1': 0}","{'total': 0, '736dbdc44a3e452fa489f5344565835e': 0, '4427794ee7ad48bc9b53c156fa4092e1': 0}",,,,,,,,,,,,,,,,,0.0,,,,0.0,,,,,,,,,,,,,,,,,,,,,,,,,,,,,,
kW1st,Ancoboyy,2,"{'total': 0, 'bc80af38933f4ae19b0494681a54422b': 0, '4427794ee7ad48bc9b53c156fa4092e1': 0}","{'total': 0, 'bc80af38933f4ae19b0494681a54422b': 0, '4427794ee7ad48bc9b53c156fa4092e1': 0}",,,,,,,,,,0.0,,,,,,,0.0,,,,,,,,,,,,,,,,,,,,,,,,,,,,,,,,,,
kW1st,Ranik_,2,"{'total': 0, '5ee577fdc1af45d3a6fb3e086cc293fb': 0, '4427794ee7ad48bc9b53c156fa4092e1': 0}","{'total': 0, '5ee577fdc1af45d3a6fb3e086cc293fb': 0, '4427794ee7ad48bc9b53c156fa4092e1': 0}",,,,,,,,,,,,0.0,,,,,0.0,,,,,,,,,,,,,,,,,,,,,,,,,,,,,,,,,,
kW1st,Oxidiot,2,"{'total': 0, '562a308be86c4ec09438387860e792cc': 0, '4427794ee7ad48bc9b53c156fa4092e1': 0}","{'total': 0, '562a308be86c4ec09438387860e792cc': 0, '4427794ee7ad48bc9b53c156fa4092e1': 0}",,,0.0,,,,,,,,,,,,,,0.0,,,,,,,,,,,,,,,,,,,,,,,,,,,,,,,,,,
kW1st,AutomattPL,2,"{'total': 0, 'fa61606e8131484c8dee506d1ff9a8dc': 0, '4427794ee7ad48bc9b53c156fa4092e1': 0}","{'total': 0, 'fa61606e8131484c8dee506d1ff9a8dc': 0, '4427794ee7ad48bc9b53c156fa4092e1': 0}",,,,,,,,,,,,,,,0.0,,0.0,,,,,,,,,,,,,,,,,,,,,,,,,,,,,,,,,,
priffie,dwoh,2,"{'total': 0, '3910d98bea254b488a10d6e91e469f7e': 0, 'af22aaab9ee74596a3578bd6345d25b5': 0}","{'total': 0, '3910d98bea254b488a10d6e91e469f7e': 0, 'af22aaab9ee74596a3578bd6345d25b5': 0}",,,,,0.0,,,,,,,,,,,,,0.0,,,,,,,,,,,,,,,,,,,,,,,,,,,,,,,,,
priffie,silverrruns,2,"{'total': 0, 'af22aaab9ee74596a3578bd6345d25b5': 0, '17e787d1d6374f818b294f2319db370d': 0}","{'total': 0, 'af22aaab9ee74596a3578bd6345d25b5': 0, '17e787d1d6374f818b294f2319db370d': 0}",0.0,,,,0.0,,,,,,,,,,,,,,,,,,,,,,,,,,,,,,,,,,,,,,,,,,,,,,
priffie,Emillk,2,"{'total': 0, '99aa9e0e8034479a90259e244dfb9029': 0, 'af22aaab9ee74596a3578bd6345d25b5': 0}","{'total': 0, '99aa9e0e8034479a90259e244dfb9029': 0, 'af22aaab9ee74596a3578bd6345d25b5': 0}",,,,,0.0,,,,,,,,,,,,,,0.0,,,,,,,,,,,,,,,,,,,,,,,,,,,,,,,,
priffie,bing_pigs,2,"{'total': 0, '92b63a39b36a445fa94c77ae212dcea3': 0, 'af22aaab9ee74596a3578bd6345d25b5': 0}","{'total': 0, '92b63a39b36a445fa94c77ae212dcea3': 0, 'af22aaab9ee74596a3578bd6345d25b5': 0}",,,,,0.0,,,,,,,,,,,,,,,0.0,,,,,,,,,,,,,,,,,,,,,,,,,,,,,,,
priffie,drx6,2,"{'total': 0, '736dbdc44a3e452fa489f5344565835e': 0, 'af22aaab9ee74596a3578bd6345d25b5': 0}","{'total': 0, '736dbdc44a3e452fa489f5344565835e': 0, 'af22aaab9ee74596a3578bd6345d25b5': 0}",,,,,0.0,,,,,,,,,,,,,,,,0.0,,,,,,,,,,,,,,,,,,,,,,,,,,,,,,
priffie,Ancoboyy,2,"{'total': 0, 'bc80af38933f4ae19b0494681a54422b': 0, 'af22aaab9ee74596a3578bd6345d25b5': 0}","{'total': 0, 'bc80af38933f4ae19b0494681a54422b': 0, 'af22aaab9ee74596a3578bd6345d25b5': 0}",,,,,0.0,,,,,0.0,,,,,,,,,,,,,,,,,,,,,,,,,,,,,,,,,,,,,,,,,
priffie,Ranik_,2,"{'total': 0, '5ee577fdc1af45d3a6fb3e086cc293fb': 0, 'af22aaab9ee74596a3578bd6345d25b5': 0}","{'total': 0, '5ee577fdc1af45d3a6fb3e086cc293fb': 0, 'af22aaab9ee74596a3578bd6345d25b5': 0}",,,,,0.0,,,,,,,0.0,,,,,,,,,,,,,,,,,,,,,,,,,,,,,,,,,,,,,,,
priffie,Oxidiot,2,"{'total': 0, '562a308be86c4ec09438387860e792cc': 0, 'af22aaab9ee74596a3578bd6345d25b5': 0}","{'total': 0, '562a308be86c4ec09438387860e792cc': 0, 'af22aaab9ee74596a3578bd6345d25b5': 0}",,,0.0,,0.0,,,,,,,,,,,,,,,,,,,,,,,,,,,,,,,,,,,,,,,,,,,,,,
priffie,AutomattPL,2,"{'total': 0, 'fa61606e8131484c8dee506d1ff9a8dc': 0, 'af22aaab9ee74596a3578bd6345d25b5': 0}","{'total': 0, 'fa61606e8131484c8dee506d1ff9a8dc': 0, 'af22aaab9ee74596a3578bd6345d25b5': 0}",,,,,0.0,,,,,,,,,,0.0,,,,,,,,,,,,,,,,,,,,,,,,,,,,,,,,,,,,
dwoh,silverrruns,2,"{'total': 2, '17e787d1d6374f818b294f2319db370d': 1, '3910d98bea254b488a10d6e91e469f7e': 1}","{'total': 0, '17e787d1d6374f818b294f2319db370d': 0, '3910d98bea254b488a10d6e91e469f7e': 0}",-12.0,,,,,,,,,,,,,,,,,12.0,,,,,,,,,,,,,,,,,,,,,,,,,,,,,,,,,
dwoh,Emillk,2,"{'total': 0, '99aa9e0e8034479a90259e244dfb9029': 0, '3910d98bea254b488a10d6e91e469f7e': 0}","{'total': 0, '99aa9e0e8034479a90259e244dfb9029': 0, '3910d98bea254b488a10d6e91e469f7e': 0}",,,,,,,,,,,,,,,,,,0.0,0.0,,,,,,,,,,,,,,,,,,,,,,,,,,,,,,,,
dwoh,bing_pigs,2,"{'total': 0, '92b63a39b36a445fa94c77ae212dcea3': 0, '3910d98bea254b488a10d6e91e469f7e': 0}","{'total': 0, '92b63a39b36a445fa94c77ae212dcea3': 0, '3910d98bea254b488a10d6e91e469f7e': 0}",,,,,,,,,,,,,,,,,,0.0,,0.0,,,,,,,,,,,,,,,,,,,,,,,,,,,,,,,
dwoh,drx6,2,"{'total': 0, '736dbdc44a3e452fa489f5344565835e': 0, '3910d98bea254b488a10d6e91e469f7e': 0}","{'total': 0, '736dbdc44a3e452fa489f5344565835e': 0, '3910d98bea254b488a10d6e91e469f7e': 0}",,,,,,,,,,,,,,,,,,0.0,,,0.0,,,,,,,,,,,,,,,,,,,,,,,,,,,,,,
dwoh,Ancoboyy,2,"{'total': 0, 'bc80af38933f4ae19b0494681a54422b': 0, '3910d98bea254b488a10d6e91e469f7e': 0}","{'total': 0, 'bc80af38933f4ae19b0494681a54422b': 0, '3910d98bea254b488a10d6e91e469f7e': 0}",,,,,,,,,,0.0,,,,,,,,0.0,,,,,,,,,,,,,,,,,,,,,,,,,,,,,,,,,
dwoh,Ranik_,2,"{'total': 0, '5ee577fdc1af45d3a6fb3e086cc293fb': 0, '3910d98bea254b488a10d6e91e469f7e': 0}","{'total': 0, '5ee577fdc1af45d3a6fb3e086cc293fb': 0, '3910d98bea254b488a10d6e91e469f7e': 0}",,,,,,,,,,,,0.0,,,,,,0.0,,,,,,,,,,,,,,,,,,,,,,,,,,,,,,,,,
dwoh,Oxidiot,2,"{'total': 2, '3910d98bea254b488a10d6e91e469f7e': 1, '562a308be86c4ec09438387860e792cc': 1}","{'total': 0, '3910d98bea254b488a10d6e91e469f7e': 0, '562a308be86c4ec09438387860e792cc': 0}",,,1.0,,,,,,,,,,,,,,,-1.0,,,,,,,,,,,,,,,,,,,,,,,,,,,,,,,,,
dwoh,AutomattPL,2,"{'total': 0, 'fa61606e8131484c8dee506d1ff9a8dc': 0, '3910d98bea254b488a10d6e91e469f7e': 0}","{'total': 0, 'fa61606e8131484c8dee506d1ff9a8dc': 0, '3910d98bea254b488a10d6e91e469f7e': 0}",,,,,,,,,,,,,,,0.0,,,0.0,,,,,,,,,,,,,,,,,,,,,,,,,,,,,,,,,
silverrruns,Emillk,2,"{'total': 1, '17e787d1d6374f818b294f2319db370d': 0, '99aa9e0e8034479a90259e244dfb9029': 1}","{'total': 0, '17e787d1d6374f818b294f2319db370d': 0, '99aa9e0e8034479a90259e244dfb9029': 0}",-27.0,,,,,,,,,,,,,,,,,,27.0,,,,,,,,,,,,,,,,,,,,,,,,,,,,,,,,
silverrruns,bing_pigs,2,"{'total': 10, '17e787d1d6374f818b294f2319db370d': 4, '92b63a39b36a445fa94c77ae212dcea3': 6}","{'total': 0, '17e787d1d6374f818b294f2319db370d': 0, '92b63a39b36a445fa94c77ae212dcea3': 0}",-21.0,,,,,,,,,,,,,,,,,,,21.0,,,,,,,,,,,,,,,,,,,,,,,,,,,,,,,
silverrruns,drx6,2,"{'total': 2, '17e787d1d6374f818b294f2319db370d': 1, '736dbdc44a3e452fa489f5344565835e': 1}","{'total': 0, '17e787d1d6374f818b294f2319db370d': 0, '736dbdc44a3e452fa489f5344565835e': 0}",-11.0,,,,,,,,,,,,,,,,,,,,11.0,,,,,,,,,,,,,,,,,,,,,,,,,,,,,,
silverrruns,Ancoboyy,2,"{'total': 1, '17e787d1d6374f818b294f2319db370d': 0, 'bc80af38933f4ae19b0494681a54422b': 1}","{'total': 0, '17e787d1d6374f818b294f2319db370d': 0, 'bc80af38933f4ae19b0494681a54422b': 0}",-16.0,,,,,,,,,16.0,,,,,,,,,,,,,,,,,,,,,,,,,,,,,,,,,,,,,,,,,
silverrruns,Ranik_,2,"{'total': 6, '17e787d1d6374f818b294f2319db370d': 3, '5ee577fdc1af45d3a6fb3e086cc293fb': 3}","{'total': 0, '17e787d1d6374f818b294f2319db370d': 0, '5ee577fdc1af45d3a6fb3e086cc293fb': 0}",0.0,,,,,,,,,,,0.0,,,,,,,,,,,,,,,,,,,,,,,,,,,,,,,,,,,,,,,
silverrruns,Oxidiot,2,"{'total': 0, '562a308be86c4ec09438387860e792cc': 0, '17e787d1d6374f818b294f2319db370d': 0}","{'total': 0, '562a308be86c4ec09438387860e792cc': 0, '17e787d1d6374f818b294f2319db370d': 0}",0.0,,0.0,,,,,,,,,,,,,,,,,,,,,,,,,,,,,,,,,,,,,,,,,,,,,,,,
silverrruns,AutomattPL,2,"{'total': 0, 'fa61606e8131484c8dee506d1ff9a8dc': 0, '17e787d1d6374f818b294f2319db370d': 0}","{'total': 0, 'fa61606e8131484c8dee506d1ff9a8dc': 0, '17e787d1d6374f818b294f2319db370d': 0}",0.0,,,,,,,,,,,,,,0.0,,,,,,,,,,,,,,,,,,,,,,,,,,,,,,,,,,,,
Emillk,bing_pigs,2,"{'total': 0, '99aa9e0e8034479a90259e244dfb9029': 0, '92b63a39b36a445fa94c77ae212dcea3': 0}","{'total': 0, '99aa9e0e8034479a90259e244dfb9029': 0, '92b63a39b36a445fa94c77ae212dcea3': 0}",,,,,,,,,,,,,,,,,,,0.0,0.0,,,,,,,,,,,,,,,,,,,,,,,,,,,,,,,
Emillk,drx6,2,"{'total': 0, '99aa9e0e8034479a90259e244dfb9029': 0, '736dbdc44a3e452fa489f5344565835e': 0}","{'total': 0, '99aa9e0e8034479a90259e244dfb9029': 0, '736dbdc44a3e452fa489f5344565835e': 0}",,,,,,,,,,,,,,,,,,,0.0,,0.0,,,,,,,,,,,,,,,,,,,,,,,,,,,,,,
Emillk,Ancoboyy,2,"{'total': 0, 'bc80af38933f4ae19b0494681a54422b': 0, '99aa9e0e8034479a90259e244dfb9029': 0}","{'total': 0, 'bc80af38933f4ae19b0494681a54422b': 0, '99aa9e0e8034479a90259e244dfb9029': 0}",,,,,,,,,,0.0,,,,,,,,,0.0,,,,,,,,,,,,,,,,,,,,,,,,,,,,,,,,
Emillk,Ranik_,2,"{'total': 0, '99aa9e0e8034479a90259e244dfb9029': 0, '5ee577fdc1af45d3a6fb3e086cc293fb': 0}","{'total': 0, '99aa9e0e8034479a90259e244dfb9029': 0, '5ee577fdc1af45d3a6fb3e086cc293fb': 0}",,,,,,,,,,,,0.0,,,,,,,0.0,,,,,,,,,,,,,,,,,,,,,,,,,,,,,,,,
Emillk,Oxidiot,2,"{'total': 2, '562a308be86c4ec09438387860e792cc': 0, '99aa9e0e8034479a90259e244dfb9029': 2}","{'total': 0, '562a308be86c4ec09438387860e792cc': 0, '99aa9e0e8034479a90259e244dfb9029': 0}",,,-49.0,,,,,,,,,,,,,,,,49.0,,,,,,,,,,,,,,,,,,,,,,,,,,,,,,,,
Emillk,AutomattPL,2,"{'total': 0, 'fa61606e8131484c8dee506d1ff9a8dc': 0, '99aa9e0e8034479a90259e244dfb9029': 0}","{'total': 0, 'fa61606e8131484c8dee506d1ff9a8dc': 0, '99aa9e0e8034479a90259e244dfb9029': 0}",,,,,,,,,,,,,,,0.0,,,,0.0,,,,,,,,,,,,,,,,,,,,,,,,,,,,,,,,
bing_pigs,drx6,2,"{'total': 1, '736dbdc44a3e452fa489f5344565835e': 0, '92b63a39b36a445fa94c77ae212dcea3': 1}","{'total': 0, '736dbdc44a3e452fa489f5344565835e': 0, '92b63a39b36a445fa94c77ae212dcea3': 0}",,,,,,,,,,,,,,,,,,,,16.0,-16.0,,,,,,,,,,,,,,,,,,,,,,,,,,,,,,
bing_pigs,Ancoboyy,2,"{'total': 28, '92b63a39b36a445fa94c77ae212dcea3': 15, 'bc80af38933f4ae19b0494681a54422b': 13}","{'total': 0, '92b63a39b36a445fa94c77ae212dcea3': 0, 'bc80af38933f4ae19b0494681a54422b': 0}",,,,,,,,,,34.0,,,,,,,,,,-34.0,,,,,,,,,,,,,,,,,,,,,,,,,,,,,,,
bing_pigs,Ranik_,2,"{'total': 11, '5ee577fdc1af45d3a6fb3e086cc293fb': 4, '92b63a39b36a445fa94c77ae212dcea3': 7}","{'total': 0, '5ee577fdc1af45d3a6fb3e086cc293fb': 0, '92b63a39b36a445fa94c77ae212dcea3': 0}",,,,,,,,,,,,2.0,,,,,,,,-2.0,,,,,,,,,,,,,,,,,,,,,,,,,,,,,,,
bing_pigs,Oxidiot,2,"{'total': 5, '562a308be86c4ec09438387860e792cc': 2, '92b63a39b36a445fa94c77ae212dcea3': 3}","{'total': 0, '562a308be86c4ec09438387860e792cc': 0, '92b63a39b36a445fa94c77ae212dcea3': 0}",,,12.0,,,,,,,,,,,,,,,,,-12.0,,,,,,,,,,,,,,,,,,,,,,,,,,,,,,,
bing_pigs,AutomattPL,2,"{'total': 0, 'fa61606e8131484c8dee506d1ff9a8dc': 0, '92b63a39b36a445fa94c77ae212dcea3': 0}","{'total': 0, 'fa61606e8131484c8dee506d1ff9a8dc': 0, '92b63a39b36a445fa94c77ae212dcea3': 0}",,,,,,,,,,,,,,,0.0,,,,,0.0,,,,,,,,,,,,,,,,,,,,,,,,,,,,,,,
drx6,Ancoboyy,2,"{'total': 0, 'bc80af38933f4ae19b0494681a54422b': 0, '736dbdc44a3e452fa489f5344565835e': 0}","{'total': 0, 'bc80af38933f4ae19b0494681a54422b': 0, '736dbdc44a3e452fa489f5344565835e': 0}",,,,,,,,,,0.0,,,,,,,,,,,0.0,,,,,,,,,,,,,,,,,,,,,,,,,,,,,,
drx6,Ranik_,2,"{'total': 0, '5ee577fdc1af45d3a6fb3e086cc293fb': 0, '736dbdc44a3e452fa489f5344565835e': 0}","{'total': 0, '5ee577fdc1af45d3a6fb3e086cc293fb': 0, '736dbdc44a3e452fa489f5344565835e': 0}",,,,,,,,,,,,0.0,,,,,,,,,0.0,,,,,,,,,,,,,,,,,,,,,,,,,,,,,,
drx6,Oxidiot,2,"{'total': 1, '562a308be86c4ec09438387860e792cc': 0, '736dbdc44a3e452fa489f5344565835e': 1}","{'total': 0, '562a308be86c4ec09438387860e792cc': 0, '736dbdc44a3e452fa489f5344565835e': 0}",,,-21.0,,,,,,,,,,,,,,,,,,21.0,,,,,,,,,,,,,,,,,,,,,,,,,,,,,,
drx6,AutomattPL,2,"{'total': 0, 'fa61606e8131484c8dee506d1ff9a8dc': 0, '736dbdc44a3e452fa489f5344565835e': 0}","{'total': 0, 'fa61606e8131484c8dee506d1ff9a8dc': 0, '736dbdc44a3e452fa489f5344565835e': 0}",,,,,,,,,,,,,,,0.0,,,,,,0.0,,,,,,,,,,,,,,,,,,,,,,,,,,,,,,
Ancoboyy,Ranik_,2,"{'total': 16, '5ee577fdc1af45d3a6fb3e086cc293fb': 1, 'bc80af38933f4ae19b0494681a54422b': 15}","{'total': 0, '5ee577fdc1af45d3a6fb3e086cc293fb': 0, 'bc80af38933f4ae19b0494681a54422b': 0}",,,,,,,,,,207.0,,-207.0,,,,,,,,,,,,,,,,,,,,,,,,,,,,,,,,,,,,,,,
Ancoboyy,Oxidiot,2,"{'total': 1, '562a308be86c4ec09438387860e792cc': 1, 'bc80af38933f4ae19b0494681a54422b': 0}","{'total': 0, '562a308be86c4ec09438387860e792cc': 0, 'bc80af38933f4ae19b0494681a54422b': 0}",,,26.0,,,,,,,-26.0,,,,,,,,,,,,,,,,,,,,,,,,,,,,,,,,,,,,,,,,,
Ancoboyy,AutomattPL,2,"{'total': 0, 'bc80af38933f4ae19b0494681a54422b': 0, 'fa61606e8131484c8dee506d1ff9a8dc': 0}","{'total': 0, 'bc80af38933f4ae19b0494681a54422b': 0, 'fa61606e8131484c8dee506d1ff9a8dc': 0}",,,,,,,,,,0.0,,,,,0.0,,,,,,,,,,,,,,,,,,,,,,,,,,,,,,,,,,,,
Ranik_,Oxidiot,2,"{'total': 3, '562a308be86c4ec09438387860e792cc': 2, '5ee577fdc1af45d3a6fb3e086cc293fb': 1}","{'total': 0, '562a308be86c4ec09438387860e792cc': 0, '5ee577fdc1af45d3a6fb3e086cc293fb': 0}",,,22.0,,,,,,,,,-22.0,,,,,,,,,,,,,,,,,,,,,,,,,,,,,,,,,,,,,,,
Ranik_,AutomattPL,2,"{'total': 0, 'fa61606e8131484c8dee506d1ff9a8dc': 0, '5ee577fdc1af45d3a6fb3e086cc293fb': 0}","{'total': 0, 'fa61606e8131484c8dee506d1ff9a8dc': 0, '5ee577fdc1af45d3a6fb3e086cc293fb': 0}",,,,,,,,,,,,0.0,,,0.0,,,,,,,,,,,,,,,,,,,,,,,,,,,,,,,,,,,,
Oxidiot,AutomattPL,2,"{'total': 0, 'fa61606e8131484c8dee506d1ff9a8dc': 0, '562a308be86c4ec09438387860e792cc': 0}","{'total': 0, 'fa61606e8131484c8dee506d1ff9a8dc': 0, '562a308be86c4ec09438387860e792cc': 0}",,,0.0,,,,,,,,,,,,0.0,,,,,,,,,,,,,,,,,,,,,,,,,,,,,,,,,,,,
7rowl,Ancoboyy,2,"{'total': 16, '70eb9286e3e24153a8b37c8f884f1292': 12, 'bc80af38933f4ae19b0494681a54422b': 4}","{'total': 0, '70eb9286e3e24153a8b37c8f884f1292': 0, 'bc80af38933f4ae19b0494681a54422b': 0}",,,,,,,,135.0,,-135.0,,,,,,,,,,,,,,,,,,,,,,,,,,,,,,,,,,,,,,,,,
7rowl,dandannyboy,2,"{'total': 1, '70eb9286e3e24153a8b37c8f884f1292': 1, 'e4808bc3e1e347988cbb59b55d723e0f': 0}","{'total': 0, '70eb9286e3e24153a8b37c8f884f1292': 0, 'e4808bc3e1e347988cbb59b55d723e0f': 0}",,-14.0,,,,,,14.0,,,,,,,,,,,,,,,,,,,,,,,,,,,,,,,,,,,,,,,,,,,
7rowl,doogile,2,"{'total': 3, '3c8757790ab0400b8b9e3936e0dd535b': 1, '70eb9286e3e24153a8b37c8f884f1292': 2}","{'total': 0, '3c8757790ab0400b8b9e3936e0dd535b': 0, '70eb9286e3e24153a8b37c8f884f1292': 0}",,,,,,,,32.0,-32.0,,,,,,,,,,,,,,,,,,,,,,,,,,,,,,,,,,,,,,,,,,
7rowl,hackingnoises,2,"{'total': 10, '70eb9286e3e24153a8b37c8f884f1292': 4, '7c92678742eb4e819f3122017697ae3d': 5}","{'total': 0, '70eb9286e3e24153a8b37c8f884f1292': 0, '7c92678742eb4e819f3122017697ae3d': 0}",,,,,,,,-9.0,,,,,,,,,,,,,,9.0,,,,,,,,,,,,,,,,,,,,,,,,,,,,,
7rowl,lowk3y_,2,"{'total': 3, '70eb9286e3e24153a8b37c8f884f1292': 1, '7665f76f431b41c6b321bea16aff913b': 2}","{'total': 0, '70eb9286e3e24153a8b37c8f884f1292': 0, '7665f76f431b41c6b321bea16aff913b': 0}",,,,,,,15.0,-15.0,,,,,,,,,,,,,,,,,,,,,,,,,,,,,,,,,,,,,,,,,,,
7rowl,Oxidiot,2,"{'total': 7, '562a308be86c4ec09438387860e792cc': 2, '70eb9286e3e24153a8b37c8f884f1292': 5}","{'total': 0, '562a308be86c4ec09438387860e792cc': 0, '70eb9286e3e24153a8b37c8f884f1292': 0}",,,-43.0,,,,,43.0,,,,,,,,,,,,,,,,,,,,,,,,,,,,,,,,,,,,,,,,,,,
7rowl,priffie,2,"{'total': 0, '70eb9286e3e24153a8b37c8f884f1292': 0, 'af22aaab9ee74596a3578bd6345d25b5': 0}","{'total': 0, '70eb9286e3e24153a8b37c8f884f1292': 0, 'af22aaab9ee74596a3578bd6345d25b5': 0}",,,,,0.0,,,0.0,,,,,,,,,,,,,,,,,,,,,,,,,,,,,,,,,,,,,,,,,,,
7rowl,ANJOUU,2,"{'total': 5, '625146b684804a29af2eaeb483a59ddf': 2, '70eb9286e3e24153a8b37c8f884f1292': 3}","{'total': 0, '625146b684804a29af2eaeb483a59ddf': 0, '70eb9286e3e24153a8b37c8f884f1292': 0}",,,,,,,,13.0,,,,,,,,,,,,,,,-13.0,,,,,,,,,,,,,,,,,,,,,,,,,,,,
7rowl,AutomattPL,2,"{'total': 0, '70eb9286e3e24153a8b37c8f884f1292': 0, 'fa61606e8131484c8dee506d1ff9a8dc': 0}","{'total': 0, '70eb9286e3e24153a8b37c8f884f1292': 0, 'fa61606e8131484c8dee506d1ff9a8dc': 0}",,,,,,,,0.0,,,,,,,0.0,,,,,,,,,,,,,,,,,,,,,,,,,,,,,,,,,,,,
7rowl,BeefSalad,2,"{'total': 20, '3b01d4b4fef14f178b75f05c04dd34ef': 12, '70eb9286e3e24153a8b37c8f884f1292': 8}","{'total': 0, '3b01d4b4fef14f178b75f05c04dd34ef': 0, '70eb9286e3e24153a8b37c8f884f1292': 0}",,,,,,,,-22.0,,,,,,,,,,,,,,,,22.0,,,,,,,,,,,,,,,,,,,,,,,,,,,
7rowl,Bloonskiller,2,"{'total': 1, '00f996cd910f479ba0903d85c2bdb1e0': 0, '70eb9286e3e24153a8b37c8f884f1292': 1}","{'total': 0, '00f996cd910f479ba0903d85c2bdb1e0': 0, '70eb9286e3e24153a8b37c8f884f1292': 0}",,,,,,,,14.0,,,,,,,,,,,,,,,,,-14.0,,,,,,,,,,,,,,,,,,,,,,,,,,
7rowl,loodlow,2,"{'total': 7, '70eb9286e3e24153a8b37c8f884f1292': 1, '9dcb17d831b24df2bae778cfd750ab1b': 5}","{'total': 0, '70eb9286e3e24153a8b37c8f884f1292': 0, '9dcb17d831b24df2bae778cfd750ab1b': 0}",,,,,,,,-107.0,,,,,,,,,,,,,,,,,,107.0,,,,,,,,,,,,,,,,,,,,,,,,,
7rowl,paplerr,2,"{'total': 3, '70eb9286e3e24153a8b37c8f884f1292': 0, 'c670041ed84c480cab4a6ee904905b5f': 2}","{'total': 0, '70eb9286e3e24153a8b37c8f884f1292': 0, 'c670041ed84c480cab4a6ee904905b5f': 0}",,,,,,,,-46.0,,,,,,,,,,,,,,,,,,,46.0,,,,,,,,,,,,,,,,,,,,,,,,
7rowl,v_strid,2,"{'total': 29, '388533d5a2ad4b349a31db4738670a4b': 11, '70eb9286e3e24153a8b37c8f884f1292': 17}","{'total': 0, '388533d5a2ad4b349a31db4738670a4b': 0, '70eb9286e3e24153a8b37c8f884f1292': 0}",,,,,,,,114.0,,,,,,,,,,,,,,,,,,,,-94.0,,,,,,,,,,,,,,,,,,,,,,,
7rowl,autoqualler,2,"{'total': 1, '70eb9286e3e24153a8b37c8f884f1292': 1, 'dd34e44dfe5d4e05923d876b9c34ca5f': 0}","{'total': 0, '70eb9286e3e24153a8b37c8f884f1292': 0, 'dd34e44dfe5d4e05923d876b9c34ca5f': 0}",,,,,,,,19.0,,,,,,,,,,,,,,,,,,,,,-19.0,,,,,,,,,,,,,,,,,,,,,,
Ancoboyy,dandannyboy,2,"{'total': 0, 'bc80af38933f4ae19b0494681a54422b': 0, 'e4808bc3e1e347988cbb59b55d723e0f': 0}","{'total': 0, 'bc80af38933f4ae19b0494681a54422b': 0, 'e4808bc3e1e347988cbb59b55d723e0f': 0}",,0.0,,,,,,,,0.0,,,,,,,,,,,,,,,,,,,,,,,,,,,,,,,,,,,,,,,,,
Ancoboyy,doogile,2,"{'total': 3, '3c8757790ab0400b8b9e3936e0dd535b': 1, 'bc80af38933f4ae19b0494681a54422b': 2}","{'total': 0, '3c8757790ab0400b8b9e3936e0dd535b': 0, 'bc80af38933f4ae19b0494681a54422b': 0}",,,,,,,,,-50.0,50.0,,,,,,,,,,,,,,,,,,,,,,,,,,,,,,,,,,,,,,,,,
Ancoboyy,hackingnoises,2,"{'total': 1, '7c92678742eb4e819f3122017697ae3d': 0, 'bc80af38933f4ae19b0494681a54422b': 1}","{'total': 0, '7c92678742eb4e819f3122017697ae3d': 0, 'bc80af38933f4ae19b0494681a54422b': 0}",,,,,,,,,,28.0,,,,,,,,,,,,-28.0,,,,,,,,,,,,,,,,,,,,,,,,,,,,,
Ancoboyy,lowk3y_,2,"{'total': 0, 'bc80af38933f4ae19b0494681a54422b': 0, '7665f76f431b41c6b321bea16aff913b': 0}","{'total': 0, 'bc80af38933f4ae19b0494681a54422b': 0, '7665f76f431b41c6b321bea16aff913b': 0}",,,,,,,0.0,,,0.0,,,,,,,,,,,,,,,,,,,,,,,,,,,,,,,,,,,,,,,,,
Ancoboyy,Oxidiot,2,"{'total': 1, '562a308be86c4ec09438387860e792cc': 1, 'bc80af38933f4ae19b0494681a54422b': 0}","{'total': 0, '562a308be86c4ec09438387860e792cc': 0, 'bc80af38933f4ae19b0494681a54422b': 0}",,,26.0,,,,,,,-26.0,,,,,,,,,,,,,,,,,,,,,,,,,,,,,,,,,,,,,,,,,
Ancoboyy,priffie,2,"{'total': 0, 'bc80af38933f4ae19b0494681a54422b': 0, 'af22aaab9ee74596a3578bd6345d25b5': 0}","{'total': 0, 'bc80af38933f4ae19b0494681a54422b': 0, 'af22aaab9ee74596a3578bd6345d25b5': 0}",,,,,0.0,,,,,0.0,,,,,,,,,,,,,,,,,,,,,,,,,,,,,,,,,,,,,,,,,
Ancoboyy,ANJOUU,2,"{'total': 14, '625146b684804a29af2eaeb483a59ddf': 8, 'bc80af38933f4ae19b0494681a54422b': 6}","{'total': 0, '625146b684804a29af2eaeb483a59ddf': 0, 'bc80af38933f4ae19b0494681a54422b': 0}",,,,,,,,,,-38.0,,,,,,,,,,,,,58.0,,,,,,,,,,,,,,,,,,,,,,,,,,,,
Ancoboyy,AutomattPL,2,"{'total': 0, 'bc80af38933f4ae19b0494681a54422b': 0, 'fa61606e8131484c8dee506d1ff9a8dc': 0}","{'total': 0, 'bc80af38933f4ae19b0494681a54422b': 0, 'fa61606e8131484c8dee506d1ff9a8dc': 0}",,,,,,,,,,0.0,,,,,0.0,,,,,,,,,,,,,,,,,,,,,,,,,,,,,,,,,,,,
Ancoboyy,BeefSalad,2,"{'total': 11, '3b01d4b4fef14f178b75f05c04dd34ef': 4, 'bc80af38933f4ae19b0494681a54422b': 7}","{'total': 0, '3b01d4b4fef14f178b75f05c04dd34ef': 0, 'bc80af38933f4ae19b0494681a54422b': 0}",,,,,,,,,,65.0,,,,,,,,,,,,,,-65.0,,,,,,,,,,,,,,,,,,,,,,,,,,,
Ancoboyy,Bloonskiller,2,"{'total': 2, '00f996cd910f479ba0903d85c2bdb1e0': 1, 'bc80af38933f4ae19b0494681a54422b': 1}","{'total': 0, '00f996cd910f479ba0903d85c2bdb1e0': 0, 'bc80af38933f4ae19b0494681a54422b': 0}",,,,,,,,,,-1.0,,,,,,,,,,,,,,,1.0,,,,,,,,,,,,,,,,,,,,,,,,,,
Ancoboyy,loodlow,2,"{'total': 9, '9dcb17d831b24df2bae778cfd750ab1b': 2, 'bc80af38933f4ae19b0494681a54422b': 7}","{'total': 0, '9dcb17d831b24df2bae778cfd750ab1b': 0, 'bc80af38933f4ae19b0494681a54422b': 0}",,,,,,,,,,74.0,,,,,,,,,,,,,,,,-74.0,,,,,,,,,,,,,,,,,,,,,,,,,
Ancoboyy,paplerr,2,"{'total': 0, 'bc80af38933f4ae19b0494681a54422b': 0, 'c670041ed84c480cab4a6ee904905b5f': 0}","{'total': 0, 'bc80af38933f4ae19b0494681a54422b': 0, 'c670041ed84c480cab4a6ee904905b5f': 0}",,,,,,,,,,0.0,,,,,,,,,,,,,,,,,0.0,,,,,,,,,,,,,,,,,,,,,,,,
Ancoboyy,v_strid,2,"{'total': 18, '388533d5a2ad4b349a31db4738670a4b': 12, 'bc80af38933f4ae19b0494681a54422b': 6}","{'total': 0, '388533d5a2ad4b349a31db4738670a4b': 0, 'bc80af38933f4ae19b0494681a54422b': 0}",,,,,,,,,,-110.0,,,,,,,,,,,,,,,,,,110.0,,,,,,,,,,,,,,,,,,,,,,,
Ancoboyy,autoqualler,2,"{'total': 0, 'bc80af38933f4ae19b0494681a54422b': 0, 'dd34e44dfe5d4e05923d876b9c34ca5f': 0}","{'total': 0, 'bc80af38933f4ae19b0494681a54422b': 0, 'dd34e44dfe5d4e05923d876b9c34ca5f': 0}",,,,,,,,,,0.0,,,,,,,,,,,,,,,,,,,0.0,,,,,,,,,,,,,,,,,,,,,,
dandannyboy,doogile,2,"{'total': 2, '3c8757790ab0400b8b9e3936e0dd535b': 2, 'e4808bc3e1e347988cbb59b55d723e0f': 0}","{'total': 0, '3c8757790ab0400b8b9e3936e0dd535b': 0, 'e4808bc3e1e347988cbb59b55d723e0f': 0}",,-18.0,,,,,,,18.0,,,,,,,,,,,,,,,,,,,,,,,,,,,,,,,,,,,,,,,,,,
dandannyboy,hackingnoises,2,"{'total': 1, '7c92678742eb4e819f3122017697ae3d': 1, 'e4808bc3e1e347988cbb59b55d723e0f': 0}","{'total': 0, '7c92678742eb4e819f3122017697ae3d': 0, 'e4808bc3e1e347988cbb59b55d723e0f': 0}",,-15.0,,,,,,,,,,,,,,,,,,,,15.0,,,,,,,,,,,,,,,,,,,,,,,,,,,,,
dandannyboy,lowk3y_,2,"{'total': 3, '7665f76f431b41c6b321bea16aff913b': 2, 'e4808bc3e1e347988cbb59b55d723e0f': 1}","{'total': 0, '7665f76f431b41c6b321bea16aff913b': 0, 'e4808bc3e1e347988cbb59b55d723e0f': 0}",,-22.0,,,,,22.0,,,,,,,,,,,,,,,,,,,,,,,,,,,,,,,,,,,,,,,,,,,,
dandannyboy,Oxidiot,2,"{'total': 0, '562a308be86c4ec09438387860e792cc': 0, 'e4808bc3e1e347988cbb59b55d723e0f': 0}","{'total': 0, '562a308be86c4ec09438387860e792cc': 0, 'e4808bc3e1e347988cbb59b55d723e0f': 0}",,0.0,0.0,,,,,,,,,,,,,,,,,,,,,,,,,,,,,,,,,,,,,,,,,,,,,,,,
dandannyboy,priffie,2,"{'total': 0, 'e4808bc3e1e347988cbb59b55d723e0f': 0, 'af22aaab9ee74596a3578bd6345d25b5': 0}","{'total': 0, 'e4808bc3e1e347988cbb59b55d723e0f': 0, 'af22aaab9ee74596a3578bd6345d25b5': 0}",,0.0,,,0.0,,,,,,,,,,,,,,,,,,,,,,,,,,,,,,,,,,,,,,,,,,,,,,
dandannyboy,ANJOUU,2,"{'total': 2, '625146b684804a29af2eaeb483a59ddf': 1, 'e4808bc3e1e347988cbb59b55d723e0f': 1}","{'total': 0, '625146b684804a29af2eaeb483a59ddf': 0, 'e4808bc3e1e347988cbb59b55d723e0f': 0}",,4.0,,,,,,,,,,,,,,,,,,,,,-4.0,,,,,,,,,,,,,,,,,,,,,,,,,,,,
dandannyboy,AutomattPL,2,"{'total': 0, 'fa61606e8131484c8dee506d1ff9a8dc': 0, 'e4808bc3e1e347988cbb59b55d723e0f': 0}","{'total': 0, 'fa61606e8131484c8dee506d1ff9a8dc': 0, 'e4808bc3e1e347988cbb59b55d723e0f': 0}",,0.0,,,,,,,,,,,,,0.0,,,,,,,,,,,,,,,,,,,,,,,,,,,,,,,,,,,,
dandannyboy,BeefSalad,2,"{'total': 2, '3b01d4b4fef14f178b75f05c04dd34ef': 1, 'e4808bc3e1e347988cbb59b55d723e0f': 1}","{'total': 0, '3b01d4b4fef14f178b75f05c04dd34ef': 0, 'e4808bc3e1e347988cbb59b55d723e0f': 0}",,11.0,,,,,,,,,,,,,,,,,,,,,,-11.0,,,,,,,,,,,,,,,,,,,,,,,,,,,
dandannyboy,Bloonskiller,2,"{'total': 2, '00f996cd910f479ba0903d85c2bdb1e0': 1, 'e4808bc3e1e347988cbb59b55d723e0f': 1}","{'total': 0, '00f996cd910f479ba0903d85c2bdb1e0': 0, 'e4808bc3e1e347988cbb59b55d723e0f': 0}",,-3.0,,,,,,,,,,,,,,,,,,,,,,,3.0,,,,,,,,,,,,,,,,,,,,,,,,,,
dandannyboy,loodlow,2,"{'total': 2, '9dcb17d831b24df2bae778cfd750ab1b': 2, 'e4808bc3e1e347988cbb59b55d723e0f': 0}","{'total': 0, '9dcb17d831b24df2bae778cfd750ab1b': 0, 'e4808bc3e1e347988cbb59b55d723e0f': 0}",,-46.0,,,,,,,,,,,,,,,,,,,,,,,,46.0,,,,,,,,,,,,,,,,,,,,,,,,,
dandannyboy,paplerr,2,"{'total': 0, 'e4808bc3e1e347988cbb59b55d723e0f': 0, 'c670041ed84c480cab4a6ee904905b5f': 0}","{'total': 0, 'e4808bc3e1e347988cbb59b55d723e0f': 0, 'c670041ed84c480cab4a6ee904905b5f': 0}",,0.0,,,,,,,,,,,,,,,,,,,,,,,,,0.0,,,,,,,,,,,,,,,,,,,,,,,,
dandannyboy,v_strid,2,"{'total': 16, '388533d5a2ad4b349a31db4738670a4b': 11, 'e4808bc3e1e347988cbb59b55d723e0f': 5}","{'total': 0, '388533d5a2ad4b349a31db4738670a4b': 0, 'e4808bc3e1e347988cbb59b55d723e0f': 0}",,-83.0,,,,,,,,,,,,,,,,,,,,,,,,,,83.0,,,,,,,,,,,,,,,,,,,,,,,
dandannyboy,autoqualler,2,"{'total': 9, 'dd34e44dfe5d4e05923d876b9c34ca5f': 3, 'e4808bc3e1e347988cbb59b55d723e0f': 6}","{'total': 0, 'dd34e44dfe5d4e05923d876b9c34ca5f': 0, 'e4808bc3e1e347988cbb59b55d723e0f': 0}",,50.0,,,,,,,,,,,,,,,,,,,,,,,,,,,-50.0,,,,,,,,,,,,,,,,,,,,,,
doogile,hackingnoises,2,"{'total': 0, '3c8757790ab0400b8b9e3936e0dd535b': 0, '7c92678742eb4e819f3122017697ae3d': 0}","{'total': 0, '3c8757790ab0400b8b9e3936e0dd535b': 0, '7c92678742eb4e819f3122017697ae3d': 0}",,,,,,,,,0.0,,,,,,,,,,,,,0.0,,,,,,,,,,,,,,,,,,,,,,,,,,,,,
doogile,lowk3y_,2,"{'total': 0, '3c8757790ab0400b8b9e3936e0dd535b': 0, '7665f76f431b41c6b321bea16aff913b': 0}","{'total': 0, '3c8757790ab0400b8b9e3936e0dd535b': 0, '7665f76f431b41c6b321bea16aff913b': 0}",,,,,,,0.0,,0.0,,,,,,,,,,,,,,,,,,,,,,,,,,,,,,,,,,,,,,,,,,
doogile,Oxidiot,2,"{'total': 2, '3c8757790ab0400b8b9e3936e0dd535b': 2, '562a308be86c4ec09438387860e792cc': 0}","{'total': 0, '3c8757790ab0400b8b9e3936e0dd535b': 0, '562a308be86c4ec09438387860e792cc': 0}",,,-25.0,,,,,,25.0,,,,,,,,,,,,,,,,,,,,,,,,,,,,,,,,,,,,,,,,,,
doogile,priffie,2,"{'total': 0, '3c8757790ab0400b8b9e3936e0dd535b': 0, 'af22aaab9ee74596a3578bd6345d25b5': 0}","{'total': 0, '3c8757790ab0400b8b9e3936e0dd535b': 0, 'af22aaab9ee74596a3578bd6345d25b5': 0}",,,,,0.0,,,,0.0,,,,,,,,,,,,,,,,,,,,,,,,,,,,,,,,,,,,,,,,,,
doogile,ANJOUU,2,"{'total': 0, '625146b684804a29af2eaeb483a59ddf': 0, '3c8757790ab0400b8b9e3936e0dd535b': 0}","{'total': 0, '625146b684804a29af2eaeb483a59ddf': 0, '3c8757790ab0400b8b9e3936e0dd535b': 0}",,,,,,,,,0.0,,,,,,,,,,,,,,0.0,,,,,,,,,,,,,,,,,,,,,,,,,,,,
doogile,AutomattPL,2,"{'total': 0, 'fa61606e8131484c8dee506d1ff9a8dc': 0, '3c8757790ab0400b8b9e3936e0dd535b': 0}","{'total': 0, 'fa61606e8131484c8dee506d1ff9a8dc': 0, '3c8757790ab0400b8b9e3936e0dd535b': 0}",,,,,,,,,0.0,,,,,,0.0,,,,,,,,,,,,,,,,,,,,,,,,,,,,,,,,,,,,
doogile,BeefSalad,2,"{'total': 12, '3b01d4b4fef14f178b75f05c04dd34ef': 3, '3c8757790ab0400b8b9e3936e0dd535b': 9}","{'total': 0, '3b01d4b4fef14f178b75f05c04dd34ef': 0, '3c8757790ab0400b8b9e3936e0dd535b': 0}",,,,,,,,,110.0,,,,,,,,,,,,,,,-110.0,,,,,,,,,,,,,,,,,,,,,,,,,,,
doogile,Bloonskiller,2,"{'total': 3, '00f996cd910f479ba0903d85c2bdb1e0': 1, '3c8757790ab0400b8b9e3936e0dd535b': 2}","{'total': 0, '00f996cd910f479ba0903d85c2bdb1e0': 0, '3c8757790ab0400b8b9e3936e0dd535b': 0}",,,,,,,,,-15.0,,,,,,,,,,,,,,,,15.0,,,,,,,,,,,,,,,,,,,,,,,,,,
doogile,loodlow,2,"{'total': 1, '3c8757790ab0400b8b9e3936e0dd535b': 0, '9dcb17d831b24df2bae778cfd750ab1b': 1}","{'total': 0, '3c8757790ab0400b8b9e3936e0dd535b': 0, '9dcb17d831b24df2bae778cfd750ab1b': 0}",,,,,,,,,-29.0,,,,,,,,,,,,,,,,,29.0,,,,,,,,,,,,,,,,,,,,,,,,,
doogile,paplerr,2,"{'total': 0, '3c8757790ab0400b8b9e3936e0dd535b': 0, 'c670041ed84c480cab4a6ee904905b5f': 0}","{'total': 0, '3c8757790ab0400b8b9e3936e0dd535b': 0, 'c670041ed84c480cab4a6ee904905b5f': 0}",,,,,,,,,0.0,,,,,,,,,,,,,,,,,,0.0,,,,,,,,,,,,,,,,,,,,,,,,
doogile,v_strid,2,"{'total': 17, '388533d5a2ad4b349a31db4738670a4b': 1, '3c8757790ab0400b8b9e3936e0dd535b': 16}","{'total': 0, '388533d5a2ad4b349a31db4738670a4b': 0, '3c8757790ab0400b8b9e3936e0dd535b': 0}",,,,,,,,,200.0,,,,,,,,,,,,,,,,,,,-200.0,,,,,,,,,,,,,,,,,,,,,,,
doogile,autoqualler,2,"{'total': 1, '3c8757790ab0400b8b9e3936e0dd535b': 1, 'dd34e44dfe5d4e05923d876b9c34ca5f': 0}","{'total': 0, '3c8757790ab0400b8b9e3936e0dd535b': 0, 'dd34e44dfe5d4e05923d876b9c34ca5f': 0}",,,,,,,,,18.0,,,,,,,,,,,,,,,,,,,,-18.0,,,,,,,,,,,,,,,,,,,,,,
hackingnoises,lowk3y_,2,"{'total': 2, '7665f76f431b41c6b321bea16aff913b': 2, '7c92678742eb4e819f3122017697ae3d': 0}","{'total': 0, '7665f76f431b41c6b321bea16aff913b': 0, '7c92678742eb4e819f3122017697ae3d': 0}",,,,,,,48.0,,,,,,,,,,,,,,,-48.0,,,,,,,,,,,,,,,,,,,,,,,,,,,,,
hackingnoises,Oxidiot,2,"{'total': 9, '562a308be86c4ec09438387860e792cc': 5, '7c92678742eb4e819f3122017697ae3d': 4}","{'total': 0, '562a308be86c4ec09438387860e792cc': 0, '7c92678742eb4e819f3122017697ae3d': 0}",,,70.0,,,,,,,,,,,,,,,,,,,-70.0,,,,,,,,,,,,,,,,,,,,,,,,,,,,,
hackingnoises,priffie,2,"{'total': 0, '7c92678742eb4e819f3122017697ae3d': 0, 'af22aaab9ee74596a3578bd6345d25b5': 0}","{'total': 0, '7c92678742eb4e819f3122017697ae3d': 0, 'af22aaab9ee74596a3578bd6345d25b5': 0}",,,,,0.0,,,,,,,,,,,,,,,,,0.0,,,,,,,,,,,,,,,,,,,,,,,,,,,,,
hackingnoises,ANJOUU,2,"{'total': 3, '625146b684804a29af2eaeb483a59ddf': 2, '7c92678742eb4e819f3122017697ae3d': 1}","{'total': 0, '625146b684804a29af2eaeb483a59ddf': 0, '7c92678742eb4e819f3122017697ae3d': 0}",,,,,,,,,,,,,,,,,,,,,,-19.0,19.0,,,,,,,,,,,,,,,,,,,,,,,,,,,,
hackingnoises,AutomattPL,2,"{'total': 0, 'fa61606e8131484c8dee506d1ff9a8dc': 0, '7c92678742eb4e819f3122017697ae3d': 0}","{'total': 0, 'fa61606e8131484c8dee506d1ff9a8dc': 0, '7c92678742eb4e819f3122017697ae3d': 0}",,,,,,,,,,,,,,,0.0,,,,,,,0.0,,,,,,,,,,,,,,,,,,,,,,,,,,,,,
hackingnoises,BeefSalad,2,"{'total': 13, '3b01d4b4fef14f178b75f05c04dd34ef': 9, '7c92678742eb4e819f3122017697ae3d': 4}","{'total': 0, '3b01d4b4fef14f178b75f05c04dd34ef': 0, '7c92678742eb4e819f3122017697ae3d': 0}",,,,,,,,,,,,,,,,,,,,,,-118.0,,118.0,,,,,,,,,,,,,,,,,,,,,,,,,,,
hackingnoises,Bloonskiller,2,"{'total': 0, '00f996cd910f479ba0903d85c2bdb1e0': 0, '7c92678742eb4e819f3122017697ae3d': 0}","{'total': 0, '00f996cd910f479ba0903d85c2bdb1e0': 0, '7c92678742eb4e819f3122017697ae3d': 0}",,,,,,,,,,,,,,,,,,,,,,0.0,,,0.0,,,,,,,,,,,,,,,,,,,,,,,,,,
hackingnoises,loodlow,2,"{'total': 0, '7c92678742eb4e819f3122017697ae3d': 0, '9dcb17d831b24df2bae778cfd750ab1b': 0}","{'total': 0, '7c92678742eb4e819f3122017697ae3d': 0, '9dcb17d831b24df2bae778cfd750ab1b': 0}",,,,,,,,,,,,,,,,,,,,,,0.0,,,,0.0,,,,,,,,,,,,,,,,,,,,,,,,,
hackingnoises,paplerr,2,"{'total': 5, '7c92678742eb4e819f3122017697ae3d': 4, 'c670041ed84c480cab4a6ee904905b5f': 1}","{'total': 0, '7c92678742eb4e819f3122017697ae3d': 0, 'c670041ed84c480cab4a6ee904905b5f': 0}",,,,,,,,,,,,,,,,,,,,,,52.0,,,,,-52.0,,,,,,,,,,,,,,,,,,,,,,,,
hackingnoises,v_strid,2,"{'total': 2, '388533d5a2ad4b349a31db4738670a4b': 0, '7c92678742eb4e819f3122017697ae3d': 2}","{'total': 0, '388533d5a2ad4b349a31db4738670a4b': 0, '7c92678742eb4e819f3122017697ae3d': 0}",,,,,,,,,,,,,,,,,,,,,,17.0,,,,,,-17.0,,,,,,,,,,,,,,,,,,,,,,,
hackingnoises,autoqualler,2,"{'total': 0, 'dd34e44dfe5d4e05923d876b9c34ca5f': 0, '7c92678742eb4e819f3122017697ae3d': 0}","{'total': 0, 'dd34e44dfe5d4e05923d876b9c34ca5f': 0, '7c92678742eb4e819f3122017697ae3d': 0}",,,,,,,,,,,,,,,,,,,,,,0.0,,,,,,,0.0,,,,,,,,,,,,,,,,,,,,,,
lowk3y_,Oxidiot,2,"{'total': 0, '562a308be86c4ec09438387860e792cc': 0, '7665f76f431b41c6b321bea16aff913b': 0}","{'total': 0, '562a308be86c4ec09438387860e792cc': 0, '7665f76f431b41c6b321bea16aff913b': 0}",,,0.0,,,,0.0,,,,,,,,,,,,,,,,,,,,,,,,,,,,,,,,,,,,,,,,,,,,
lowk3y_,priffie,2,"{'total': 0, '7665f76f431b41c6b321bea16aff913b': 0, 'af22aaab9ee74596a3578bd6345d25b5': 0}","{'total': 0, '7665f76f431b41c6b321bea16aff913b': 0, 'af22aaab9ee74596a3578bd6345d25b5': 0}",,,,,0.0,,0.0,,,,,,,,,,,,,,,,,,,,,,,,,,,,,,,,,,,,,,,,,,,,
lowk3y_,ANJOUU,2,"{'total': 2, '625146b684804a29af2eaeb483a59ddf': 0, '7665f76f431b41c6b321bea16aff913b': 2}","{'total': 0, '625146b684804a29af2eaeb483a59ddf': 0, '7665f76f431b41c6b321bea16aff913b': 0}",,,,,,,40.0,,,,,,,,,,,,,,,,-40.0,,,,,,,,,,,,,,,,,,,,,,,,,,,,
lowk3y_,AutomattPL,2,"{'total': 0, 'fa61606e8131484c8dee506d1ff9a8dc': 0, '7665f76f431b41c6b321bea16aff913b': 0}","{'total': 0, 'fa61606e8131484c8dee506d1ff9a8dc': 0, '7665f76f431b41c6b321bea16aff913b': 0}",,,,,,,0.0,,,,,,,,0.0,,,,,,,,,,,,,,,,,,,,,,,,,,,,,,,,,,,,
lowk3y_,BeefSalad,2,"{'total': 13, '3b01d4b4fef14f178b75f05c04dd34ef': 6, '7665f76f431b41c6b321bea16aff913b': 6}","{'total': 0, '3b01d4b4fef14f178b75f05c04dd34ef': 0, '7665f76f431b41c6b321bea16aff913b': 0}",,,,,,,12.0,,,,,,,,,,,,,,,,,-12.0,,,,,,,,,,,,,,,,,,,,,,,,,,,
lowk3y_,Bloonskiller,2,"{'total': 2, '00f996cd910f479ba0903d85c2bdb1e0': 1, '7665f76f431b41c6b321bea16aff913b': 0}","{'total': 0, '00f996cd910f479ba0903d85c2bdb1e0': 0, '7665f76f431b41c6b321bea16aff913b': 0}",,,,,,,-20.0,,,,,,,,,,,,,,,,,,20.0,,,,,,,,,,,,,,,,,,,,,,,,,,
lowk3y_,loodlow,2,"{'total': 0, '9dcb17d831b24df2bae778cfd750ab1b': 0, '7665f76f431b41c6b321bea16aff913b': 0}","{'total': 0, '9dcb17d831b24df2bae778cfd750ab1b': 0, '7665f76f431b41c6b321bea16aff913b': 0}",,,,,,,0.0,,,,,,,,,,,,,,,,,,,0.0,,,,,,,,,,,,,,,,,,,,,,,,,
lowk3y_,paplerr,2,"{'total': 0, '7665f76f431b41c6b321bea16aff913b': 0, 'c670041ed84c480cab4a6ee904905b5f': 0}","{'total': 0, '7665f76f431b41c6b321bea16aff913b': 0, 'c670041ed84c480cab4a6ee904905b5f': 0}",,,,,,,0.0,,,,,,,,,,,,,,,,,,,,0.0,,,,,,,,,,,,,,,,,,,,,,,,
lowk3y_,v_strid,2,"{'total': 7, '388533d5a2ad4b349a31db4738670a4b': 1, '7665f76f431b41c6b321bea16aff913b': 6}","{'total': 0, '388533d5a2ad4b349a31db4738670a4b': 0, '7665f76f431b41c6b321bea16aff913b': 0}",,,,,,,50.0,,,,,,,,,,,,,,,,,,,,,-50.0,,,,,,,,,,,,,,,,,,,,,,,
lowk3y_,autoqualler,2,"{'total': 0, 'dd34e44dfe5d4e05923d876b9c34ca5f': 0, '7665f76f431b41c6b321bea16aff913b': 0}","{'total': 0, 'dd34e44dfe5d4e05923d876b9c34ca5f': 0, '7665f76f431b41c6b321bea16aff913b': 0}",,,,,,,0.0,,,,,,,,,,,,,,,,,,,,,,0.0,,,,,,,,,,,,,,,,,,,,,,
Oxidiot,priffie,2,"{'total': 0, '562a308be86c4ec09438387860e792cc': 0, 'af22aaab9ee74596a3578bd6345d25b5': 0}","{'total': 0, '562a308be86c4ec09438387860e792cc': 0, 'af22aaab9ee74596a3578bd6345d25b5': 0}",,,0.0,,0.0,,,,,,,,,,,,,,,,,,,,,,,,,,,,,,,,,,,,,,,,,,,,,,
Oxidiot,ANJOUU,2,"{'total': 4, '562a308be86c4ec09438387860e792cc': 3, '625146b684804a29af2eaeb483a59ddf': 1}","{'total': 0, '562a308be86c4ec09438387860e792cc': 0, '625146b684804a29af2eaeb483a59ddf': 0}",,,54.0,,,,,,,,,,,,,,,,,,,,-54.0,,,,,,,,,,,,,,,,,,,,,,,,,,,,
Oxidiot,AutomattPL,2,"{'total': 0, 'fa61606e8131484c8dee506d1ff9a8dc': 0, '562a308be86c4ec09438387860e792cc': 0}","{'total': 0, 'fa61606e8131484c8dee506d1ff9a8dc': 0, '562a308be86c4ec09438387860e792cc': 0}",,,0.0,,,,,,,,,,,,0.0,,,,,,,,,,,,,,,,,,,,,,,,,,,,,,,,,,,,
Oxidiot,BeefSalad,2,"{'total': 8, '3b01d4b4fef14f178b75f05c04dd34ef': 4, '562a308be86c4ec09438387860e792cc': 4}","{'total': 0, '3b01d4b4fef14f178b75f05c04dd34ef': 0, '562a308be86c4ec09438387860e792cc': 0}",,,47.0,,,,,,,,,,,,,,,,,,,,,-47.0,,,,,,,,,,,,,,,,,,,,,,,,,,,
Oxidiot,Bloonskiller,2,"{'total': 2, '00f996cd910f479ba0903d85c2bdb1e0': 0, '562a308be86c4ec09438387860e792cc': 2}","{'total': 0, '00f996cd910f479ba0903d85c2bdb1e0': 0, '562a308be86c4ec09438387860e792cc': 0}",,,35.0,,,,,,,,,,,,,,,,,,,,,,-35.0,,,,,,,,,,,,,,,,,,,,,,,,,,
Oxidiot,loodlow,2,"{'total': 6, '562a308be86c4ec09438387860e792cc': 3, '9dcb17d831b24df2bae778cfd750ab1b': 3}","{'total': 0, '562a308be86c4ec09438387860e792cc': 0, '9dcb17d831b24df2bae778cfd750ab1b': 0}",,,-2.0,,,,,,,,,,,,,,,,,,,,,,,2.0,,,,,,,,,,,,,,,,,,,,,,,,,
Oxidiot,paplerr,2,"{'total': 12, '562a308be86c4ec09438387860e792cc': 4, 'c670041ed84c480cab4a6ee904905b5f': 8}","{'total': 0, '562a308be86c4ec09438387860e792cc': 0, 'c670041ed84c480cab4a6ee904905b5f': 0}",,,-91.0,,,,,,,,,,,,,,,,,,,,,,,,91.0,,,,,,,,,,,,,,,,,,,,,,,,
Oxidiot,v_strid,2,"{'total': 12, '388533d5a2ad4b349a31db4738670a4b': 7, '562a308be86c4ec09438387860e792cc': 5}","{'total': 0, '388533d5a2ad4b349a31db4738670a4b': 0, '562a308be86c4ec09438387860e792cc': 0}",,,3.0,,,,,,,,,,,,,,,,,,,,,,,,,-3.0,,,,,,,,,,,,,,,,,,,,,,,
Oxidiot,autoqualler,2,"{'total': 1, '562a308be86c4ec09438387860e792cc': 1, 'dd34e44dfe5d4e05923d876b9c34ca5f': 0}","{'total': 0, '562a308be86c4ec09438387860e792cc': 0, 'dd34e44dfe5d4e05923d876b9c34ca5f': 0}",,,18.0,,,,,,,,,,,,,,,,,,,,,,,,,,-18.0,,,,,,,,,,,,,,,,,,,,,,
priffie,ANJOUU,2,"{'total': 0, '625146b684804a29af2eaeb483a59ddf': 0, 'af22aaab9ee74596a3578bd6345d25b5': 0}","{'total': 0, '625146b684804a29af2eaeb483a59ddf': 0, 'af22aaab9ee74596a3578bd6345d25b5': 0}",,,,,0.0,,,,,,,,,,,,,,,,,,0.0,,,,,,,,,,,,,,,,,,,,,,,,,,,,
priffie,AutomattPL,2,"{'total': 0, 'fa61606e8131484c8dee506d1ff9a8dc': 0, 'af22aaab9ee74596a3578bd6345d25b5': 0}","{'total': 0, 'fa61606e8131484c8dee506d1ff9a8dc': 0, 'af22aaab9ee74596a3578bd6345d25b5': 0}",,,,,0.0,,,,,,,,,,0.0,,,,,,,,,,,,,,,,,,,,,,,,,,,,,,,,,,,,
priffie,BeefSalad,2,"{'total': 0, '3b01d4b4fef14f178b75f05c04dd34ef': 0, 'af22aaab9ee74596a3578bd6345d25b5': 0}","{'total': 0, '3b01d4b4fef14f178b75f05c04dd34ef': 0, 'af22aaab9ee74596a3578bd6345d25b5': 0}",,,,,0.0,,,,,,,,,,,,,,,,,,,0.0,,,,,,,,,,,,,,,,,,,,,,,,,,,
priffie,Bloonskiller,2,"{'total': 0, '00f996cd910f479ba0903d85c2bdb1e0': 0, 'af22aaab9ee74596a3578bd6345d25b5': 0}","{'total': 0, '00f996cd910f479ba0903d85c2bdb1e0': 0, 'af22aaab9ee74596a3578bd6345d25b5': 0}",,,,,0.0,,,,,,,,,,,,,,,,,,,,0.0,,,,,,,,,,,,,,,,,,,,,,,,,,
priffie,loodlow,2,"{'total': 0, '9dcb17d831b24df2bae778cfd750ab1b': 0, 'af22aaab9ee74596a3578bd6345d25b5': 0}","{'total': 0, '9dcb17d831b24df2bae778cfd750ab1b': 0, 'af22aaab9ee74596a3578bd6345d25b5': 0}",,,,,0.0,,,,,,,,,,,,,,,,,,,,,0.0,,,,,,,,,,,,,,,,,,,,,,,,,
priffie,paplerr,2,"{'total': 0, 'c670041ed84c480cab4a6ee904905b5f': 0, 'af22aaab9ee74596a3578bd6345d25b5': 0}","{'total': 0, 'c670041ed84c480cab4a6ee904905b5f': 0, 'af22aaab9ee74596a3578bd6345d25b5': 0}",,,,,0.0,,,,,,,,,,,,,,,,,,,,,,0.0,,,,,,,,,,,,,,,,,,,,,,,,
priffie,v_strid,2,"{'total': 0, 'af22aaab9ee74596a3578bd6345d25b5': 0, '388533d5a2ad4b349a31db4738670a4b': 0}","{'total': 0, 'af22aaab9ee74596a3578bd6345d25b5': 0, '388533d5a2ad4b349a31db4738670a4b': 0}",,,,,0.0,,,,,,,,,,,,,,,,,,,,,,,0.0,,,,,,,,,,,,,,,,,,,,,,,
priffie,autoqualler,2,"{'total': 0, 'dd34e44dfe5d4e05923d876b9c34ca5f': 0, 'af22aaab9ee74596a3578bd6345d25b5': 0}","{'total': 0, 'dd34e44dfe5d4e05923d876b9c34ca5f': 0, 'af22aaab9ee74596a3578bd6345d25b5': 0}",,,,,0.0,,,,,,,,,,,,,,,,,,,,,,,,0.0,,,,,,,,,,,,,,,,,,,,,,
ANJOUU,AutomattPL,2,"{'total': 0, '625146b684804a29af2eaeb483a59ddf': 0, 'fa61606e8131484c8dee506d1ff9a8dc': 0}","{'total': 0, '625146b684804a29af2eaeb483a59ddf': 0, 'fa61606e8131484c8dee506d1ff9a8dc': 0}",,,,,,,,,,,,,,,0.0,,,,,,,,0.0,,,,,,,,,,,,,,,,,,,,,,,,,,,,
ANJOUU,BeefSalad,2,"{'total': 59, '3b01d4b4fef14f178b75f05c04dd34ef': 30, '625146b684804a29af2eaeb483a59ddf': 29}","{'total': 0, '3b01d4b4fef14f178b75f05c04dd34ef': 0, '625146b684804a29af2eaeb483a59ddf': 0}",,,,,,,,,,,,,,,,,,,,,,,56.0,-56.0,,,,,,,,,,,,,,,,,,,,,,,,,,,
ANJOUU,Bloonskiller,2,"{'total': 4, '00f996cd910f479ba0903d85c2bdb1e0': 2, '625146b684804a29af2eaeb483a59ddf': 2}","{'total': 0, '00f996cd910f479ba0903d85c2bdb1e0': 0, '625146b684804a29af2eaeb483a59ddf': 0}",,,,,,,,,,,,,,,,,,,,,,,-4.0,,4.0,,,,,,,,,,,,,,,,,,,,,,,,,,
ANJOUU,loodlow,2,"{'total': 11, '625146b684804a29af2eaeb483a59ddf': 7, '9dcb17d831b24df2bae778cfd750ab1b': 4}","{'total': 0, '625146b684804a29af2eaeb483a59ddf': 0, '9dcb17d831b24df2bae778cfd750ab1b': 0}",,,,,,,,,,,,,,,,,,,,,,,11.0,,,-11.0,,,,,,,,,,,,,,,,,,,,,,,,,
ANJOUU,paplerr,2,"{'total': 10, '625146b684804a29af2eaeb483a59ddf': 5, 'c670041ed84c480cab4a6ee904905b5f': 5}","{'total': 0, '625146b684804a29af2eaeb483a59ddf': 0, 'c670041ed84c480cab4a6ee904905b5f': 0}",,,,,,,,,,,,,,,,,,,,,,,-41.0,,,,41.0,,,,,,,,,,,,,,,,,,,,,,,,
ANJOUU,v_strid,2,"{'total': 67, '388533d5a2ad4b349a31db4738670a4b': 31, '625146b684804a29af2eaeb483a59ddf': 36}","{'total': 0, '388533d5a2ad4b349a31db4738670a4b': 0, '625146b684804a29af2eaeb483a59ddf': 0}",,,,,,,,,,,,,,,,,,,,,,,143.0,,,,,-143.0,,,,,,,,,,,,,,,,,,,,,,,
ANJOUU,autoqualler,2,"{'total': 1, '625146b684804a29af2eaeb483a59ddf': 1, 'dd34e44dfe5d4e05923d876b9c34ca5f': 0}","{'total': 0, '625146b684804a29af2eaeb483a59ddf': 0, 'dd34e44dfe5d4e05923d876b9c34ca5f': 0}",,,,,,,,,,,,,,,,,,,,,,,19.0,,,,,,-19.0,,,,,,,,,,,,,,,,,,,,,,
AutomattPL,BeefSalad,2,"{'total': 0, 'fa61606e8131484c8dee506d1ff9a8dc': 0, '3b01d4b4fef14f178b75f05c04dd34ef': 0}","{'total': 0, 'fa61606e8131484c8dee506d1ff9a8dc': 0, '3b01d4b4fef14f178b75f05c04dd34ef': 0}",,,,,,,,,,,,,,,0.0,,,,,,,,,0.0,,,,,,,,,,,,,,,,,,,,,,,,,,,
AutomattPL,Bloonskiller,2,"{'total': 0, 'fa61606e8131484c8dee506d1ff9a8dc': 0, '00f996cd910f479ba0903d85c2bdb1e0': 0}","{'total': 0, 'fa61606e8131484c8dee506d1ff9a8dc': 0, '00f996cd910f479ba0903d85c2bdb1e0': 0}",,,,,,,,,,,,,,,0.0,,,,,,,,,,0.0,,,,,,,,,,,,,,,,,,,,,,,,,,
AutomattPL,loodlow,2,"{'total': 0, 'fa61606e8131484c8dee506d1ff9a8dc': 0, '9dcb17d831b24df2bae778cfd750ab1b': 0}","{'total': 0, 'fa61606e8131484c8dee506d1ff9a8dc': 0, '9dcb17d831b24df2bae778cfd750ab1b': 0}",,,,,,,,,,,,,,,0.0,,,,,,,,,,,0.0,,,,,,,,,,,,,,,,,,,,,,,,,
AutomattPL,paplerr,2,"{'total': 0, 'fa61606e8131484c8dee506d1ff9a8dc': 0, 'c670041ed84c480cab4a6ee904905b5f': 0}","{'total': 0, 'fa61606e8131484c8dee506d1ff9a8dc': 0, 'c670041ed84c480cab4a6ee904905b5f': 0}",,,,,,,,,,,,,,,0.0,,,,,,,,,,,,0.0,,,,,,,,,,,,,,,,,,,,,,,,
AutomattPL,v_strid,2,"{'total': 0, 'fa61606e8131484c8dee506d1ff9a8dc': 0, '388533d5a2ad4b349a31db4738670a4b': 0}","{'total': 0, 'fa61606e8131484c8dee506d1ff9a8dc': 0, '388533d5a2ad4b349a31db4738670a4b': 0}",,,,,,,,,,,,,,,0.0,,,,,,,,,,,,,0.0,,,,,,,,,,,,,,,,,,,,,,,
AutomattPL,autoqualler,2,"{'total': 0, 'fa61606e8131484c8dee506d1ff9a8dc': 0, 'dd34e44dfe5d4e05923d876b9c34ca5f': 0}","{'total': 0, 'fa61606e8131484c8dee506d1ff9a8dc': 0, 'dd34e44dfe5d4e05923d876b9c34ca5f': 0}",,,,,,,,,,,,,,,0.0,,,,,,,,,,,,,,0.0,,,,,,,,,,,,,,,,,,,,,,
BeefSalad,Bloonskiller,2,"{'total': 8, '00f996cd910f479ba0903d85c2bdb1e0': 3, '3b01d4b4fef14f178b75f05c04dd34ef': 5}","{'total': 0, '00f996cd910f479ba0903d85c2bdb1e0': 0, '3b01d4b4fef14f178b75f05c04dd34ef': 0}",,,,,,,,,,,,,,,,,,,,,,,,2.0,-2.0,,,,,,,,,,,,,,,,,,,,,,,,,,
BeefSalad,loodlow,2,"{'total': 13, '3b01d4b4fef14f178b75f05c04dd34ef': 5, '9dcb17d831b24df2bae778cfd750ab1b': 8}","{'total': 0, '3b01d4b4fef14f178b75f05c04dd34ef': 0, '9dcb17d831b24df2bae778cfd750ab1b': 0}",,,,,,,,,,,,,,,,,,,,,,,,-107.0,,107.0,,,,,,,,,,,,,,,,,,,,,,,,,
BeefSalad,paplerr,2,"{'total': 15, '3b01d4b4fef14f178b75f05c04dd34ef': 7, 'c670041ed84c480cab4a6ee904905b5f': 7}","{'total': 0, '3b01d4b4fef14f178b75f05c04dd34ef': 0, 'c670041ed84c480cab4a6ee904905b5f': 0}",,,,,,,,,,,,,,,,,,,,,,,,-74.0,,,74.0,,,,,,,,,,,,,,,,,,,,,,,,
BeefSalad,v_strid,2,"{'total': 64, '388533d5a2ad4b349a31db4738670a4b': 22, '3b01d4b4fef14f178b75f05c04dd34ef': 42}","{'total': 0, '388533d5a2ad4b349a31db4738670a4b': 0, '3b01d4b4fef14f178b75f05c04dd34ef': 0}",,,,,,,,,,,,,,,,,,,,,,,,227.0,,,,-227.0,,,,,,,,,,,,,,,,,,,,,,,
BeefSalad,autoqualler,2,"{'total': 2, '3b01d4b4fef14f178b75f05c04dd34ef': 2, 'dd34e44dfe5d4e05923d876b9c34ca5f': 0}","{'total': 0, '3b01d4b4fef14f178b75f05c04dd34ef': 0, 'dd34e44dfe5d4e05923d876b9c34ca5f': 0}",,,,,,,,,,,,,,,,,,,,,,,,32.0,,,,,-32.0,,,,,,,,,,,,,,,,,,,,,,
Bloonskiller,loodlow,2,"{'total': 3, '00f996cd910f479ba0903d85c2bdb1e0': 2, '9dcb17d831b24df2bae778cfd750ab1b': 0}","{'total': 0, '00f996cd910f479ba0903d85c2bdb1e0': 0, '9dcb17d831b24df2bae778cfd750ab1b': 0}",,,,,,,,,,,,,,,,,,,,,,,,,43.0,-43.0,,,,,,,,,,,,,,,,,,,,,,,,,
Bloonskiller,paplerr,2,"{'total': 0, '00f996cd910f479ba0903d85c2bdb1e0': 0, 'c670041ed84c480cab4a6ee904905b5f': 0}","{'total': 0, '00f996cd910f479ba0903d85c2bdb1e0': 0, 'c670041ed84c480cab4a6ee904905b5f': 0}",,,,,,,,,,,,,,,,,,,,,,,,,0.0,,0.0,,,,,,,,,,,,,,,,,,,,,,,,
Bloonskiller,v_strid,2,"{'total': 6, '00f996cd910f479ba0903d85c2bdb1e0': 1, '388533d5a2ad4b349a31db4738670a4b': 5}","{'total': 0, '00f996cd910f479ba0903d85c2bdb1e0': 0, '388533d5a2ad4b349a31db4738670a4b': 0}",,,,,,,,,,,,,,,,,,,,,,,,,-52.0,,,52.0,,,,,,,,,,,,,,,,,,,,,,,
Bloonskiller,autoqualler,2,"{'total': 5, '00f996cd910f479ba0903d85c2bdb1e0': 1, 'dd34e44dfe5d4e05923d876b9c34ca5f': 4}","{'total': 0, '00f996cd910f479ba0903d85c2bdb1e0': 0, 'dd34e44dfe5d4e05923d876b9c34ca5f': 0}",,,,,,,,,,,,,,,,,,,,,,,,,-65.0,,,,65.0,,,,,,,,,,,,,,,,,,,,,,
loodlow,paplerr,2,"{'total': 8, '9dcb17d831b24df2bae778cfd750ab1b': 2, 'c670041ed84c480cab4a6ee904905b5f': 5}","{'total': 0, '9dcb17d831b24df2bae778cfd750ab1b': 0, 'c670041ed84c480cab4a6ee904905b5f': 0}",,,,,,,,,,,,,,,,,,,,,,,,,,-28.0,28.0,,,,,,,,,,,,,,,,,,,,,,,,
loodlow,v_strid,2,"{'total': 23, '388533d5a2ad4b349a31db4738670a4b': 10, '9dcb17d831b24df2bae778cfd750ab1b': 13}","{'total': 0, '388533d5a2ad4b349a31db4738670a4b': 0, '9dcb17d831b24df2bae778cfd750ab1b': 0}",,,,,,,,,,,,,,,,,,,,,,,,,,141.0,,-141.0,,,,,,,,,,,,,,,,,,,,,,,
loodlow,autoqualler,2,"{'total': 5, '9dcb17d831b24df2bae778cfd750ab1b': 2, 'dd34e44dfe5d4e05923d876b9c34ca5f': 3}","{'total': 0, '9dcb17d831b24df2bae778cfd750ab1b': 0, 'dd34e44dfe5d4e05923d876b9c34ca5f': 0}",,,,,,,,,,,,,,,,,,,,,,,,,,-23.0,,,23.0,,,,,,,,,,,,,,,,,,,,,,
paplerr,v_strid,2,"{'total': 6, '388533d5a2ad4b349a31db4738670a4b': 3, 'c670041ed84c480cab4a6ee904905b5f': 3}","{'total': 0, '388533d5a2ad4b349a31db4738670a4b': 0, 'c670041ed84c480cab4a6ee904905b5f': 0}",,,,,,,,,,,,,,,,,,,,,,,,,,,4.0,-4.0,,,,,,,,,,,,,,,,,,,,,,,
paplerr,autoqualler,2,"{'total': 3, 'c670041ed84c480cab4a6ee904905b5f': 1, 'dd34e44dfe5d4e05923d876b9c34ca5f': 2}","{'total': 0, 'c670041ed84c480cab4a6ee904905b5f': 0, 'dd34e44dfe5d4e05923d876b9c34ca5f': 0}",,,,,,,,,,,,,,,,,,,,,,,,,,,-30.0,,30.0,,,,,,,,,,,,,,,,,,,,,,
v_strid,autoqualler,2,"{'total': 8, '388533d5a2ad4b349a31db4738670a4b': 5, 'dd34e44dfe5d4e05923d876b9c34ca5f': 3}","{'total': 0, '388533d5a2ad4b349a31db4738670a4b': 0, 'dd34e44dfe5d4e05923d876b9c34ca5f': 0}",,,,,,,,,,,,,,,,,,,,,,,,,,,,12.0,-12.0,,,,,,,,,,,,,,,,,,,,,,
7rowl,Ancoboyy,2,"{'total': 16, '70eb9286e3e24153a8b37c8f884f1292': 12, 'bc80af38933f4ae19b0494681a54422b': 4}","{'total': 0, '70eb9286e3e24153a8b37c8f884f1292': 0, 'bc80af38933f4ae19b0494681a54422b': 0}",,,,,,,,135.0,,-135.0,,,,,,,,,,,,,,,,,,,,,,,,,,,,,,,,,,,,,,,,,
7rowl,dandannyboy,2,"{'total': 1, '70eb9286e3e24153a8b37c8f884f1292': 1, 'e4808bc3e1e347988cbb59b55d723e0f': 0}","{'total': 0, '70eb9286e3e24153a8b37c8f884f1292': 0, 'e4808bc3e1e347988cbb59b55d723e0f': 0}",,-14.0,,,,,,14.0,,,,,,,,,,,,,,,,,,,,,,,,,,,,,,,,,,,,,,,,,,,
7rowl,doogile,2,"{'total': 3, '3c8757790ab0400b8b9e3936e0dd535b': 1, '70eb9286e3e24153a8b37c8f884f1292': 2}","{'total': 0, '3c8757790ab0400b8b9e3936e0dd535b': 0, '70eb9286e3e24153a8b37c8f884f1292': 0}",,,,,,,,32.0,-32.0,,,,,,,,,,,,,,,,,,,,,,,,,,,,,,,,,,,,,,,,,,
7rowl,AutomattPLUS,2,"{'total': 1, '2988fcfbc6b141a497faa915e13b6592': 1, '70eb9286e3e24153a8b37c8f884f1292': 0}","{'total': 0, '2988fcfbc6b141a497faa915e13b6592': 0, '70eb9286e3e24153a8b37c8f884f1292': 0}",,,,,,,,-26.0,,,,,,,,,,,,,,,,,,,,,,26.0,,,,,,,,,,,,,,,,,,,,,
7rowl,hackingnoises,2,"{'total': 10, '70eb9286e3e24153a8b37c8f884f1292': 4, '7c92678742eb4e819f3122017697ae3d': 5}","{'total': 0, '70eb9286e3e24153a8b37c8f884f1292': 0, '7c92678742eb4e819f3122017697ae3d': 0}",,,,,,,,-9.0,,,,,,,,,,,,,,9.0,,,,,,,,,,,,,,,,,,,,,,,,,,,,,
7rowl,Hinart,2,"{'total': 1, '25d4de4fe37248f0bba16b43ca1994bb': 0, '70eb9286e3e24153a8b37c8f884f1292': 1}","{'total': 0, '25d4de4fe37248f0bba16b43ca1994bb': 0, '70eb9286e3e24153a8b37c8f884f1292': 0}",,,,,,,,12.0,,,,,,,,,,,,,,,,,,,,,,,-12.0,,,,,,,,,,,,,,,,,,,,
7rowl,lowk3y_,2,"{'total': 3, '70eb9286e3e24153a8b37c8f884f1292': 1, '7665f76f431b41c6b321bea16aff913b': 2}","{'total': 0, '70eb9286e3e24153a8b37c8f884f1292': 0, '7665f76f431b41c6b321bea16aff913b': 0}",,,,,,,15.0,-15.0,,,,,,,,,,,,,,,,,,,,,,,,,,,,,,,,,,,,,,,,,,,
7rowl,Oxidiot,2,"{'total': 7, '562a308be86c4ec09438387860e792cc': 2, '70eb9286e3e24153a8b37c8f884f1292': 5}","{'total': 0, '562a308be86c4ec09438387860e792cc': 0, '70eb9286e3e24153a8b37c8f884f1292': 0}",,,-43.0,,,,,43.0,,,,,,,,,,,,,,,,,,,,,,,,,,,,,,,,,,,,,,,,,,,
7rowl,paplerr,2,"{'total': 3, '70eb9286e3e24153a8b37c8f884f1292': 0, 'c670041ed84c480cab4a6ee904905b5f': 2}","{'total': 0, '70eb9286e3e24153a8b37c8f884f1292': 0, 'c670041ed84c480cab4a6ee904905b5f': 0}",,,,,,,,-46.0,,,,,,,,,,,,,,,,,,,46.0,,,,,,,,,,,,,,,,,,,,,,,,
7rowl,priffie,2,"{'total': 0, '70eb9286e3e24153a8b37c8f884f1292': 0, 'af22aaab9ee74596a3578bd6345d25b5': 0}","{'total': 0, '70eb9286e3e24153a8b37c8f884f1292': 0, 'af22aaab9ee74596a3578bd6345d25b5': 0}",,,,,0.0,,,0.0,,,,,,,,,,,,,,,,,,,,,,,,,,,,,,,,,,,,,,,,,,,
7rowl,silverrruns,2,"{'total': 4, '17e787d1d6374f818b294f2319db370d': 1, '70eb9286e3e24153a8b37c8f884f1292': 3}","{'total': 0, '17e787d1d6374f818b294f2319db370d': 0, '70eb9286e3e24153a8b37c8f884f1292': 0}",-32.0,,,,,,,32.0,,,,,,,,,,,,,,,,,,,,,,,,,,,,,,,,,,,,,,,,,,,
7rowl,ANJOUU,2,"{'total': 5, '625146b684804a29af2eaeb483a59ddf': 2, '70eb9286e3e24153a8b37c8f884f1292': 3}","{'total': 0, '625146b684804a29af2eaeb483a59ddf': 0, '70eb9286e3e24153a8b37c8f884f1292': 0}",,,,,,,,13.0,,,,,,,,,,,,,,,-13.0,,,,,,,,,,,,,,,,,,,,,,,,,,,,
7rowl,bing_pigs,2,"{'total': 15, '70eb9286e3e24153a8b37c8f884f1292': 4, '92b63a39b36a445fa94c77ae212dcea3': 11}","{'total': 0, '70eb9286e3e24153a8b37c8f884f1292': 0, '92b63a39b36a445fa94c77ae212dcea3': 0}",,,,,,,,-112.0,,,,,,,,,,,,112.0,,,,,,,,,,,,,,,,,,,,,,,,,,,,,,,
7rowl,Cube1337x,2,"{'total': 0, '70eb9286e3e24153a8b37c8f884f1292': 0, '1ae14cb96a2f4357a71efac6f7012b59': 0}","{'total': 0, '70eb9286e3e24153a8b37c8f884f1292': 0, '1ae14cb96a2f4357a71efac6f7012b59': 0}",,,,,,,,0.0,,,,,,,,,,,,,,,,,,,,,,,,0.0,,,,,,,,,,,,,,,,,,,
7rowl,v_strid,2,"{'total': 29, '388533d5a2ad4b349a31db4738670a4b': 11, '70eb9286e3e24153a8b37c8f884f1292': 17}","{'total': 0, '388533d5a2ad4b349a31db4738670a4b': 0, '70eb9286e3e24153a8b37c8f884f1292': 0}",,,,,,,,114.0,,,,,,,,,,,,,,,,,,,,-94.0,,,,,,,,,,,,,,,,,,,,,,,
Ancoboyy,dandannyboy,2,"{'total': 0, 'bc80af38933f4ae19b0494681a54422b': 0, 'e4808bc3e1e347988cbb59b55d723e0f': 0}","{'total': 0, 'bc80af38933f4ae19b0494681a54422b': 0, 'e4808bc3e1e347988cbb59b55d723e0f': 0}",,0.0,,,,,,,,0.0,,,,,,,,,,,,,,,,,,,,,,,,,,,,,,,,,,,,,,,,,
Ancoboyy,doogile,2,"{'total': 3, '3c8757790ab0400b8b9e3936e0dd535b': 1, 'bc80af38933f4ae19b0494681a54422b': 2}","{'total': 0, '3c8757790ab0400b8b9e3936e0dd535b': 0, 'bc80af38933f4ae19b0494681a54422b': 0}",,,,,,,,,-50.0,50.0,,,,,,,,,,,,,,,,,,,,,,,,,,,,,,,,,,,,,,,,,
Ancoboyy,AutomattPLUS,2,"{'total': 3, '2988fcfbc6b141a497faa915e13b6592': 1, 'bc80af38933f4ae19b0494681a54422b': 2}","{'total': 0, '2988fcfbc6b141a497faa915e13b6592': 0, 'bc80af38933f4ae19b0494681a54422b': 0}",,,,,,,,,,10.0,,,,,,,,,,,,,,,,,,,,-10.0,,,,,,,,,,,,,,,,,,,,,
Ancoboyy,hackingnoises,2,"{'total': 1, '7c92678742eb4e819f3122017697ae3d': 0, 'bc80af38933f4ae19b0494681a54422b': 1}","{'total': 0, '7c92678742eb4e819f3122017697ae3d': 0, 'bc80af38933f4ae19b0494681a54422b': 0}",,,,,,,,,,28.0,,,,,,,,,,,,-28.0,,,,,,,,,,,,,,,,,,,,,,,,,,,,,
Ancoboyy,Hinart,2,"{'total': 0, 'bc80af38933f4ae19b0494681a54422b': 0, '25d4de4fe37248f0bba16b43ca1994bb': 0}","{'total': 0, 'bc80af38933f4ae19b0494681a54422b': 0, '25d4de4fe37248f0bba16b43ca1994bb': 0}",,,,,,,,,,0.0,,,,,,,,,,,,,,,,,,,,,0.0,,,,,,,,,,,,,,,,,,,,
Ancoboyy,lowk3y_,2,"{'total': 0, 'bc80af38933f4ae19b0494681a54422b': 0, '7665f76f431b41c6b321bea16aff913b': 0}","{'total': 0, 'bc80af38933f4ae19b0494681a54422b': 0, '7665f76f431b41c6b321bea16aff913b': 0}",,,,,,,0.0,,,0.0,,,,,,,,,,,,,,,,,,,,,,,,,,,,,,,,,,,,,,,,,
Ancoboyy,Oxidiot,2,"{'total': 1, '562a308be86c4ec09438387860e792cc': 1, 'bc80af38933f4ae19b0494681a54422b': 0}","{'total': 0, '562a308be86c4ec09438387860e792cc': 0, 'bc80af38933f4ae19b0494681a54422b': 0}",,,26.0,,,,,,,-26.0,,,,,,,,,,,,,,,,,,,,,,,,,,,,,,,,,,,,,,,,,
Ancoboyy,paplerr,2,"{'total': 0, 'bc80af38933f4ae19b0494681a54422b': 0, 'c670041ed84c480cab4a6ee904905b5f': 0}","{'total': 0, 'bc80af38933f4ae19b0494681a54422b': 0, 'c670041ed84c480cab4a6ee904905b5f': 0}",,,,,,,,,,0.0,,,,,,,,,,,,,,,,,0.0,,,,,,,,,,,,,,,,,,,,,,,,
Ancoboyy,priffie,2,"{'total': 0, 'bc80af38933f4ae19b0494681a54422b': 0, 'af22aaab9ee74596a3578bd6345d25b5': 0}","{'total': 0, 'bc80af38933f4ae19b0494681a54422b': 0, 'af22aaab9ee74596a3578bd6345d25b5': 0}",,,,,0.0,,,,,0.0,,,,,,,,,,,,,,,,,,,,,,,,,,,,,,,,,,,,,,,,,
Ancoboyy,silverrruns,2,"{'total': 1, '17e787d1d6374f818b294f2319db370d': 0, 'bc80af38933f4ae19b0494681a54422b': 1}","{'total': 0, '17e787d1d6374f818b294f2319db370d': 0, 'bc80af38933f4ae19b0494681a54422b': 0}",-16.0,,,,,,,,,16.0,,,,,,,,,,,,,,,,,,,,,,,,,,,,,,,,,,,,,,,,,
Ancoboyy,ANJOUU,2,"{'total': 14, '625146b684804a29af2eaeb483a59ddf': 8, 'bc80af38933f4ae19b0494681a54422b': 6}","{'total': 0, '625146b684804a29af2eaeb483a59ddf': 0, 'bc80af38933f4ae19b0494681a54422b': 0}",,,,,,,,,,-38.0,,,,,,,,,,,,,58.0,,,,,,,,,,,,,,,,,,,,,,,,,,,,
Ancoboyy,bing_pigs,2,"{'total': 28, '92b63a39b36a445fa94c77ae212dcea3': 15, 'bc80af38933f4ae19b0494681a54422b': 13}","{'total': 0, '92b63a39b36a445fa94c77ae212dcea3': 0, 'bc80af38933f4ae19b0494681a54422b': 0}",,,,,,,,,,34.0,,,,,,,,,,-34.0,,,,,,,,,,,,,,,,,,,,,,,,,,,,,,,
Ancoboyy,Cube1337x,2,"{'total': 0, 'bc80af38933f4ae19b0494681a54422b': 0, '1ae14cb96a2f4357a71efac6f7012b59': 0}","{'total': 0, 'bc80af38933f4ae19b0494681a54422b': 0, '1ae14cb96a2f4357a71efac6f7012b59': 0}",,,,,,,,,,0.0,,,,,,,,,,,,,,,,,,,,,,0.0,,,,,,,,,,,,,,,,,,,
Ancoboyy,v_strid,2,"{'total': 18, '388533d5a2ad4b349a31db4738670a4b': 12, 'bc80af38933f4ae19b0494681a54422b': 6}","{'total': 0, '388533d5a2ad4b349a31db4738670a4b': 0, 'bc80af38933f4ae19b0494681a54422b': 0}",,,,,,,,,,-110.0,,,,,,,,,,,,,,,,,,110.0,,,,,,,,,,,,,,,,,,,,,,,
dandannyboy,doogile,2,"{'total': 2, '3c8757790ab0400b8b9e3936e0dd535b': 2, 'e4808bc3e1e347988cbb59b55d723e0f': 0}","{'total': 0, '3c8757790ab0400b8b9e3936e0dd535b': 0, 'e4808bc3e1e347988cbb59b55d723e0f': 0}",,-18.0,,,,,,,18.0,,,,,,,,,,,,,,,,,,,,,,,,,,,,,,,,,,,,,,,,,,
dandannyboy,AutomattPLUS,2,"{'total': 5, '2988fcfbc6b141a497faa915e13b6592': 2, 'e4808bc3e1e347988cbb59b55d723e0f': 3}","{'total': 0, '2988fcfbc6b141a497faa915e13b6592': 0, 'e4808bc3e1e347988cbb59b55d723e0f': 0}",,34.0,,,,,,,,,,,,,,,,,,,,,,,,,,,,-34.0,,,,,,,,,,,,,,,,,,,,,
dandannyboy,hackingnoises,2,"{'total': 1, '7c92678742eb4e819f3122017697ae3d': 1, 'e4808bc3e1e347988cbb59b55d723e0f': 0}","{'total': 0, '7c92678742eb4e819f3122017697ae3d': 0, 'e4808bc3e1e347988cbb59b55d723e0f': 0}",,-15.0,,,,,,,,,,,,,,,,,,,,15.0,,,,,,,,,,,,,,,,,,,,,,,,,,,,,
dandannyboy,Hinart,2,"{'total': 1, '25d4de4fe37248f0bba16b43ca1994bb': 0, 'e4808bc3e1e347988cbb59b55d723e0f': 1}","{'total': 0, '25d4de4fe37248f0bba16b43ca1994bb': 0, 'e4808bc3e1e347988cbb59b55d723e0f': 0}",,16.0,,,,,,,,,,,,,,,,,,,,,,,,,,,,,-16.0,,,,,,,,,,,,,,,,,,,,
dandannyboy,lowk3y_,2,"{'total': 3, '7665f76f431b41c6b321bea16aff913b': 2, 'e4808bc3e1e347988cbb59b55d723e0f': 1}","{'total': 0, '7665f76f431b41c6b321bea16aff913b': 0, 'e4808bc3e1e347988cbb59b55d723e0f': 0}",,-22.0,,,,,22.0,,,,,,,,,,,,,,,,,,,,,,,,,,,,,,,,,,,,,,,,,,,,
dandannyboy,Oxidiot,2,"{'total': 0, '562a308be86c4ec09438387860e792cc': 0, 'e4808bc3e1e347988cbb59b55d723e0f': 0}","{'total': 0, '562a308be86c4ec09438387860e792cc': 0, 'e4808bc3e1e347988cbb59b55d723e0f': 0}",,0.0,0.0,,,,,,,,,,,,,,,,,,,,,,,,,,,,,,,,,,,,,,,,,,,,,,,,
dandannyboy,paplerr,2,"{'total': 0, 'e4808bc3e1e347988cbb59b55d723e0f': 0, 'c670041ed84c480cab4a6ee904905b5f': 0}","{'total': 0, 'e4808bc3e1e347988cbb59b55d723e0f': 0, 'c670041ed84c480cab4a6ee904905b5f': 0}",,0.0,,,,,,,,,,,,,,,,,,,,,,,,,0.0,,,,,,,,,,,,,,,,,,,,,,,,
dandannyboy,priffie,2,"{'total': 0, 'e4808bc3e1e347988cbb59b55d723e0f': 0, 'af22aaab9ee74596a3578bd6345d25b5': 0}","{'total': 0, 'e4808bc3e1e347988cbb59b55d723e0f': 0, 'af22aaab9ee74596a3578bd6345d25b5': 0}",,0.0,,,0.0,,,,,,,,,,,,,,,,,,,,,,,,,,,,,,,,,,,,,,,,,,,,,,
dandannyboy,silverrruns,2,"{'total': 23, '17e787d1d6374f818b294f2319db370d': 14, 'e4808bc3e1e347988cbb59b55d723e0f': 8}","{'total': 0, '17e787d1d6374f818b294f2319db370d': 0, 'e4808bc3e1e347988cbb59b55d723e0f': 0}",37.0,-37.0,,,,,,,,,,,,,,,,,,,,,,,,,,,,,,,,,,,,,,,,,,,,,,,,,
dandannyboy,ANJOUU,2,"{'total': 2, '625146b684804a29af2eaeb483a59ddf': 1, 'e4808bc3e1e347988cbb59b55d723e0f': 1}","{'total': 0, '625146b684804a29af2eaeb483a59ddf': 0, 'e4808bc3e1e347988cbb59b55d723e0f': 0}",,4.0,,,,,,,,,,,,,,,,,,,,,-4.0,,,,,,,,,,,,,,,,,,,,,,,,,,,,
dandannyboy,bing_pigs,2,"{'total': 3, '92b63a39b36a445fa94c77ae212dcea3': 2, 'e4808bc3e1e347988cbb59b55d723e0f': 1}","{'total': 0, '92b63a39b36a445fa94c77ae212dcea3': 0, 'e4808bc3e1e347988cbb59b55d723e0f': 0}",,-9.0,,,,,,,,,,,,,,,,,,9.0,,,,,,,,,,,,,,,,,,,,,,,,,,,,,,,
dandannyboy,Cube1337x,2,"{'total': 0, '1ae14cb96a2f4357a71efac6f7012b59': 0, 'e4808bc3e1e347988cbb59b55d723e0f': 0}","{'total': 0, '1ae14cb96a2f4357a71efac6f7012b59': 0, 'e4808bc3e1e347988cbb59b55d723e0f': 0}",,0.0,,,,,,,,,,,,,,,,,,,,,,,,,,,,,,0.0,,,,,,,,,,,,,,,,,,,
dandannyboy,v_strid,2,"{'total': 16, '388533d5a2ad4b349a31db4738670a4b': 11, 'e4808bc3e1e347988cbb59b55d723e0f': 5}","{'total': 0, '388533d5a2ad4b349a31db4738670a4b': 0, 'e4808bc3e1e347988cbb59b55d723e0f': 0}",,-83.0,,,,,,,,,,,,,,,,,,,,,,,,,,83.0,,,,,,,,,,,,,,,,,,,,,,,
doogile,AutomattPLUS,2,"{'total': 5, '2988fcfbc6b141a497faa915e13b6592': 0, '3c8757790ab0400b8b9e3936e0dd535b': 5}","{'total': 0, '2988fcfbc6b141a497faa915e13b6592': 0, '3c8757790ab0400b8b9e3936e0dd535b': 0}",,,,,,,,,65.0,,,,,,,,,,,,,,,,,,,,,-65.0,,,,,,,,,,,,,,,,,,,,,
doogile,hackingnoises,2,"{'total': 0, '3c8757790ab0400b8b9e3936e0dd535b': 0, '7c92678742eb4e819f3122017697ae3d': 0}","{'total': 0, '3c8757790ab0400b8b9e3936e0dd535b': 0, '7c92678742eb4e819f3122017697ae3d': 0}",,,,,,,,,0.0,,,,,,,,,,,,,0.0,,,,,,,,,,,,,,,,,,,,,,,,,,,,,
doogile,Hinart,2,"{'total': 0, '25d4de4fe37248f0bba16b43ca1994bb': 0, '3c8757790ab0400b8b9e3936e0dd535b': 0}","{'total': 0, '25d4de4fe37248f0bba16b43ca1994bb': 0, '3c8757790ab0400b8b9e3936e0dd535b': 0}",,,,,,,,,0.0,,,,,,,,,,,,,,,,,,,,,,0.0,,,,,,,,,,,,,,,,,,,,
doogile,lowk3y_,2,"{'total': 0, '3c8757790ab0400b8b9e3936e0dd535b': 0, '7665f76f431b41c6b321bea16aff913b': 0}","{'total': 0, '3c8757790ab0400b8b9e3936e0dd535b': 0, '7665f76f431b41c6b321bea16aff913b': 0}",,,,,,,0.0,,0.0,,,,,,,,,,,,,,,,,,,,,,,,,,,,,,,,,,,,,,,,,,
doogile,Oxidiot,2,"{'total': 2, '3c8757790ab0400b8b9e3936e0dd535b': 2, '562a308be86c4ec09438387860e792cc': 0}","{'total': 0, '3c8757790ab0400b8b9e3936e0dd535b': 0, '562a308be86c4ec09438387860e792cc': 0}",,,-25.0,,,,,,25.0,,,,,,,,,,,,,,,,,,,,,,,,,,,,,,,,,,,,,,,,,,
doogile,paplerr,2,"{'total': 0, '3c8757790ab0400b8b9e3936e0dd535b': 0, 'c670041ed84c480cab4a6ee904905b5f': 0}","{'total': 0, '3c8757790ab0400b8b9e3936e0dd535b': 0, 'c670041ed84c480cab4a6ee904905b5f': 0}",,,,,,,,,0.0,,,,,,,,,,,,,,,,,,0.0,,,,,,,,,,,,,,,,,,,,,,,,
doogile,priffie,2,"{'total': 0, '3c8757790ab0400b8b9e3936e0dd535b': 0, 'af22aaab9ee74596a3578bd6345d25b5': 0}","{'total': 0, '3c8757790ab0400b8b9e3936e0dd535b': 0, 'af22aaab9ee74596a3578bd6345d25b5': 0}",,,,,0.0,,,,0.0,,,,,,,,,,,,,,,,,,,,,,,,,,,,,,,,,,,,,,,,,,
doogile,silverrruns,2,"{'total': 15, '17e787d1d6374f818b294f2319db370d': 5, '3c8757790ab0400b8b9e3936e0dd535b': 9}","{'total': 0, '17e787d1d6374f818b294f2319db370d': 0, '3c8757790ab0400b8b9e3936e0dd535b': 0}",-35.0,,,,,,,,35.0,,,,,,,,,,,,,,,,,,,,,,,,,,,,,,,,,,,,,,,,,,
doogile,ANJOUU,2,"{'total': 0, '625146b684804a29af2eaeb483a59ddf': 0, '3c8757790ab0400b8b9e3936e0dd535b': 0}","{'total': 0, '625146b684804a29af2eaeb483a59ddf': 0, '3c8757790ab0400b8b9e3936e0dd535b': 0}",,,,,,,,,0.0,,,,,,,,,,,,,,0.0,,,,,,,,,,,,,,,,,,,,,,,,,,,,
doogile,bing_pigs,2,"{'total': 5, '3c8757790ab0400b8b9e3936e0dd535b': 3, '92b63a39b36a445fa94c77ae212dcea3': 2}","{'total': 0, '3c8757790ab0400b8b9e3936e0dd535b': 0, '92b63a39b36a445fa94c77ae212dcea3': 0}",,,,,,,,,4.0,,,,,,,,,,,-4.0,,,,,,,,,,,,,,,,,,,,,,,,,,,,,,,
doogile,Cube1337x,2,"{'total': 0, '1ae14cb96a2f4357a71efac6f7012b59': 0, '3c8757790ab0400b8b9e3936e0dd535b': 0}","{'total': 0, '1ae14cb96a2f4357a71efac6f7012b59': 0, '3c8757790ab0400b8b9e3936e0dd535b': 0}",,,,,,,,,0.0,,,,,,,,,,,,,,,,,,,,,,,0.0,,,,,,,,,,,,,,,,,,,
doogile,v_strid,2,"{'total': 17, '388533d5a2ad4b349a31db4738670a4b': 1, '3c8757790ab0400b8b9e3936e0dd535b': 16}","{'total': 0, '388533d5a2ad4b349a31db4738670a4b': 0, '3c8757790ab0400b8b9e3936e0dd535b': 0}",,,,,,,,,200.0,,,,,,,,,,,,,,,,,,,-200.0,,,,,,,,,,,,,,,,,,,,,,,
AutomattPLUS,hackingnoises,2,"{'total': 0, '2988fcfbc6b141a497faa915e13b6592': 0, '7c92678742eb4e819f3122017697ae3d': 0}","{'total': 0, '2988fcfbc6b141a497faa915e13b6592': 0, '7c92678742eb4e819f3122017697ae3d': 0}",,,,,,,,,,,,,,,,,,,,,,0.0,,,,,,,,0.0,,,,,,,,,,,,,,,,,,,,,
AutomattPLUS,Hinart,2,"{'total': 1, '25d4de4fe37248f0bba16b43ca1994bb': 1, '2988fcfbc6b141a497faa915e13b6592': 0}","{'total': 0, '25d4de4fe37248f0bba16b43ca1994bb': 0, '2988fcfbc6b141a497faa915e13b6592': 0}",,,,,,,,,,,,,,,,,,,,,,,,,,,,,,-25.0,25.0,,,,,,,,,,,,,,,,,,,,
AutomattPLUS,lowk3y_,2,"{'total': 1, '2988fcfbc6b141a497faa915e13b6592': 0, '7665f76f431b41c6b321bea16aff913b': 1}","{'total': 0, '2988fcfbc6b141a497faa915e13b6592': 0, '7665f76f431b41c6b321bea16aff913b': 0}",,,,,,,18.0,,,,,,,,,,,,,,,,,,,,,,,-18.0,,,,,,,,,,,,,,,,,,,,,
AutomattPLUS,Oxidiot,2,"{'total': 4, '2988fcfbc6b141a497faa915e13b6592': 3, '562a308be86c4ec09438387860e792cc': 1}","{'total': 0, '2988fcfbc6b141a497faa915e13b6592': 0, '562a308be86c4ec09438387860e792cc': 0}",,,-37.0,,,,,,,,,,,,,,,,,,,,,,,,,,,37.0,,,,,,,,,,,,,,,,,,,,,
AutomattPLUS,paplerr,2,"{'total': 1, '2988fcfbc6b141a497faa915e13b6592': 1, 'c670041ed84c480cab4a6ee904905b5f': 0}","{'total': 0, '2988fcfbc6b141a497faa915e13b6592': 0, 'c670041ed84c480cab4a6ee904905b5f': 0}",,,,,,,,,,,,,,,,,,,,,,,,,,,-14.0,,,14.0,,,,,,,,,,,,,,,,,,,,,
AutomattPLUS,priffie,2,"{'total': 0, '2988fcfbc6b141a497faa915e13b6592': 0, 'af22aaab9ee74596a3578bd6345d25b5': 0}","{'total': 0, '2988fcfbc6b141a497faa915e13b6592': 0, 'af22aaab9ee74596a3578bd6345d25b5': 0}",,,,,0.0,,,,,,,,,,,,,,,,,,,,,,,,,0.0,,,,,,,,,,,,,,,,,,,,,
AutomattPLUS,silverrruns,2,"{'total': 2, '17e787d1d6374f818b294f2319db370d': 2, '2988fcfbc6b141a497faa915e13b6592': 0}","{'total': 0, '17e787d1d6374f818b294f2319db370d': 0, '2988fcfbc6b141a497faa915e13b6592': 0}",38.0,,,,,,,,,,,,,,,,,,,,,,,,,,,,,-38.0,,,,,,,,,,,,,,,,,,,,,
AutomattPLUS,ANJOUU,2,"{'total': 10, '2988fcfbc6b141a497faa915e13b6592': 5, '625146b684804a29af2eaeb483a59ddf': 4}","{'total': 0, '2988fcfbc6b141a497faa915e13b6592': 0, '625146b684804a29af2eaeb483a59ddf': 0}",,,,,,,,,,,,,,,,,,,,,,,-26.0,,,,,,,26.0,,,,,,,,,,,,,,,,,,,,,
AutomattPLUS,bing_pigs,2,"{'total': 3, '2988fcfbc6b141a497faa915e13b6592': 0, '92b63a39b36a445fa94c77ae212dcea3': 3}","{'total': 0, '2988fcfbc6b141a497faa915e13b6592': 0, '92b63a39b36a445fa94c77ae212dcea3': 0}",,,,,,,,,,,,,,,,,,,,35.0,,,,,,,,,,-35.0,,,,,,,,,,,,,,,,,,,,,
AutomattPLUS,Cube1337x,2,"{'total': 0, '2988fcfbc6b141a497faa915e13b6592': 0, '1ae14cb96a2f4357a71efac6f7012b59': 0}","{'total': 0, '2988fcfbc6b141a497faa915e13b6592': 0, '1ae14cb96a2f4357a71efac6f7012b59': 0}",,,,,,,,,,,,,,,,,,,,,,,,,,,,,,0.0,,0.0,,,,,,,,,,,,,,,,,,,
AutomattPLUS,v_strid,2,"{'total': 26, '2988fcfbc6b141a497faa915e13b6592': 12, '388533d5a2ad4b349a31db4738670a4b': 14}","{'total': 0, '2988fcfbc6b141a497faa915e13b6592': 0, '388533d5a2ad4b349a31db4738670a4b': 0}",,,,,,,,,,,,,,,,,,,,,,,,,,,,-55.0,,55.0,,,,,,,,,,,,,,,,,,,,,
hackingnoises,Hinart,2,"{'total': 0, '25d4de4fe37248f0bba16b43ca1994bb': 0, '7c92678742eb4e819f3122017697ae3d': 0}","{'total': 0, '25d4de4fe37248f0bba16b43ca1994bb': 0, '7c92678742eb4e819f3122017697ae3d': 0}",,,,,,,,,,,,,,,,,,,,,,0.0,,,,,,,,,0.0,,,,,,,,,,,,,,,,,,,,
hackingnoises,lowk3y_,2,"{'total': 2, '7665f76f431b41c6b321bea16aff913b': 2, '7c92678742eb4e819f3122017697ae3d': 0}","{'total': 0, '7665f76f431b41c6b321bea16aff913b': 0, '7c92678742eb4e819f3122017697ae3d': 0}",,,,,,,48.0,,,,,,,,,,,,,,,-48.0,,,,,,,,,,,,,,,,,,,,,,,,,,,,,
hackingnoises,Oxidiot,2,"{'total': 9, '562a308be86c4ec09438387860e792cc': 5, '7c92678742eb4e819f3122017697ae3d': 4}","{'total': 0, '562a308be86c4ec09438387860e792cc': 0, '7c92678742eb4e819f3122017697ae3d': 0}",,,70.0,,,,,,,,,,,,,,,,,,,-70.0,,,,,,,,,,,,,,,,,,,,,,,,,,,,,
hackingnoises,paplerr,2,"{'total': 5, '7c92678742eb4e819f3122017697ae3d': 4, 'c670041ed84c480cab4a6ee904905b5f': 1}","{'total': 0, '7c92678742eb4e819f3122017697ae3d': 0, 'c670041ed84c480cab4a6ee904905b5f': 0}",,,,,,,,,,,,,,,,,,,,,,52.0,,,,,-52.0,,,,,,,,,,,,,,,,,,,,,,,,
hackingnoises,priffie,2,"{'total': 0, '7c92678742eb4e819f3122017697ae3d': 0, 'af22aaab9ee74596a3578bd6345d25b5': 0}","{'total': 0, '7c92678742eb4e819f3122017697ae3d': 0, 'af22aaab9ee74596a3578bd6345d25b5': 0}",,,,,0.0,,,,,,,,,,,,,,,,,0.0,,,,,,,,,,,,,,,,,,,,,,,,,,,,,
hackingnoises,silverrruns,2,"{'total': 0, '7c92678742eb4e819f3122017697ae3d': 0, '17e787d1d6374f818b294f2319db370d': 0}","{'total': 0, '7c92678742eb4e819f3122017697ae3d': 0, '17e787d1d6374f818b294f2319db370d': 0}",0.0,,,,,,,,,,,,,,,,,,,,,0.0,,,,,,,,,,,,,,,,,,,,,,,,,,,,,
hackingnoises,ANJOUU,2,"{'total': 3, '625146b684804a29af2eaeb483a59ddf': 2, '7c92678742eb4e819f3122017697ae3d': 1}","{'total': 0, '625146b684804a29af2eaeb483a59ddf': 0, '7c92678742eb4e819f3122017697ae3d': 0}",,,,,,,,,,,,,,,,,,,,,,-19.0,19.0,,,,,,,,,,,,,,,,,,,,,,,,,,,,
hackingnoises,bing_pigs,2,"{'total': 26, '7c92678742eb4e819f3122017697ae3d': 18, '92b63a39b36a445fa94c77ae212dcea3': 8}","{'total': 0, '7c92678742eb4e819f3122017697ae3d': 0, '92b63a39b36a445fa94c77ae212dcea3': 0}",,,,,,,,,,,,,,,,,,,,-216.0,,216.0,,,,,,,,,,,,,,,,,,,,,,,,,,,,,
hackingnoises,Cube1337x,2,"{'total': 0, '1ae14cb96a2f4357a71efac6f7012b59': 0, '7c92678742eb4e819f3122017697ae3d': 0}","{'total': 0, '1ae14cb96a2f4357a71efac6f7012b59': 0, '7c92678742eb4e819f3122017697ae3d': 0}",,,,,,,,,,,,,,,,,,,,,,0.0,,,,,,,,,,0.0,,,,,,,,,,,,,,,,,,,
hackingnoises,v_strid,2,"{'total': 2, '388533d5a2ad4b349a31db4738670a4b': 0, '7c92678742eb4e819f3122017697ae3d': 2}","{'total': 0, '388533d5a2ad4b349a31db4738670a4b': 0, '7c92678742eb4e819f3122017697ae3d': 0}",,,,,,,,,,,,,,,,,,,,,,17.0,,,,,,-17.0,,,,,,,,,,,,,,,,,,,,,,,
Hinart,lowk3y_,2,"{'total': 0, '25d4de4fe37248f0bba16b43ca1994bb': 0, '7665f76f431b41c6b321bea16aff913b': 0}","{'total': 0, '25d4de4fe37248f0bba16b43ca1994bb': 0, '7665f76f431b41c6b321bea16aff913b': 0}",,,,,,,0.0,,,,,,,,,,,,,,,,,,,,,,,,0.0,,,,,,,,,,,,,,,,,,,,
Hinart,Oxidiot,2,"{'total': 0, '25d4de4fe37248f0bba16b43ca1994bb': 0, '562a308be86c4ec09438387860e792cc': 0}","{'total': 0, '25d4de4fe37248f0bba16b43ca1994bb': 0, '562a308be86c4ec09438387860e792cc': 0}",,,0.0,,,,,,,,,,,,,,,,,,,,,,,,,,,,0.0,,,,,,,,,,,,,,,,,,,,
Hinart,paplerr,2,"{'total': 1, '25d4de4fe37248f0bba16b43ca1994bb': 0, 'c670041ed84c480cab4a6ee904905b5f': 1}","{'total': 0, '25d4de4fe37248f0bba16b43ca1994bb': 0, 'c670041ed84c480cab4a6ee904905b5f': 0}",,,,,,,,,,,,,,,,,,,,,,,,,,,19.0,,,,-19.0,,,,,,,,,,,,,,,,,,,,
Hinart,priffie,2,"{'total': 0, '25d4de4fe37248f0bba16b43ca1994bb': 0, 'af22aaab9ee74596a3578bd6345d25b5': 0}","{'total': 0, '25d4de4fe37248f0bba16b43ca1994bb': 0, 'af22aaab9ee74596a3578bd6345d25b5': 0}",,,,,0.0,,,,,,,,,,,,,,,,,,,,,,,,,,0.0,,,,,,,,,,,,,,,,,,,,
Hinart,silverrruns,2,"{'total': 0, '25d4de4fe37248f0bba16b43ca1994bb': 0, '17e787d1d6374f818b294f2319db370d': 0}","{'total': 0, '25d4de4fe37248f0bba16b43ca1994bb': 0, '17e787d1d6374f818b294f2319db370d': 0}",0.0,,,,,,,,,,,,,,,,,,,,,,,,,,,,,,0.0,,,,,,,,,,,,,,,,,,,,
Hinart,ANJOUU,2,"{'total': 3, '25d4de4fe37248f0bba16b43ca1994bb': 2, '625146b684804a29af2eaeb483a59ddf': 1}","{'total': 0, '25d4de4fe37248f0bba16b43ca1994bb': 0, '625146b684804a29af2eaeb483a59ddf': 0}",,,,,,,,,,,,,,,,,,,,,,,-28.0,,,,,,,,28.0,,,,,,,,,,,,,,,,,,,,
Hinart,bing_pigs,2,"{'total': 0, '25d4de4fe37248f0bba16b43ca1994bb': 0, '92b63a39b36a445fa94c77ae212dcea3': 0}","{'total': 0, '25d4de4fe37248f0bba16b43ca1994bb': 0, '92b63a39b36a445fa94c77ae212dcea3': 0}",,,,,,,,,,,,,,,,,,,,0.0,,,,,,,,,,,0.0,,,,,,,,,,,,,,,,,,,,
Hinart,Cube1337x,2,"{'total': 0, '1ae14cb96a2f4357a71efac6f7012b59': 0, '25d4de4fe37248f0bba16b43ca1994bb': 0}","{'total': 0, '1ae14cb96a2f4357a71efac6f7012b59': 0, '25d4de4fe37248f0bba16b43ca1994bb': 0}",,,,,,,,,,,,,,,,,,,,,,,,,,,,,,,0.0,0.0,,,,,,,,,,,,,,,,,,,
Hinart,v_strid,2,"{'total': 1, '25d4de4fe37248f0bba16b43ca1994bb': 0, '388533d5a2ad4b349a31db4738670a4b': 1}","{'total': 0, '25d4de4fe37248f0bba16b43ca1994bb': 0, '388533d5a2ad4b349a31db4738670a4b': 0}",,,,,,,,,,,,,,,,,,,,,,,,,,,,0.0,,,0.0,,,,,,,,,,,,,,,,,,,,
lowk3y_,Oxidiot,2,"{'total': 0, '562a308be86c4ec09438387860e792cc': 0, '7665f76f431b41c6b321bea16aff913b': 0}","{'total': 0, '562a308be86c4ec09438387860e792cc': 0, '7665f76f431b41c6b321bea16aff913b': 0}",,,0.0,,,,0.0,,,,,,,,,,,,,,,,,,,,,,,,,,,,,,,,,,,,,,,,,,,,
lowk3y_,paplerr,2,"{'total': 0, '7665f76f431b41c6b321bea16aff913b': 0, 'c670041ed84c480cab4a6ee904905b5f': 0}","{'total': 0, '7665f76f431b41c6b321bea16aff913b': 0, 'c670041ed84c480cab4a6ee904905b5f': 0}",,,,,,,0.0,,,,,,,,,,,,,,,,,,,,0.0,,,,,,,,,,,,,,,,,,,,,,,,
lowk3y_,priffie,2,"{'total': 0, '7665f76f431b41c6b321bea16aff913b': 0, 'af22aaab9ee74596a3578bd6345d25b5': 0}","{'total': 0, '7665f76f431b41c6b321bea16aff913b': 0, 'af22aaab9ee74596a3578bd6345d25b5': 0}",,,,,0.0,,0.0,,,,,,,,,,,,,,,,,,,,,,,,,,,,,,,,,,,,,,,,,,,,
lowk3y_,silverrruns,2,"{'total': 0, '7665f76f431b41c6b321bea16aff913b': 0, '17e787d1d6374f818b294f2319db370d': 0}","{'total': 0, '7665f76f431b41c6b321bea16aff913b': 0, '17e787d1d6374f818b294f2319db370d': 0}",0.0,,,,,,0.0,,,,,,,,,,,,,,,,,,,,,,,,,,,,,,,,,,,,,,,,,,,,
lowk3y_,ANJOUU,2,"{'total': 2, '625146b684804a29af2eaeb483a59ddf': 0, '7665f76f431b41c6b321bea16aff913b': 2}","{'total': 0, '625146b684804a29af2eaeb483a59ddf': 0, '7665f76f431b41c6b321bea16aff913b': 0}",,,,,,,40.0,,,,,,,,,,,,,,,,-40.0,,,,,,,,,,,,,,,,,,,,,,,,,,,,
lowk3y_,bing_pigs,2,"{'total': 11, '7665f76f431b41c6b321bea16aff913b': 7, '92b63a39b36a445fa94c77ae212dcea3': 4}","{'total': 0, '7665f76f431b41c6b321bea16aff913b': 0, '92b63a39b36a445fa94c77ae212dcea3': 0}",,,,,,,121.0,,,,,,,,,,,,,-121.0,,,,,,,,,,,,,,,,,,,,,,,,,,,,,,,
lowk3y_,Cube1337x,2,"{'total': 0, '1ae14cb96a2f4357a71efac6f7012b59': 0, '7665f76f431b41c6b321bea16aff913b': 0}","{'total': 0, '1ae14cb96a2f4357a71efac6f7012b59': 0, '7665f76f431b41c6b321bea16aff913b': 0}",,,,,,,0.0,,,,,,,,,,,,,,,,,,,,,,,,,0.0,,,,,,,,,,,,,,,,,,,
lowk3y_,v_strid,2,"{'total': 7, '388533d5a2ad4b349a31db4738670a4b': 1, '7665f76f431b41c6b321bea16aff913b': 6}","{'total': 0, '388533d5a2ad4b349a31db4738670a4b': 0, '7665f76f431b41c6b321bea16aff913b': 0}",,,,,,,50.0,,,,,,,,,,,,,,,,,,,,,-50.0,,,,,,,,,,,,,,,,,,,,,,,
Oxidiot,paplerr,2,"{'total': 12, '562a308be86c4ec09438387860e792cc': 4, 'c670041ed84c480cab4a6ee904905b5f': 8}","{'total': 0, '562a308be86c4ec09438387860e792cc': 0, 'c670041ed84c480cab4a6ee904905b5f': 0}",,,-91.0,,,,,,,,,,,,,,,,,,,,,,,,91.0,,,,,,,,,,,,,,,,,,,,,,,,
Oxidiot,priffie,2,"{'total': 0, '562a308be86c4ec09438387860e792cc': 0, 'af22aaab9ee74596a3578bd6345d25b5': 0}","{'total': 0, '562a308be86c4ec09438387860e792cc': 0, 'af22aaab9ee74596a3578bd6345d25b5': 0}",,,0.0,,0.0,,,,,,,,,,,,,,,,,,,,,,,,,,,,,,,,,,,,,,,,,,,,,,
Oxidiot,silverrruns,2,"{'total': 0, '562a308be86c4ec09438387860e792cc': 0, '17e787d1d6374f818b294f2319db370d': 0}","{'total': 0, '562a308be86c4ec09438387860e792cc': 0, '17e787d1d6374f818b294f2319db370d': 0}",0.0,,0.0,,,,,,,,,,,,,,,,,,,,,,,,,,,,,,,,,,,,,,,,,,,,,,,,
Oxidiot,ANJOUU,2,"{'total': 4, '562a308be86c4ec09438387860e792cc': 3, '625146b684804a29af2eaeb483a59ddf': 1}","{'total': 0, '562a308be86c4ec09438387860e792cc': 0, '625146b684804a29af2eaeb483a59ddf': 0}",,,54.0,,,,,,,,,,,,,,,,,,,,-54.0,,,,,,,,,,,,,,,,,,,,,,,,,,,,
Oxidiot,bing_pigs,2,"{'total': 5, '562a308be86c4ec09438387860e792cc': 2, '92b63a39b36a445fa94c77ae212dcea3': 3}","{'total': 0, '562a308be86c4ec09438387860e792cc': 0, '92b63a39b36a445fa94c77ae212dcea3': 0}",,,12.0,,,,,,,,,,,,,,,,,-12.0,,,,,,,,,,,,,,,,,,,,,,,,,,,,,,,
Oxidiot,Cube1337x,2,"{'total': 0, '1ae14cb96a2f4357a71efac6f7012b59': 0, '562a308be86c4ec09438387860e792cc': 0}","{'total': 0, '1ae14cb96a2f4357a71efac6f7012b59': 0, '562a308be86c4ec09438387860e792cc': 0}",,,0.0,,,,,,,,,,,,,,,,,,,,,,,,,,,,,0.0,,,,,,,,,,,,,,,,,,,
Oxidiot,v_strid,2,"{'total': 12, '388533d5a2ad4b349a31db4738670a4b': 7, '562a308be86c4ec09438387860e792cc': 5}","{'total': 0, '388533d5a2ad4b349a31db4738670a4b': 0, '562a308be86c4ec09438387860e792cc': 0}",,,3.0,,,,,,,,,,,,,,,,,,,,,,,,,-3.0,,,,,,,,,,,,,,,,,,,,,,,
paplerr,priffie,2,"{'total': 0, 'c670041ed84c480cab4a6ee904905b5f': 0, 'af22aaab9ee74596a3578bd6345d25b5': 0}","{'total': 0, 'c670041ed84c480cab4a6ee904905b5f': 0, 'af22aaab9ee74596a3578bd6345d25b5': 0}",,,,,0.0,,,,,,,,,,,,,,,,,,,,,,0.0,,,,,,,,,,,,,,,,,,,,,,,,
paplerr,silverrruns,2,"{'total': 0, 'c670041ed84c480cab4a6ee904905b5f': 0, '17e787d1d6374f818b294f2319db370d': 0}","{'total': 0, 'c670041ed84c480cab4a6ee904905b5f': 0, '17e787d1d6374f818b294f2319db370d': 0}",0.0,,,,,,,,,,,,,,,,,,,,,,,,,,0.0,,,,,,,,,,,,,,,,,,,,,,,,
paplerr,ANJOUU,2,"{'total': 10, '625146b684804a29af2eaeb483a59ddf': 5, 'c670041ed84c480cab4a6ee904905b5f': 5}","{'total': 0, '625146b684804a29af2eaeb483a59ddf': 0, 'c670041ed84c480cab4a6ee904905b5f': 0}",,,,,,,,,,,,,,,,,,,,,,,-41.0,,,,41.0,,,,,,,,,,,,,,,,,,,,,,,,
paplerr,bing_pigs,2,"{'total': 6, '92b63a39b36a445fa94c77ae212dcea3': 6, 'c670041ed84c480cab4a6ee904905b5f': 0}","{'total': 0, '92b63a39b36a445fa94c77ae212dcea3': 0, 'c670041ed84c480cab4a6ee904905b5f': 0}",,,,,,,,,,,,,,,,,,,,92.0,,,,,,,-92.0,,,,,,,,,,,,,,,,,,,,,,,,
paplerr,Cube1337x,2,"{'total': 0, '1ae14cb96a2f4357a71efac6f7012b59': 0, 'c670041ed84c480cab4a6ee904905b5f': 0}","{'total': 0, '1ae14cb96a2f4357a71efac6f7012b59': 0, 'c670041ed84c480cab4a6ee904905b5f': 0}",,,,,,,,,,,,,,,,,,,,,,,,,,,0.0,,,,,0.0,,,,,,,,,,,,,,,,,,,
paplerr,v_strid,2,"{'total': 6, '388533d5a2ad4b349a31db4738670a4b': 3, 'c670041ed84c480cab4a6ee904905b5f': 3}","{'total': 0, '388533d5a2ad4b349a31db4738670a4b': 0, 'c670041ed84c480cab4a6ee904905b5f': 0}",,,,,,,,,,,,,,,,,,,,,,,,,,,4.0,-4.0,,,,,,,,,,,,,,,,,,,,,,,
priffie,silverrruns,2,"{'total': 0, 'af22aaab9ee74596a3578bd6345d25b5': 0, '17e787d1d6374f818b294f2319db370d': 0}","{'total': 0, 'af22aaab9ee74596a3578bd6345d25b5': 0, '17e787d1d6374f818b294f2319db370d': 0}",0.0,,,,0.0,,,,,,,,,,,,,,,,,,,,,,,,,,,,,,,,,,,,,,,,,,,,,,
priffie,ANJOUU,2,"{'total': 0, '625146b684804a29af2eaeb483a59ddf': 0, 'af22aaab9ee74596a3578bd6345d25b5': 0}","{'total': 0, '625146b684804a29af2eaeb483a59ddf': 0, 'af22aaab9ee74596a3578bd6345d25b5': 0}",,,,,0.0,,,,,,,,,,,,,,,,,,0.0,,,,,,,,,,,,,,,,,,,,,,,,,,,,
priffie,bing_pigs,2,"{'total': 0, '92b63a39b36a445fa94c77ae212dcea3': 0, 'af22aaab9ee74596a3578bd6345d25b5': 0}","{'total': 0, '92b63a39b36a445fa94c77ae212dcea3': 0, 'af22aaab9ee74596a3578bd6345d25b5': 0}",,,,,0.0,,,,,,,,,,,,,,,0.0,,,,,,,,,,,,,,,,,,,,,,,,,,,,,,,
priffie,Cube1337x,2,"{'total': 0, '1ae14cb96a2f4357a71efac6f7012b59': 0, 'af22aaab9ee74596a3578bd6345d25b5': 0}","{'total': 0, '1ae14cb96a2f4357a71efac6f7012b59': 0, 'af22aaab9ee74596a3578bd6345d25b5': 0}",,,,,0.0,,,,,,,,,,,,,,,,,,,,,,,,,,,0.0,,,,,,,,,,,,,,,,,,,
priffie,v_strid,2,"{'total': 0, 'af22aaab9ee74596a3578bd6345d25b5': 0, '388533d5a2ad4b349a31db4738670a4b': 0}","{'total': 0, 'af22aaab9ee74596a3578bd6345d25b5': 0, '388533d5a2ad4b349a31db4738670a4b': 0}",,,,,0.0,,,,,,,,,,,,,,,,,,,,,,,0.0,,,,,,,,,,,,,,,,,,,,,,,
silverrruns,ANJOUU,2,"{'total': 5, '17e787d1d6374f818b294f2319db370d': 1, '625146b684804a29af2eaeb483a59ddf': 4}","{'total': 0, '17e787d1d6374f818b294f2319db370d': 0, '625146b684804a29af2eaeb483a59ddf': 0}",-77.0,,,,,,,,,,,,,,,,,,,,,,77.0,,,,,,,,,,,,,,,,,,,,,,,,,,,,
silverrruns,bing_pigs,2,"{'total': 10, '17e787d1d6374f818b294f2319db370d': 4, '92b63a39b36a445fa94c77ae212dcea3': 6}","{'total': 0, '17e787d1d6374f818b294f2319db370d': 0, '92b63a39b36a445fa94c77ae212dcea3': 0}",-21.0,,,,,,,,,,,,,,,,,,,21.0,,,,,,,,,,,,,,,,,,,,,,,,,,,,,,,
silverrruns,Cube1337x,2,"{'total': 0, '1ae14cb96a2f4357a71efac6f7012b59': 0, '17e787d1d6374f818b294f2319db370d': 0}","{'total': 0, '1ae14cb96a2f4357a71efac6f7012b59': 0, '17e787d1d6374f818b294f2319db370d': 0}",0.0,,,,,,,,,,,,,,,,,,,,,,,,,,,,,,,0.0,,,,,,,,,,,,,,,,,,,
silverrruns,v_strid,2,"{'total': 11, '17e787d1d6374f818b294f2319db370d': 5, '388533d5a2ad4b349a31db4738670a4b': 6}","{'total': 0, '17e787d1d6374f818b294f2319db370d': 0, '388533d5a2ad4b349a31db4738670a4b': 0}",9.0,,,,,,,,,,,,,,,,,,,,,,,,,,,-9.0,,,,,,,,,,,,,,,,,,,,,,,
ANJOUU,bing_pigs,2,"{'total': 15, '625146b684804a29af2eaeb483a59ddf': 4, '92b63a39b36a445fa94c77ae212dcea3': 11}","{'total': 0, '625146b684804a29af2eaeb483a59ddf': 0, '92b63a39b36a445fa94c77ae212dcea3': 0}",,,,,,,,,,,,,,,,,,,,41.0,,,-41.0,,,,,,,,,,,,,,,,,,,,,,,,,,,,
ANJOUU,Cube1337x,2,"{'total': 0, '625146b684804a29af2eaeb483a59ddf': 0, '1ae14cb96a2f4357a71efac6f7012b59': 0}","{'total': 0, '625146b684804a29af2eaeb483a59ddf': 0, '1ae14cb96a2f4357a71efac6f7012b59': 0}",,,,,,,,,,,,,,,,,,,,,,,0.0,,,,,,,,,0.0,,,,,,,,,,,,,,,,,,,
ANJOUU,v_strid,2,"{'total': 67, '388533d5a2ad4b349a31db4738670a4b': 31, '625146b684804a29af2eaeb483a59ddf': 36}","{'total': 0, '388533d5a2ad4b349a31db4738670a4b': 0, '625146b684804a29af2eaeb483a59ddf': 0}",,,,,,,,,,,,,,,,,,,,,,,143.0,,,,,-143.0,,,,,,,,,,,,,,,,,,,,,,,
bing_pigs,Cube1337x,2,"{'total': 0, '1ae14cb96a2f4357a71efac6f7012b59': 0, '92b63a39b36a445fa94c77ae212dcea3': 0}","{'total': 0, '1ae14cb96a2f4357a71efac6f7012b59': 0, '92b63a39b36a445fa94c77ae212dcea3': 0}",,,,,,,,,,,,,,,,,,,,0.0,,,,,,,,,,,,0.0,,,,,,,,,,,,,,,,,,,
bing_pigs,v_strid,2,"{'total': 21, '388533d5a2ad4b349a31db4738670a4b': 9, '92b63a39b36a445fa94c77ae212dcea3': 12}","{'total': 0, '388533d5a2ad4b349a31db4738670a4b': 0, '92b63a39b36a445fa94c77ae212dcea3': 0}",,,,,,,,,,,,,,,,,,,,-11.0,,,,,,,,11.0,,,,,,,,,,,,,,,,,,,,,,,
Cube1337x,v_strid,2,"{'total': 0, '1ae14cb96a2f4357a71efac6f7012b59': 0, '388533d5a2ad4b349a31db4738670a4b': 0}","{'total': 0, '1ae14cb96a2f4357a71efac6f7012b59': 0, '388533d5a2ad4b349a31db4738670a4b': 0}",,,,,,,,,,,,,,,,,,,,,,,,,,,,0.0,,,,0.0,,,,,,,,,,,,,,,,,,,
7rowl,Ancoboyy,2,"{'total': 16, '70eb9286e3e24153a8b37c8f884f1292': 12, 'bc80af38933f4ae19b0494681a54422b': 4}","{'total': 0, '70eb9286e3e24153a8b37c8f884f1292': 0, 'bc80af38933f4ae19b0494681a54422b': 0}",,,,,,,,135.0,,-135.0,,,,,,,,,,,,,,,,,,,,,,,,,,,,,,,,,,,,,,,,,
7rowl,BeefSalad,2,"{'total': 20, '3b01d4b4fef14f178b75f05c04dd34ef': 12, '70eb9286e3e24153a8b37c8f884f1292': 8}","{'total': 0, '3b01d4b4fef14f178b75f05c04dd34ef': 0, '70eb9286e3e24153a8b37c8f884f1292': 0}",,,,,,,,-22.0,,,,,,,,,,,,,,,,22.0,,,,,,,,,,,,,,,,,,,,,,,,,,,
7rowl,bing_pigs,2,"{'total': 15, '70eb9286e3e24153a8b37c8f884f1292': 4, '92b63a39b36a445fa94c77ae212dcea3': 11}","{'total': 0, '70eb9286e3e24153a8b37c8f884f1292': 0, '92b63a39b36a445fa94c77ae212dcea3': 0}",,,,,,,,-112.0,,,,,,,,,,,,112.0,,,,,,,,,,,,,,,,,,,,,,,,,,,,,,,
7rowl,doogile,2,"{'total': 3, '3c8757790ab0400b8b9e3936e0dd535b': 1, '70eb9286e3e24153a8b37c8f884f1292': 2}","{'total': 0, '3c8757790ab0400b8b9e3936e0dd535b': 0, '70eb9286e3e24153a8b37c8f884f1292': 0}",,,,,,,,32.0,-32.0,,,,,,,,,,,,,,,,,,,,,,,,,,,,,,,,,,,,,,,,,,
7rowl,AutomattPLUS,2,"{'total': 1, '2988fcfbc6b141a497faa915e13b6592': 1, '70eb9286e3e24153a8b37c8f884f1292': 0}","{'total': 0, '2988fcfbc6b141a497faa915e13b6592': 0, '70eb9286e3e24153a8b37c8f884f1292': 0}",,,,,,,,-26.0,,,,,,,,,,,,,,,,,,,,,,26.0,,,,,,,,,,,,,,,,,,,,,
7rowl,hackingnoises,2,"{'total': 10, '70eb9286e3e24153a8b37c8f884f1292': 4, '7c92678742eb4e819f3122017697ae3d': 5}","{'total': 0, '70eb9286e3e24153a8b37c8f884f1292': 0, '7c92678742eb4e819f3122017697ae3d': 0}",,,,,,,,-9.0,,,,,,,,,,,,,,9.0,,,,,,,,,,,,,,,,,,,,,,,,,,,,,
7rowl,lowk3y_,2,"{'total': 3, '70eb9286e3e24153a8b37c8f884f1292': 1, '7665f76f431b41c6b321bea16aff913b': 2}","{'total': 0, '70eb9286e3e24153a8b37c8f884f1292': 0, '7665f76f431b41c6b321bea16aff913b': 0}",,,,,,,15.0,-15.0,,,,,,,,,,,,,,,,,,,,,,,,,,,,,,,,,,,,,,,,,,,
7rowl,Oxidiot,2,"{'total': 7, '562a308be86c4ec09438387860e792cc': 2, '70eb9286e3e24153a8b37c8f884f1292': 5}","{'total': 0, '562a308be86c4ec09438387860e792cc': 0, '70eb9286e3e24153a8b37c8f884f1292': 0}",,,-43.0,,,,,43.0,,,,,,,,,,,,,,,,,,,,,,,,,,,,,,,,,,,,,,,,,,,
7rowl,silverrruns,2,"{'total': 4, '17e787d1d6374f818b294f2319db370d': 1, '70eb9286e3e24153a8b37c8f884f1292': 3}","{'total': 0, '17e787d1d6374f818b294f2319db370d': 0, '70eb9286e3e24153a8b37c8f884f1292': 0}",-32.0,,,,,,,32.0,,,,,,,,,,,,,,,,,,,,,,,,,,,,,,,,,,,,,,,,,,,
7rowl,TUDORULE,2,"{'total': 5, '70eb9286e3e24153a8b37c8f884f1292': 2, '78a8ec9f99d34371b73decd2a78ff9b0': 3}","{'total': 0, '70eb9286e3e24153a8b37c8f884f1292': 0, '78a8ec9f99d34371b73decd2a78ff9b0': 0}",,,,,,,,-38.0,,,,,,,,,,,,,,,,,,,,,,,,,38.0,,,,,,,,,,,,,,,,,,
7rowl,v_strid,2,"{'total': 29, '388533d5a2ad4b349a31db4738670a4b': 11, '70eb9286e3e24153a8b37c8f884f1292': 17}","{'total': 0, '388533d5a2ad4b349a31db4738670a4b': 0, '70eb9286e3e24153a8b37c8f884f1292': 0}",,,,,,,,114.0,,,,,,,,,,,,,,,,,,,,-94.0,,,,,,,,,,,,,,,,,,,,,,,
7rowl,Aquacorde,2,"{'total': 1, '253b53d832ab4bafb5ee0308d5164ccf': 0, '70eb9286e3e24153a8b37c8f884f1292': 1}","{'total': 0, '253b53d832ab4bafb5ee0308d5164ccf': 0, '70eb9286e3e24153a8b37c8f884f1292': 0}",,,,,,,,19.0,,,,,,,,,,,,,,,,,,,,,,,,,,-19.0,,,,,,,,,,,,,,,,,
7rowl,dandannyboy,2,"{'total': 1, '70eb9286e3e24153a8b37c8f884f1292': 1, 'e4808bc3e1e347988cbb59b55d723e0f': 0}","{'total': 0, '70eb9286e3e24153a8b37c8f884f1292': 0, 'e4808bc3e1e347988cbb59b55d723e0f': 0}",,-14.0,,,,,,14.0,,,,,,,,,,,,,,,,,,,,,,,,,,,,,,,,,,,,,,,,,,,
7rowl,KenanKardes,2,"{'total': 10, '0b164a03002048d3955715422179eedf': 4, '70eb9286e3e24153a8b37c8f884f1292': 6}","{'total': 0, '0b164a03002048d3955715422179eedf': 0, '70eb9286e3e24153a8b37c8f884f1292': 0}",,,,,,,,16.0,,,,,,,,,,,,,,,,,,,,,,,,,,,-16.0,,,,,,,,,,,,,,,,
7rowl,pulsar32,2,"{'total': 0, '70eb9286e3e24153a8b37c8f884f1292': 0, '4863326cccf043ecbb8ff88628bed781': 0}","{'total': 0, '70eb9286e3e24153a8b37c8f884f1292': 0, '4863326cccf043ecbb8ff88628bed781': 0}",,,,,,,,0.0,,,0.0,,,,,,,,,,,,,,,,,,,,,,,,,,,,,,,,,,,,,,,,
Ancoboyy,BeefSalad,2,"{'total': 11, '3b01d4b4fef14f178b75f05c04dd34ef': 4, 'bc80af38933f4ae19b0494681a54422b': 7}","{'total': 0, '3b01d4b4fef14f178b75f05c04dd34ef': 0, 'bc80af38933f4ae19b0494681a54422b': 0}",,,,,,,,,,65.0,,,,,,,,,,,,,,-65.0,,,,,,,,,,,,,,,,,,,,,,,,,,,
Ancoboyy,bing_pigs,2,"{'total': 28, '92b63a39b36a445fa94c77ae212dcea3': 15, 'bc80af38933f4ae19b0494681a54422b': 13}","{'total': 0, '92b63a39b36a445fa94c77ae212dcea3': 0, 'bc80af38933f4ae19b0494681a54422b': 0}",,,,,,,,,,34.0,,,,,,,,,,-34.0,,,,,,,,,,,,,,,,,,,,,,,,,,,,,,,
Ancoboyy,doogile,2,"{'total': 3, '3c8757790ab0400b8b9e3936e0dd535b': 1, 'bc80af38933f4ae19b0494681a54422b': 2}","{'total': 0, '3c8757790ab0400b8b9e3936e0dd535b': 0, 'bc80af38933f4ae19b0494681a54422b': 0}",,,,,,,,,-50.0,50.0,,,,,,,,,,,,,,,,,,,,,,,,,,,,,,,,,,,,,,,,,
Ancoboyy,AutomattPLUS,2,"{'total': 3, '2988fcfbc6b141a497faa915e13b6592': 1, 'bc80af38933f4ae19b0494681a54422b': 2}","{'total': 0, '2988fcfbc6b141a497faa915e13b6592': 0, 'bc80af38933f4ae19b0494681a54422b': 0}",,,,,,,,,,10.0,,,,,,,,,,,,,,,,,,,,-10.0,,,,,,,,,,,,,,,,,,,,,
Ancoboyy,hackingnoises,2,"{'total': 1, '7c92678742eb4e819f3122017697ae3d': 0, 'bc80af38933f4ae19b0494681a54422b': 1}","{'total': 0, '7c92678742eb4e819f3122017697ae3d': 0, 'bc80af38933f4ae19b0494681a54422b': 0}",,,,,,,,,,28.0,,,,,,,,,,,,-28.0,,,,,,,,,,,,,,,,,,,,,,,,,,,,,
Ancoboyy,lowk3y_,2,"{'total': 0, 'bc80af38933f4ae19b0494681a54422b': 0, '7665f76f431b41c6b321bea16aff913b': 0}","{'total': 0, 'bc80af38933f4ae19b0494681a54422b': 0, '7665f76f431b41c6b321bea16aff913b': 0}",,,,,,,0.0,,,0.0,,,,,,,,,,,,,,,,,,,,,,,,,,,,,,,,,,,,,,,,,
Ancoboyy,Oxidiot,2,"{'total': 1, '562a308be86c4ec09438387860e792cc': 1, 'bc80af38933f4ae19b0494681a54422b': 0}","{'total': 0, '562a308be86c4ec09438387860e792cc': 0, 'bc80af38933f4ae19b0494681a54422b': 0}",,,26.0,,,,,,,-26.0,,,,,,,,,,,,,,,,,,,,,,,,,,,,,,,,,,,,,,,,,
Ancoboyy,silverrruns,2,"{'total': 1, '17e787d1d6374f818b294f2319db370d': 0, 'bc80af38933f4ae19b0494681a54422b': 1}","{'total': 0, '17e787d1d6374f818b294f2319db370d': 0, 'bc80af38933f4ae19b0494681a54422b': 0}",-16.0,,,,,,,,,16.0,,,,,,,,,,,,,,,,,,,,,,,,,,,,,,,,,,,,,,,,,
Ancoboyy,TUDORULE,2,"{'total': 10, '78a8ec9f99d34371b73decd2a78ff9b0': 5, 'bc80af38933f4ae19b0494681a54422b': 5}","{'total': 0, '78a8ec9f99d34371b73decd2a78ff9b0': 0, 'bc80af38933f4ae19b0494681a54422b': 0}",,,,,,,,,,-27.0,,,,,,,,,,,,,,,,,,,,,,,27.0,,,,,,,,,,,,,,,,,,
Ancoboyy,v_strid,2,"{'total': 18, '388533d5a2ad4b349a31db4738670a4b': 12, 'bc80af38933f4ae19b0494681a54422b': 6}","{'total': 0, '388533d5a2ad4b349a31db4738670a4b': 0, 'bc80af38933f4ae19b0494681a54422b': 0}",,,,,,,,,,-110.0,,,,,,,,,,,,,,,,,,110.0,,,,,,,,,,,,,,,,,,,,,,,
Ancoboyy,Aquacorde,2,"{'total': 0, 'bc80af38933f4ae19b0494681a54422b': 0, '253b53d832ab4bafb5ee0308d5164ccf': 0}","{'total': 0, 'bc80af38933f4ae19b0494681a54422b': 0, '253b53d832ab4bafb5ee0308d5164ccf': 0}",,,,,,,,,,0.0,,,,,,,,,,,,,,,,,,,,,,,,0.0,,,,,,,,,,,,,,,,,
Ancoboyy,dandannyboy,2,"{'total': 0, 'bc80af38933f4ae19b0494681a54422b': 0, 'e4808bc3e1e347988cbb59b55d723e0f': 0}","{'total': 0, 'bc80af38933f4ae19b0494681a54422b': 0, 'e4808bc3e1e347988cbb59b55d723e0f': 0}",,0.0,,,,,,,,0.0,,,,,,,,,,,,,,,,,,,,,,,,,,,,,,,,,,,,,,,,,
Ancoboyy,KenanKardes,2,"{'total': 13, '0b164a03002048d3955715422179eedf': 7, 'bc80af38933f4ae19b0494681a54422b': 6}","{'total': 0, '0b164a03002048d3955715422179eedf': 0, 'bc80af38933f4ae19b0494681a54422b': 0}",,,,,,,,,,-54.0,,,,,,,,,,,,,,,,,,,,,,,,,54.0,,,,,,,,,,,,,,,,
Ancoboyy,pulsar32,2,"{'total': 0, 'bc80af38933f4ae19b0494681a54422b': 0, '4863326cccf043ecbb8ff88628bed781': 0}","{'total': 0, 'bc80af38933f4ae19b0494681a54422b': 0, '4863326cccf043ecbb8ff88628bed781': 0}",,,,,,,,,,0.0,0.0,,,,,,,,,,,,,,,,,,,,,,,,,,,,,,,,,,,,,,,,
BeefSalad,bing_pigs,2,"{'total': 48, '3b01d4b4fef14f178b75f05c04dd34ef': 18, '92b63a39b36a445fa94c77ae212dcea3': 29}","{'total': 0, '3b01d4b4fef14f178b75f05c04dd34ef': 0, '92b63a39b36a445fa94c77ae212dcea3': 0}",,,,,,,,,,,,,,,,,,,,143.0,,,,-143.0,,,,,,,,,,,,,,,,,,,,,,,,,,,
BeefSalad,doogile,2,"{'total': 12, '3b01d4b4fef14f178b75f05c04dd34ef': 3, '3c8757790ab0400b8b9e3936e0dd535b': 9}","{'total': 0, '3b01d4b4fef14f178b75f05c04dd34ef': 0, '3c8757790ab0400b8b9e3936e0dd535b': 0}",,,,,,,,,110.0,,,,,,,,,,,,,,,-110.0,,,,,,,,,,,,,,,,,,,,,,,,,,,
BeefSalad,AutomattPLUS,2,"{'total': 10, '2988fcfbc6b141a497faa915e13b6592': 6, '3b01d4b4fef14f178b75f05c04dd34ef': 4}","{'total': 0, '2988fcfbc6b141a497faa915e13b6592': 0, '3b01d4b4fef14f178b75f05c04dd34ef': 0}",,,,,,,,,,,,,,,,,,,,,,,,-71.0,,,,,,71.0,,,,,,,,,,,,,,,,,,,,,
BeefSalad,hackingnoises,2,"{'total': 13, '3b01d4b4fef14f178b75f05c04dd34ef': 9, '7c92678742eb4e819f3122017697ae3d': 4}","{'total': 0, '3b01d4b4fef14f178b75f05c04dd34ef': 0, '7c92678742eb4e819f3122017697ae3d': 0}",,,,,,,,,,,,,,,,,,,,,,-118.0,,118.0,,,,,,,,,,,,,,,,,,,,,,,,,,,
BeefSalad,lowk3y_,2,"{'total': 13, '3b01d4b4fef14f178b75f05c04dd34ef': 6, '7665f76f431b41c6b321bea16aff913b': 6}","{'total': 0, '3b01d4b4fef14f178b75f05c04dd34ef': 0, '7665f76f431b41c6b321bea16aff913b': 0}",,,,,,,12.0,,,,,,,,,,,,,,,,,-12.0,,,,,,,,,,,,,,,,,,,,,,,,,,,
BeefSalad,Oxidiot,2,"{'total': 8, '3b01d4b4fef14f178b75f05c04dd34ef': 4, '562a308be86c4ec09438387860e792cc': 4}","{'total': 0, '3b01d4b4fef14f178b75f05c04dd34ef': 0, '562a308be86c4ec09438387860e792cc': 0}",,,47.0,,,,,,,,,,,,,,,,,,,,,-47.0,,,,,,,,,,,,,,,,,,,,,,,,,,,
BeefSalad,silverrruns,2,"{'total': 5, '17e787d1d6374f818b294f2319db370d': 4, '3b01d4b4fef14f178b75f05c04dd34ef': 1}","{'total': 0, '17e787d1d6374f818b294f2319db370d': 0, '3b01d4b4fef14f178b75f05c04dd34ef': 0}",77.0,,,,,,,,,,,,,,,,,,,,,,,-77.0,,,,,,,,,,,,,,,,,,,,,,,,,,,
BeefSalad,TUDORULE,2,"{'total': 6, '3b01d4b4fef14f178b75f05c04dd34ef': 3, '78a8ec9f99d34371b73decd2a78ff9b0': 3}","{'total': 0, '3b01d4b4fef14f178b75f05c04dd34ef': 0, '78a8ec9f99d34371b73decd2a78ff9b0': 0}",,,,,,,,,,,,,,,,,,,,,,,,5.0,,,,,,,,,-5.0,,,,,,,,,,,,,,,,,,
BeefSalad,v_strid,2,"{'total': 64, '388533d5a2ad4b349a31db4738670a4b': 22, '3b01d4b4fef14f178b75f05c04dd34ef': 42}","{'total': 0, '388533d5a2ad4b349a31db4738670a4b': 0, '3b01d4b4fef14f178b75f05c04dd34ef': 0}",,,,,,,,,,,,,,,,,,,,,,,,227.0,,,,-227.0,,,,,,,,,,,,,,,,,,,,,,,
BeefSalad,Aquacorde,2,"{'total': 8, '253b53d832ab4bafb5ee0308d5164ccf': 3, '3b01d4b4fef14f178b75f05c04dd34ef': 5}","{'total': 0, '253b53d832ab4bafb5ee0308d5164ccf': 0, '3b01d4b4fef14f178b75f05c04dd34ef': 0}",,,,,,,,,,,,,,,,,,,,,,,,32.0,,,,,,,,,,-32.0,,,,,,,,,,,,,,,,,
BeefSalad,dandannyboy,2,"{'total': 2, '3b01d4b4fef14f178b75f05c04dd34ef': 1, 'e4808bc3e1e347988cbb59b55d723e0f': 1}","{'total': 0, '3b01d4b4fef14f178b75f05c04dd34ef': 0, 'e4808bc3e1e347988cbb59b55d723e0f': 0}",,11.0,,,,,,,,,,,,,,,,,,,,,,-11.0,,,,,,,,,,,,,,,,,,,,,,,,,,,
BeefSalad,KenanKardes,2,"{'total': 21, '0b164a03002048d3955715422179eedf': 10, '3b01d4b4fef14f178b75f05c04dd34ef': 10}","{'total': 0, '0b164a03002048d3955715422179eedf': 0, '3b01d4b4fef14f178b75f05c04dd34ef': 0}",,,,,,,,,,,,,,,,,,,,,,,,-49.0,,,,,,,,,,,69.0,,,,,,,,,,,,,,,,
BeefSalad,pulsar32,2,"{'total': 0, '3b01d4b4fef14f178b75f05c04dd34ef': 0, '4863326cccf043ecbb8ff88628bed781': 0}","{'total': 0, '3b01d4b4fef14f178b75f05c04dd34ef': 0, '4863326cccf043ecbb8ff88628bed781': 0}",,,,,,,,,,,0.0,,,,,,,,,,,,,0.0,,,,,,,,,,,,,,,,,,,,,,,,,,,
bing_pigs,doogile,2,"{'total': 5, '3c8757790ab0400b8b9e3936e0dd535b': 3, '92b63a39b36a445fa94c77ae212dcea3': 2}","{'total': 0, '3c8757790ab0400b8b9e3936e0dd535b': 0, '92b63a39b36a445fa94c77ae212dcea3': 0}",,,,,,,,,4.0,,,,,,,,,,,-4.0,,,,,,,,,,,,,,,,,,,,,,,,,,,,,,,
bing_pigs,AutomattPLUS,2,"{'total': 3, '2988fcfbc6b141a497faa915e13b6592': 0, '92b63a39b36a445fa94c77ae212dcea3': 3}","{'total': 0, '2988fcfbc6b141a497faa915e13b6592': 0, '92b63a39b36a445fa94c77ae212dcea3': 0}",,,,,,,,,,,,,,,,,,,,35.0,,,,,,,,,,-35.0,,,,,,,,,,,,,,,,,,,,,
bing_pigs,hackingnoises,2,"{'total': 26, '7c92678742eb4e819f3122017697ae3d': 18, '92b63a39b36a445fa94c77ae212dcea3': 8}","{'total': 0, '7c92678742eb4e819f3122017697ae3d': 0, '92b63a39b36a445fa94c77ae212dcea3': 0}",,,,,,,,,,,,,,,,,,,,-216.0,,216.0,,,,,,,,,,,,,,,,,,,,,,,,,,,,,
bing_pigs,lowk3y_,2,"{'total': 11, '7665f76f431b41c6b321bea16aff913b': 7, '92b63a39b36a445fa94c77ae212dcea3': 4}","{'total': 0, '7665f76f431b41c6b321bea16aff913b': 0, '92b63a39b36a445fa94c77ae212dcea3': 0}",,,,,,,121.0,,,,,,,,,,,,,-121.0,,,,,,,,,,,,,,,,,,,,,,,,,,,,,,,
bing_pigs,Oxidiot,2,"{'total': 5, '562a308be86c4ec09438387860e792cc': 2, '92b63a39b36a445fa94c77ae212dcea3': 3}","{'total': 0, '562a308be86c4ec09438387860e792cc': 0, '92b63a39b36a445fa94c77ae212dcea3': 0}",,,12.0,,,,,,,,,,,,,,,,,-12.0,,,,,,,,,,,,,,,,,,,,,,,,,,,,,,,
bing_pigs,silverrruns,2,"{'total': 10, '17e787d1d6374f818b294f2319db370d': 4, '92b63a39b36a445fa94c77ae212dcea3': 6}","{'total': 0, '17e787d1d6374f818b294f2319db370d': 0, '92b63a39b36a445fa94c77ae212dcea3': 0}",-21.0,,,,,,,,,,,,,,,,,,,21.0,,,,,,,,,,,,,,,,,,,,,,,,,,,,,,,
bing_pigs,TUDORULE,2,"{'total': 22, '78a8ec9f99d34371b73decd2a78ff9b0': 9, '92b63a39b36a445fa94c77ae212dcea3': 13}","{'total': 0, '78a8ec9f99d34371b73decd2a78ff9b0': 0, '92b63a39b36a445fa94c77ae212dcea3': 0}",,,,,,,,,,,,,,,,,,,,3.0,,,,,,,,,,,,,-3.0,,,,,,,,,,,,,,,,,,
bing_pigs,v_strid,2,"{'total': 21, '388533d5a2ad4b349a31db4738670a4b': 9, '92b63a39b36a445fa94c77ae212dcea3': 12}","{'total': 0, '388533d5a2ad4b349a31db4738670a4b': 0, '92b63a39b36a445fa94c77ae212dcea3': 0}",,,,,,,,,,,,,,,,,,,,-11.0,,,,,,,,11.0,,,,,,,,,,,,,,,,,,,,,,,
bing_pigs,Aquacorde,2,"{'total': 3, '253b53d832ab4bafb5ee0308d5164ccf': 1, '92b63a39b36a445fa94c77ae212dcea3': 2}","{'total': 0, '253b53d832ab4bafb5ee0308d5164ccf': 0, '92b63a39b36a445fa94c77ae212dcea3': 0}",,,,,,,,,,,,,,,,,,,,10.0,,,,,,,,,,,,,,-10.0,,,,,,,,,,,,,,,,,
bing_pigs,dandannyboy,2,"{'total': 3, '92b63a39b36a445fa94c77ae212dcea3': 2, 'e4808bc3e1e347988cbb59b55d723e0f': 1}","{'total': 0, '92b63a39b36a445fa94c77ae212dcea3': 0, 'e4808bc3e1e347988cbb59b55d723e0f': 0}",,-9.0,,,,,,,,,,,,,,,,,,9.0,,,,,,,,,,,,,,,,,,,,,,,,,,,,,,,
bing_pigs,KenanKardes,2,"{'total': 24, '0b164a03002048d3955715422179eedf': 10, '92b63a39b36a445fa94c77ae212dcea3': 14}","{'total': 0, '0b164a03002048d3955715422179eedf': 0, '92b63a39b36a445fa94c77ae212dcea3': 0}",,,,,,,,,,,,,,,,,,,,-41.0,,,,,,,,,,,,,,,41.0,,,,,,,,,,,,,,,,
bing_pigs,pulsar32,2,"{'total': 0, '92b63a39b36a445fa94c77ae212dcea3': 0, '4863326cccf043ecbb8ff88628bed781': 0}","{'total': 0, '92b63a39b36a445fa94c77ae212dcea3': 0, '4863326cccf043ecbb8ff88628bed781': 0}",,,,,,,,,,,0.0,,,,,,,,,0.0,,,,,,,,,,,,,,,,,,,,,,,,,,,,,,,
doogile,AutomattPLUS,2,"{'total': 5, '2988fcfbc6b141a497faa915e13b6592': 0, '3c8757790ab0400b8b9e3936e0dd535b': 5}","{'total': 0, '2988fcfbc6b141a497faa915e13b6592': 0, '3c8757790ab0400b8b9e3936e0dd535b': 0}",,,,,,,,,65.0,,,,,,,,,,,,,,,,,,,,,-65.0,,,,,,,,,,,,,,,,,,,,,
doogile,hackingnoises,2,"{'total': 0, '3c8757790ab0400b8b9e3936e0dd535b': 0, '7c92678742eb4e819f3122017697ae3d': 0}","{'total': 0, '3c8757790ab0400b8b9e3936e0dd535b': 0, '7c92678742eb4e819f3122017697ae3d': 0}",,,,,,,,,0.0,,,,,,,,,,,,,0.0,,,,,,,,,,,,,,,,,,,,,,,,,,,,,
doogile,lowk3y_,2,"{'total': 0, '3c8757790ab0400b8b9e3936e0dd535b': 0, '7665f76f431b41c6b321bea16aff913b': 0}","{'total': 0, '3c8757790ab0400b8b9e3936e0dd535b': 0, '7665f76f431b41c6b321bea16aff913b': 0}",,,,,,,0.0,,0.0,,,,,,,,,,,,,,,,,,,,,,,,,,,,,,,,,,,,,,,,,,
doogile,Oxidiot,2,"{'total': 2, '3c8757790ab0400b8b9e3936e0dd535b': 2, '562a308be86c4ec09438387860e792cc': 0}","{'total': 0, '3c8757790ab0400b8b9e3936e0dd535b': 0, '562a308be86c4ec09438387860e792cc': 0}",,,-25.0,,,,,,25.0,,,,,,,,,,,,,,,,,,,,,,,,,,,,,,,,,,,,,,,,,,
doogile,silverrruns,2,"{'total': 15, '17e787d1d6374f818b294f2319db370d': 5, '3c8757790ab0400b8b9e3936e0dd535b': 9}","{'total': 0, '17e787d1d6374f818b294f2319db370d': 0, '3c8757790ab0400b8b9e3936e0dd535b': 0}",-35.0,,,,,,,,35.0,,,,,,,,,,,,,,,,,,,,,,,,,,,,,,,,,,,,,,,,,,
doogile,TUDORULE,2,"{'total': 3, '3c8757790ab0400b8b9e3936e0dd535b': 1, '78a8ec9f99d34371b73decd2a78ff9b0': 2}","{'total': 0, '3c8757790ab0400b8b9e3936e0dd535b': 0, '78a8ec9f99d34371b73decd2a78ff9b0': 0}",,,,,,,,,-39.0,,,,,,,,,,,,,,,,,,,,,,,,39.0,,,,,,,,,,,,,,,,,,
doogile,v_strid,2,"{'total': 17, '388533d5a2ad4b349a31db4738670a4b': 1, '3c8757790ab0400b8b9e3936e0dd535b': 16}","{'total': 0, '388533d5a2ad4b349a31db4738670a4b': 0, '3c8757790ab0400b8b9e3936e0dd535b': 0}",,,,,,,,,200.0,,,,,,,,,,,,,,,,,,,-200.0,,,,,,,,,,,,,,,,,,,,,,,
doogile,Aquacorde,2,"{'total': 17, '253b53d832ab4bafb5ee0308d5164ccf': 5, '3c8757790ab0400b8b9e3936e0dd535b': 12}","{'total': 0, '253b53d832ab4bafb5ee0308d5164ccf': 0, '3c8757790ab0400b8b9e3936e0dd535b': 0}",,,,,,,,,97.0,,,,,,,,,,,,,,,,,,,,,,,,,-97.0,,,,,,,,,,,,,,,,,
doogile,dandannyboy,2,"{'total': 2, '3c8757790ab0400b8b9e3936e0dd535b': 2, 'e4808bc3e1e347988cbb59b55d723e0f': 0}","{'total': 0, '3c8757790ab0400b8b9e3936e0dd535b': 0, 'e4808bc3e1e347988cbb59b55d723e0f': 0}",,-18.0,,,,,,,18.0,,,,,,,,,,,,,,,,,,,,,,,,,,,,,,,,,,,,,,,,,,
doogile,KenanKardes,2,"{'total': 3, '0b164a03002048d3955715422179eedf': 1, '3c8757790ab0400b8b9e3936e0dd535b': 2}","{'total': 0, '0b164a03002048d3955715422179eedf': 0, '3c8757790ab0400b8b9e3936e0dd535b': 0}",,,,,,,,,-2.0,,,,,,,,,,,,,,,,,,,,,,,,,,2.0,,,,,,,,,,,,,,,,
doogile,pulsar32,2,"{'total': 0, '3c8757790ab0400b8b9e3936e0dd535b': 0, '4863326cccf043ecbb8ff88628bed781': 0}","{'total': 0, '3c8757790ab0400b8b9e3936e0dd535b': 0, '4863326cccf043ecbb8ff88628bed781': 0}",,,,,,,,,0.0,,0.0,,,,,,,,,,,,,,,,,,,,,,,,,,,,,,,,,,,,,,,,
AutomattPLUS,hackingnoises,2,"{'total': 0, '2988fcfbc6b141a497faa915e13b6592': 0, '7c92678742eb4e819f3122017697ae3d': 0}","{'total': 0, '2988fcfbc6b141a497faa915e13b6592': 0, '7c92678742eb4e819f3122017697ae3d': 0}",,,,,,,,,,,,,,,,,,,,,,0.0,,,,,,,,0.0,,,,,,,,,,,,,,,,,,,,,
AutomattPLUS,lowk3y_,2,"{'total': 1, '2988fcfbc6b141a497faa915e13b6592': 0, '7665f76f431b41c6b321bea16aff913b': 1}","{'total': 0, '2988fcfbc6b141a497faa915e13b6592': 0, '7665f76f431b41c6b321bea16aff913b': 0}",,,,,,,18.0,,,,,,,,,,,,,,,,,,,,,,,-18.0,,,,,,,,,,,,,,,,,,,,,
AutomattPLUS,Oxidiot,2,"{'total': 4, '2988fcfbc6b141a497faa915e13b6592': 3, '562a308be86c4ec09438387860e792cc': 1}","{'total': 0, '2988fcfbc6b141a497faa915e13b6592': 0, '562a308be86c4ec09438387860e792cc': 0}",,,-37.0,,,,,,,,,,,,,,,,,,,,,,,,,,,37.0,,,,,,,,,,,,,,,,,,,,,
AutomattPLUS,silverrruns,2,"{'total': 2, '17e787d1d6374f818b294f2319db370d': 2, '2988fcfbc6b141a497faa915e13b6592': 0}","{'total': 0, '17e787d1d6374f818b294f2319db370d': 0, '2988fcfbc6b141a497faa915e13b6592': 0}",38.0,,,,,,,,,,,,,,,,,,,,,,,,,,,,,-38.0,,,,,,,,,,,,,,,,,,,,,
AutomattPLUS,TUDORULE,2,"{'total': 2, '2988fcfbc6b141a497faa915e13b6592': 2, '78a8ec9f99d34371b73decd2a78ff9b0': 0}","{'total': 0, '2988fcfbc6b141a497faa915e13b6592': 0, '78a8ec9f99d34371b73decd2a78ff9b0': 0}",,,,,,,,,,,,,,,,,,,,,,,,,,,,,,48.0,,,-48.0,,,,,,,,,,,,,,,,,,
AutomattPLUS,v_strid,2,"{'total': 26, '2988fcfbc6b141a497faa915e13b6592': 12, '388533d5a2ad4b349a31db4738670a4b': 14}","{'total': 0, '2988fcfbc6b141a497faa915e13b6592': 0, '388533d5a2ad4b349a31db4738670a4b': 0}",,,,,,,,,,,,,,,,,,,,,,,,,,,,-55.0,,55.0,,,,,,,,,,,,,,,,,,,,,
AutomattPLUS,Aquacorde,2,"{'total': 7, '253b53d832ab4bafb5ee0308d5164ccf': 4, '2988fcfbc6b141a497faa915e13b6592': 3}","{'total': 0, '253b53d832ab4bafb5ee0308d5164ccf': 0, '2988fcfbc6b141a497faa915e13b6592': 0}",,,,,,,,,,,,,,,,,,,,,,,,,,,,,,10.0,,,,-10.0,,,,,,,,,,,,,,,,,
AutomattPLUS,dandannyboy,2,"{'total': 5, '2988fcfbc6b141a497faa915e13b6592': 2, 'e4808bc3e1e347988cbb59b55d723e0f': 3}","{'total': 0, '2988fcfbc6b141a497faa915e13b6592': 0, 'e4808bc3e1e347988cbb59b55d723e0f': 0}",,34.0,,,,,,,,,,,,,,,,,,,,,,,,,,,,-34.0,,,,,,,,,,,,,,,,,,,,,
AutomattPLUS,KenanKardes,2,"{'total': 6, '0b164a03002048d3955715422179eedf': 3, '2988fcfbc6b141a497faa915e13b6592': 2}","{'total': 0, '0b164a03002048d3955715422179eedf': 0, '2988fcfbc6b141a497faa915e13b6592': 0}",,,,,,,,,,,,,,,,,,,,,,,,,,,,,,-19.0,,,,,19.0,,,,,,,,,,,,,,,,
AutomattPLUS,pulsar32,2,"{'total': 0, '2988fcfbc6b141a497faa915e13b6592': 0, '4863326cccf043ecbb8ff88628bed781': 0}","{'total': 0, '2988fcfbc6b141a497faa915e13b6592': 0, '4863326cccf043ecbb8ff88628bed781': 0}",,,,,,,,,,,0.0,,,,,,,,,,,,,,,,,,,0.0,,,,,,,,,,,,,,,,,,,,,
hackingnoises,lowk3y_,2,"{'total': 2, '7665f76f431b41c6b321bea16aff913b': 2, '7c92678742eb4e819f3122017697ae3d': 0}","{'total': 0, '7665f76f431b41c6b321bea16aff913b': 0, '7c92678742eb4e819f3122017697ae3d': 0}",,,,,,,48.0,,,,,,,,,,,,,,,-48.0,,,,,,,,,,,,,,,,,,,,,,,,,,,,,
hackingnoises,Oxidiot,2,"{'total': 9, '562a308be86c4ec09438387860e792cc': 5, '7c92678742eb4e819f3122017697ae3d': 4}","{'total': 0, '562a308be86c4ec09438387860e792cc': 0, '7c92678742eb4e819f3122017697ae3d': 0}",,,70.0,,,,,,,,,,,,,,,,,,,-70.0,,,,,,,,,,,,,,,,,,,,,,,,,,,,,
hackingnoises,silverrruns,2,"{'total': 0, '7c92678742eb4e819f3122017697ae3d': 0, '17e787d1d6374f818b294f2319db370d': 0}","{'total': 0, '7c92678742eb4e819f3122017697ae3d': 0, '17e787d1d6374f818b294f2319db370d': 0}",0.0,,,,,,,,,,,,,,,,,,,,,0.0,,,,,,,,,,,,,,,,,,,,,,,,,,,,,
hackingnoises,TUDORULE,2,"{'total': 5, '78a8ec9f99d34371b73decd2a78ff9b0': 3, '7c92678742eb4e819f3122017697ae3d': 2}","{'total': 0, '78a8ec9f99d34371b73decd2a78ff9b0': 0, '7c92678742eb4e819f3122017697ae3d': 0}",,,,,,,,,,,,,,,,,,,,,,-35.0,,,,,,,,,,,35.0,,,,,,,,,,,,,,,,,,
hackingnoises,v_strid,2,"{'total': 2, '388533d5a2ad4b349a31db4738670a4b': 0, '7c92678742eb4e819f3122017697ae3d': 2}","{'total': 0, '388533d5a2ad4b349a31db4738670a4b': 0, '7c92678742eb4e819f3122017697ae3d': 0}",,,,,,,,,,,,,,,,,,,,,,17.0,,,,,,-17.0,,,,,,,,,,,,,,,,,,,,,,,
hackingnoises,Aquacorde,2,"{'total': 0, '253b53d832ab4bafb5ee0308d5164ccf': 0, '7c92678742eb4e819f3122017697ae3d': 0}","{'total': 0, '253b53d832ab4bafb5ee0308d5164ccf': 0, '7c92678742eb4e819f3122017697ae3d': 0}",,,,,,,,,,,,,,,,,,,,,,0.0,,,,,,,,,,,,0.0,,,,,,,,,,,,,,,,,
hackingnoises,dandannyboy,2,"{'total': 1, '7c92678742eb4e819f3122017697ae3d': 1, 'e4808bc3e1e347988cbb59b55d723e0f': 0}","{'total': 0, '7c92678742eb4e819f3122017697ae3d': 0, 'e4808bc3e1e347988cbb59b55d723e0f': 0}",,-15.0,,,,,,,,,,,,,,,,,,,,15.0,,,,,,,,,,,,,,,,,,,,,,,,,,,,,
hackingnoises,KenanKardes,2,"{'total': 5, '0b164a03002048d3955715422179eedf': 1, '7c92678742eb4e819f3122017697ae3d': 4}","{'total': 0, '0b164a03002048d3955715422179eedf': 0, '7c92678742eb4e819f3122017697ae3d': 0}",,,,,,,,,,,,,,,,,,,,,,68.0,,,,,,,,,,,,,-68.0,,,,,,,,,,,,,,,,
hackingnoises,pulsar32,2,"{'total': 0, '7c92678742eb4e819f3122017697ae3d': 0, '4863326cccf043ecbb8ff88628bed781': 0}","{'total': 0, '7c92678742eb4e819f3122017697ae3d': 0, '4863326cccf043ecbb8ff88628bed781': 0}",,,,,,,,,,,0.0,,,,,,,,,,,0.0,,,,,,,,,,,,,,,,,,,,,,,,,,,,,
lowk3y_,Oxidiot,2,"{'total': 0, '562a308be86c4ec09438387860e792cc': 0, '7665f76f431b41c6b321bea16aff913b': 0}","{'total': 0, '562a308be86c4ec09438387860e792cc': 0, '7665f76f431b41c6b321bea16aff913b': 0}",,,0.0,,,,0.0,,,,,,,,,,,,,,,,,,,,,,,,,,,,,,,,,,,,,,,,,,,,
lowk3y_,silverrruns,2,"{'total': 0, '7665f76f431b41c6b321bea16aff913b': 0, '17e787d1d6374f818b294f2319db370d': 0}","{'total': 0, '7665f76f431b41c6b321bea16aff913b': 0, '17e787d1d6374f818b294f2319db370d': 0}",0.0,,,,,,0.0,,,,,,,,,,,,,,,,,,,,,,,,,,,,,,,,,,,,,,,,,,,,
lowk3y_,TUDORULE,2,"{'total': 2, '7665f76f431b41c6b321bea16aff913b': 1, '78a8ec9f99d34371b73decd2a78ff9b0': 1}","{'total': 0, '7665f76f431b41c6b321bea16aff913b': 0, '78a8ec9f99d34371b73decd2a78ff9b0': 0}",,,,,,,4.0,,,,,,,,,,,,,,,,,,,,,,,,,,-4.0,,,,,,,,,,,,,,,,,,
lowk3y_,v_strid,2,"{'total': 7, '388533d5a2ad4b349a31db4738670a4b': 1, '7665f76f431b41c6b321bea16aff913b': 6}","{'total': 0, '388533d5a2ad4b349a31db4738670a4b': 0, '7665f76f431b41c6b321bea16aff913b': 0}",,,,,,,50.0,,,,,,,,,,,,,,,,,,,,,-50.0,,,,,,,,,,,,,,,,,,,,,,,
lowk3y_,Aquacorde,2,"{'total': 5, '253b53d832ab4bafb5ee0308d5164ccf': 3, '7665f76f431b41c6b321bea16aff913b': 2}","{'total': 0, '253b53d832ab4bafb5ee0308d5164ccf': 0, '7665f76f431b41c6b321bea16aff913b': 0}",,,,,,,19.0,,,,,,,,,,,,,,,,,,,,,,,,,,,1.0,,,,,,,,,,,,,,,,,
lowk3y_,dandannyboy,2,"{'total': 3, '7665f76f431b41c6b321bea16aff913b': 2, 'e4808bc3e1e347988cbb59b55d723e0f': 1}","{'total': 0, '7665f76f431b41c6b321bea16aff913b': 0, 'e4808bc3e1e347988cbb59b55d723e0f': 0}",,-22.0,,,,,22.0,,,,,,,,,,,,,,,,,,,,,,,,,,,,,,,,,,,,,,,,,,,,
lowk3y_,KenanKardes,2,"{'total': 3, '0b164a03002048d3955715422179eedf': 3, '7665f76f431b41c6b321bea16aff913b': 0}","{'total': 0, '0b164a03002048d3955715422179eedf': 0, '7665f76f431b41c6b321bea16aff913b': 0}",,,,,,,-75.0,,,,,,,,,,,,,,,,,,,,,,,,,,,,75.0,,,,,,,,,,,,,,,,
lowk3y_,pulsar32,2,"{'total': 0, '7665f76f431b41c6b321bea16aff913b': 0, '4863326cccf043ecbb8ff88628bed781': 0}","{'total': 0, '7665f76f431b41c6b321bea16aff913b': 0, '4863326cccf043ecbb8ff88628bed781': 0}",,,,,,,0.0,,,,0.0,,,,,,,,,,,,,,,,,,,,,,,,,,,,,,,,,,,,,,,,
Oxidiot,silverrruns,2,"{'total': 0, '562a308be86c4ec09438387860e792cc': 0, '17e787d1d6374f818b294f2319db370d': 0}","{'total': 0, '562a308be86c4ec09438387860e792cc': 0, '17e787d1d6374f818b294f2319db370d': 0}",0.0,,0.0,,,,,,,,,,,,,,,,,,,,,,,,,,,,,,,,,,,,,,,,,,,,,,,,
Oxidiot,TUDORULE,2,"{'total': 0, '562a308be86c4ec09438387860e792cc': 0, '78a8ec9f99d34371b73decd2a78ff9b0': 0}","{'total': 0, '562a308be86c4ec09438387860e792cc': 0, '78a8ec9f99d34371b73decd2a78ff9b0': 0}",,,0.0,,,,,,,,,,,,,,,,,,,,,,,,,,,,,,0.0,,,,,,,,,,,,,,,,,,
Oxidiot,v_strid,2,"{'total': 12, '388533d5a2ad4b349a31db4738670a4b': 7, '562a308be86c4ec09438387860e792cc': 5}","{'total': 0, '388533d5a2ad4b349a31db4738670a4b': 0, '562a308be86c4ec09438387860e792cc': 0}",,,3.0,,,,,,,,,,,,,,,,,,,,,,,,,-3.0,,,,,,,,,,,,,,,,,,,,,,,
Oxidiot,Aquacorde,2,"{'total': 0, '253b53d832ab4bafb5ee0308d5164ccf': 0, '562a308be86c4ec09438387860e792cc': 0}","{'total': 0, '253b53d832ab4bafb5ee0308d5164ccf': 0, '562a308be86c4ec09438387860e792cc': 0}",,,0.0,,,,,,,,,,,,,,,,,,,,,,,,,,,,,,,0.0,,,,,,,,,,,,,,,,,
Oxidiot,dandannyboy,2,"{'total': 0, '562a308be86c4ec09438387860e792cc': 0, 'e4808bc3e1e347988cbb59b55d723e0f': 0}","{'total': 0, '562a308be86c4ec09438387860e792cc': 0, 'e4808bc3e1e347988cbb59b55d723e0f': 0}",,0.0,0.0,,,,,,,,,,,,,,,,,,,,,,,,,,,,,,,,,,,,,,,,,,,,,,,,
Oxidiot,KenanKardes,2,"{'total': 2, '0b164a03002048d3955715422179eedf': 1, '562a308be86c4ec09438387860e792cc': 1}","{'total': 0, '0b164a03002048d3955715422179eedf': 0, '562a308be86c4ec09438387860e792cc': 0}",,,14.0,,,,,,,,,,,,,,,,,,,,,,,,,,,,,,,,-14.0,,,,,,,,,,,,,,,,
Oxidiot,pulsar32,2,"{'total': 0, '562a308be86c4ec09438387860e792cc': 0, '4863326cccf043ecbb8ff88628bed781': 0}","{'total': 0, '562a308be86c4ec09438387860e792cc': 0, '4863326cccf043ecbb8ff88628bed781': 0}",,,0.0,,,,,,,,0.0,,,,,,,,,,,,,,,,,,,,,,,,,,,,,,,,,,,,,,,,
silverrruns,TUDORULE,2,"{'total': 1, '17e787d1d6374f818b294f2319db370d': 0, '78a8ec9f99d34371b73decd2a78ff9b0': 1}","{'total': 0, '17e787d1d6374f818b294f2319db370d': 0, '78a8ec9f99d34371b73decd2a78ff9b0': 0}",-11.0,,,,,,,,,,,,,,,,,,,,,,,,,,,,,,,,11.0,,,,,,,,,,,,,,,,,,
silverrruns,v_strid,2,"{'total': 11, '17e787d1d6374f818b294f2319db370d': 5, '388533d5a2ad4b349a31db4738670a4b': 6}","{'total': 0, '17e787d1d6374f818b294f2319db370d': 0, '388533d5a2ad4b349a31db4738670a4b': 0}",9.0,,,,,,,,,,,,,,,,,,,,,,,,,,,-9.0,,,,,,,,,,,,,,,,,,,,,,,
silverrruns,Aquacorde,2,"{'total': 11, '17e787d1d6374f818b294f2319db370d': 7, '253b53d832ab4bafb5ee0308d5164ccf': 4}","{'total': 0, '17e787d1d6374f818b294f2319db370d': 0, '253b53d832ab4bafb5ee0308d5164ccf': 0}",122.0,,,,,,,,,,,,,,,,,,,,,,,,,,,,,,,,,-101.0,,,,,,,,,,,,,,,,,
silverrruns,dandannyboy,2,"{'total': 23, '17e787d1d6374f818b294f2319db370d': 14, 'e4808bc3e1e347988cbb59b55d723e0f': 8}","{'total': 0, '17e787d1d6374f818b294f2319db370d': 0, 'e4808bc3e1e347988cbb59b55d723e0f': 0}",37.0,-37.0,,,,,,,,,,,,,,,,,,,,,,,,,,,,,,,,,,,,,,,,,,,,,,,,,
silverrruns,KenanKardes,2,"{'total': 1, '0b164a03002048d3955715422179eedf': 1, '17e787d1d6374f818b294f2319db370d': 0}","{'total': 0, '0b164a03002048d3955715422179eedf': 0, '17e787d1d6374f818b294f2319db370d': 0}",-20.0,,,,,,,,,,,,,,,,,,,,,,,,,,,,,,,,,,20.0,,,,,,,,,,,,,,,,
silverrruns,pulsar32,2,"{'total': 0, '4863326cccf043ecbb8ff88628bed781': 0, '17e787d1d6374f818b294f2319db370d': 0}","{'total': 0, '4863326cccf043ecbb8ff88628bed781': 0, '17e787d1d6374f818b294f2319db370d': 0}",0.0,,,,,,,,,,0.0,,,,,,,,,,,,,,,,,,,,,,,,,,,,,,,,,,,,,,,,
TUDORULE,v_strid,2,"{'total': 8, '388533d5a2ad4b349a31db4738670a4b': 4, '78a8ec9f99d34371b73decd2a78ff9b0': 4}","{'total': 0, '388533d5a2ad4b349a31db4738670a4b': 0, '78a8ec9f99d34371b73decd2a78ff9b0': 0}",,,,,,,,,,,,,,,,,,,,,,,,,,,,10.0,,,,,-10.0,,,,,,,,,,,,,,,,,,
TUDORULE,Aquacorde,2,"{'total': 0, '253b53d832ab4bafb5ee0308d5164ccf': 0, '78a8ec9f99d34371b73decd2a78ff9b0': 0}","{'total': 0, '253b53d832ab4bafb5ee0308d5164ccf': 0, '78a8ec9f99d34371b73decd2a78ff9b0': 0}",,,,,,,,,,,,,,,,,,,,,,,,,,,,,,,,,0.0,0.0,,,,,,,,,,,,,,,,,
TUDORULE,dandannyboy,2,"{'total': 0, '78a8ec9f99d34371b73decd2a78ff9b0': 0, 'e4808bc3e1e347988cbb59b55d723e0f': 0}","{'total': 0, '78a8ec9f99d34371b73decd2a78ff9b0': 0, 'e4808bc3e1e347988cbb59b55d723e0f': 0}",,0.0,,,,,,,,,,,,,,,,,,,,,,,,,,,,,,,0.0,,,,,,,,,,,,,,,,,,
TUDORULE,KenanKardes,2,"{'total': 7, '0b164a03002048d3955715422179eedf': 3, '78a8ec9f99d34371b73decd2a78ff9b0': 4}","{'total': 0, '0b164a03002048d3955715422179eedf': 0, '78a8ec9f99d34371b73decd2a78ff9b0': 0}",,,,,,,,,,,,,,,,,,,,,,,,,,,,,,,,,-10.0,,10.0,,,,,,,,,,,,,,,,
TUDORULE,pulsar32,2,"{'total': 0, '78a8ec9f99d34371b73decd2a78ff9b0': 0, '4863326cccf043ecbb8ff88628bed781': 0}","{'total': 0, '78a8ec9f99d34371b73decd2a78ff9b0': 0, '4863326cccf043ecbb8ff88628bed781': 0}",,,,,,,,,,,0.0,,,,,,,,,,,,,,,,,,,,,,0.0,,,,,,,,,,,,,,,,,,
v_strid,Aquacorde,2,"{'total': 17, '253b53d832ab4bafb5ee0308d5164ccf': 12, '388533d5a2ad4b349a31db4738670a4b': 5}","{'total': 0, '253b53d832ab4bafb5ee0308d5164ccf': 0, '388533d5a2ad4b349a31db4738670a4b': 0}",,,,,,,,,,,,,,,,,,,,,,,,,,,,-107.0,,,,,,107.0,,,,,,,,,,,,,,,,,
v_strid,dandannyboy,2,"{'total': 16, '388533d5a2ad4b349a31db4738670a4b': 11, 'e4808bc3e1e347988cbb59b55d723e0f': 5}","{'total': 0, '388533d5a2ad4b349a31db4738670a4b': 0, 'e4808bc3e1e347988cbb59b55d723e0f': 0}",,-83.0,,,,,,,,,,,,,,,,,,,,,,,,,,83.0,,,,,,,,,,,,,,,,,,,,,,,
v_strid,KenanKardes,2,"{'total': 25, '0b164a03002048d3955715422179eedf': 8, '388533d5a2ad4b349a31db4738670a4b': 17}","{'total': 0, '0b164a03002048d3955715422179eedf': 0, '388533d5a2ad4b349a31db4738670a4b': 0}",,,,,,,,,,,,,,,,,,,,,,,,,,,,181.0,,,,,,,-161.0,,,,,,,,,,,,,,,,
v_strid,pulsar32,2,"{'total': 0, '4863326cccf043ecbb8ff88628bed781': 0, '388533d5a2ad4b349a31db4738670a4b': 0}","{'total': 0, '4863326cccf043ecbb8ff88628bed781': 0, '388533d5a2ad4b349a31db4738670a4b': 0}",,,,,,,,,,,0.0,,,,,,,,,,,,,,,,,0.0,,,,,,,,,,,,,,,,,,,,,,,
Aquacorde,dandannyboy,2,"{'total': 12, '253b53d832ab4bafb5ee0308d5164ccf': 10, 'e4808bc3e1e347988cbb59b55d723e0f': 2}","{'total': 0, '253b53d832ab4bafb5ee0308d5164ccf': 0, 'e4808bc3e1e347988cbb59b55d723e0f': 0}",,-99.0,,,,,,,,,,,,,,,,,,,,,,,,,,,,,,,,99.0,,,,,,,,,,,,,,,,,
Aquacorde,KenanKardes,2,"{'total': 2, '0b164a03002048d3955715422179eedf': 2, '253b53d832ab4bafb5ee0308d5164ccf': 0}","{'total': 0, '0b164a03002048d3955715422179eedf': 0, '253b53d832ab4bafb5ee0308d5164ccf': 0}",,,,,,,,,,,,,,,,,,,,,,,,,,,,,,,,,,-46.0,46.0,,,,,,,,,,,,,,,,
Aquacorde,pulsar32,2,"{'total': 0, '253b53d832ab4bafb5ee0308d5164ccf': 0, '4863326cccf043ecbb8ff88628bed781': 0}","{'total': 0, '253b53d832ab4bafb5ee0308d5164ccf': 0, '4863326cccf043ecbb8ff88628bed781': 0}",,,,,,,,,,,0.0,,,,,,,,,,,,,,,,,,,,,,,0.0,,,,,,,,,,,,,,,,,
dandannyboy,KenanKardes,2,"{'total': 2, '0b164a03002048d3955715422179eedf': 2, 'e4808bc3e1e347988cbb59b55d723e0f': 0}","{'total': 0, '0b164a03002048d3955715422179eedf': 0, 'e4808bc3e1e347988cbb59b55d723e0f': 0}",,-37.0,,,,,,,,,,,,,,,,,,,,,,,,,,,,,,,,,37.0,,,,,,,,,,,,,,,,
dandannyboy,pulsar32,2,"{'total': 0, 'e4808bc3e1e347988cbb59b55d723e0f': 0, '4863326cccf043ecbb8ff88628bed781': 0}","{'total': 0, 'e4808bc3e1e347988cbb59b55d723e0f': 0, '4863326cccf043ecbb8ff88628bed781': 0}",,0.0,,,,,,,,,0.0,,,,,,,,,,,,,,,,,,,,,,,,,,,,,,,,,,,,,,,,
KenanKardes,pulsar32,2,"{'total': 0, '0b164a03002048d3955715422179eedf': 0, '4863326cccf043ecbb8ff88628bed781': 0}","{'total': 0, '0b164a03002048d3955715422179eedf': 0, '4863326cccf043ecbb8ff88628bed781': 0}",,,,,,,,,,,0.0,,,,,,,,,,,,,,,,,,,,,,,,0.0,,,,,,,,,,,,,,,,
7rowl,Ayreliaa,2,"{'total': 0, '70eb9286e3e24153a8b37c8f884f1292': 0, 'b5ae858c09384b79989ea305a4b5cedf': 0}","{'total': 0, '70eb9286e3e24153a8b37c8f884f1292': 0, 'b5ae858c09384b79989ea305a4b5cedf': 0}",,,,,,,,0.0,,,,,,,,,,,,,,,,,,,,,,,,,,,,0.0,,,,,,,,,,,,,,,
7rowl,BeefSalad,2,"{'total': 20, '3b01d4b4fef14f178b75f05c04dd34ef': 12, '70eb9286e3e24153a8b37c8f884f1292': 8}","{'total': 0, '3b01d4b4fef14f178b75f05c04dd34ef': 0, '70eb9286e3e24153a8b37c8f884f1292': 0}",,,,,,,,-22.0,,,,,,,,,,,,,,,,22.0,,,,,,,,,,,,,,,,,,,,,,,,,,,
7rowl,bing_pigs,2,"{'total': 15, '70eb9286e3e24153a8b37c8f884f1292': 4, '92b63a39b36a445fa94c77ae212dcea3': 11}","{'total': 0, '70eb9286e3e24153a8b37c8f884f1292': 0, '92b63a39b36a445fa94c77ae212dcea3': 0}",,,,,,,,-112.0,,,,,,,,,,,,112.0,,,,,,,,,,,,,,,,,,,,,,,,,,,,,,,
7rowl,doogile,2,"{'total': 3, '3c8757790ab0400b8b9e3936e0dd535b': 1, '70eb9286e3e24153a8b37c8f884f1292': 2}","{'total': 0, '3c8757790ab0400b8b9e3936e0dd535b': 0, '70eb9286e3e24153a8b37c8f884f1292': 0}",,,,,,,,32.0,-32.0,,,,,,,,,,,,,,,,,,,,,,,,,,,,,,,,,,,,,,,,,,
7rowl,AutomattPLUS,2,"{'total': 1, '2988fcfbc6b141a497faa915e13b6592': 1, '70eb9286e3e24153a8b37c8f884f1292': 0}","{'total': 0, '2988fcfbc6b141a497faa915e13b6592': 0, '70eb9286e3e24153a8b37c8f884f1292': 0}",,,,,,,,-26.0,,,,,,,,,,,,,,,,,,,,,,26.0,,,,,,,,,,,,,,,,,,,,,
7rowl,Feinberg,2,"{'total': 13, '70eb9286e3e24153a8b37c8f884f1292': 4, '9a8e24df4c8549d696a6951da84fa5c4': 9}","{'total': 0, '70eb9286e3e24153a8b37c8f884f1292': 0, '9a8e24df4c8549d696a6951da84fa5c4': 0}",,,,,,,,-19.0,,,,,,,,,,,,,,,,,,,,,,,,,,,,,19.0,,,,,,,,,,,,,,
7rowl,hackingnoises,2,"{'total': 10, '70eb9286e3e24153a8b37c8f884f1292': 4, '7c92678742eb4e819f3122017697ae3d': 5}","{'total': 0, '70eb9286e3e24153a8b37c8f884f1292': 0, '7c92678742eb4e819f3122017697ae3d': 0}",,,,,,,,-9.0,,,,,,,,,,,,,,9.0,,,,,,,,,,,,,,,,,,,,,,,,,,,,,
7rowl,lowk3y_,2,"{'total': 3, '70eb9286e3e24153a8b37c8f884f1292': 1, '7665f76f431b41c6b321bea16aff913b': 2}","{'total': 0, '70eb9286e3e24153a8b37c8f884f1292': 0, '7665f76f431b41c6b321bea16aff913b': 0}",,,,,,,15.0,-15.0,,,,,,,,,,,,,,,,,,,,,,,,,,,,,,,,,,,,,,,,,,,
7rowl,MrBudgiee,2,"{'total': 1, '0d0f007a376a462299bf23f2f713b0e5': 0, '70eb9286e3e24153a8b37c8f884f1292': 1}","{'total': 0, '0d0f007a376a462299bf23f2f713b0e5': 0, '70eb9286e3e24153a8b37c8f884f1292': 0}",,,,,,,,22.0,,,,,,,,,,,,,,,,,,,,,,,,,,,,,,-22.0,,,,,,,,,,,,,
7rowl,Oxidiot,2,"{'total': 7, '562a308be86c4ec09438387860e792cc': 2, '70eb9286e3e24153a8b37c8f884f1292': 5}","{'total': 0, '562a308be86c4ec09438387860e792cc': 0, '70eb9286e3e24153a8b37c8f884f1292': 0}",,,-43.0,,,,,43.0,,,,,,,,,,,,,,,,,,,,,,,,,,,,,,,,,,,,,,,,,,,
7rowl,silverrruns,2,"{'total': 4, '17e787d1d6374f818b294f2319db370d': 1, '70eb9286e3e24153a8b37c8f884f1292': 3}","{'total': 0, '17e787d1d6374f818b294f2319db370d': 0, '70eb9286e3e24153a8b37c8f884f1292': 0}",-32.0,,,,,,,32.0,,,,,,,,,,,,,,,,,,,,,,,,,,,,,,,,,,,,,,,,,,,
7rowl,dandannyboy,2,"{'total': 1, '70eb9286e3e24153a8b37c8f884f1292': 1, 'e4808bc3e1e347988cbb59b55d723e0f': 0}","{'total': 0, '70eb9286e3e24153a8b37c8f884f1292': 0, 'e4808bc3e1e347988cbb59b55d723e0f': 0}",,-14.0,,,,,,14.0,,,,,,,,,,,,,,,,,,,,,,,,,,,,,,,,,,,,,,,,,,,
7rowl,Erikfzf,2,"{'total': 1, '70eb9286e3e24153a8b37c8f884f1292': 1, 'c32cdd142a0147dcb91771319d745194': 0}","{'total': 0, '70eb9286e3e24153a8b37c8f884f1292': 0, 'c32cdd142a0147dcb91771319d745194': 0}",,,,,,,,20.0,,,,,,,,,,,,,,,,,,,,,,,,,,,,,,,-20.0,,,,,,,,,,,,
7rowl,TUDORULE,2,"{'total': 5, '70eb9286e3e24153a8b37c8f884f1292': 2, '78a8ec9f99d34371b73decd2a78ff9b0': 3}","{'total': 0, '70eb9286e3e24153a8b37c8f884f1292': 0, '78a8ec9f99d34371b73decd2a78ff9b0': 0}",,,,,,,,-38.0,,,,,,,,,,,,,,,,,,,,,,,,,38.0,,,,,,,,,,,,,,,,,,
Ayreliaa,BeefSalad,2,"{'total': 0, 'b5ae858c09384b79989ea305a4b5cedf': 0, '3b01d4b4fef14f178b75f05c04dd34ef': 0}","{'total': 0, 'b5ae858c09384b79989ea305a4b5cedf': 0, '3b01d4b4fef14f178b75f05c04dd34ef': 0}",,,,,,,,,,,,,,,,,,,,,,,,0.0,,,,,,,,,,,,0.0,,,,,,,,,,,,,,,
Ayreliaa,bing_pigs,2,"{'total': 0, 'b5ae858c09384b79989ea305a4b5cedf': 0, '92b63a39b36a445fa94c77ae212dcea3': 0}","{'total': 0, 'b5ae858c09384b79989ea305a4b5cedf': 0, '92b63a39b36a445fa94c77ae212dcea3': 0}",,,,,,,,,,,,,,,,,,,,0.0,,,,,,,,,,,,,,,,0.0,,,,,,,,,,,,,,,
Ayreliaa,doogile,2,"{'total': 0, 'b5ae858c09384b79989ea305a4b5cedf': 0, '3c8757790ab0400b8b9e3936e0dd535b': 0}","{'total': 0, 'b5ae858c09384b79989ea305a4b5cedf': 0, '3c8757790ab0400b8b9e3936e0dd535b': 0}",,,,,,,,,0.0,,,,,,,,,,,,,,,,,,,,,,,,,,,0.0,,,,,,,,,,,,,,,
Ayreliaa,AutomattPLUS,2,"{'total': 0, '2988fcfbc6b141a497faa915e13b6592': 0, 'b5ae858c09384b79989ea305a4b5cedf': 0}","{'total': 0, '2988fcfbc6b141a497faa915e13b6592': 0, 'b5ae858c09384b79989ea305a4b5cedf': 0}",,,,,,,,,,,,,,,,,,,,,,,,,,,,,,0.0,,,,,,0.0,,,,,,,,,,,,,,,
Ayreliaa,Feinberg,2,"{'total': 0, 'b5ae858c09384b79989ea305a4b5cedf': 0, '9a8e24df4c8549d696a6951da84fa5c4': 0}","{'total': 0, 'b5ae858c09384b79989ea305a4b5cedf': 0, '9a8e24df4c8549d696a6951da84fa5c4': 0}",,,,,,,,,,,,,,,,,,,,,,,,,,,,,,,,,,,,0.0,0.0,,,,,,,,,,,,,,
Ayreliaa,hackingnoises,2,"{'total': 0, 'b5ae858c09384b79989ea305a4b5cedf': 0, '7c92678742eb4e819f3122017697ae3d': 0}","{'total': 0, 'b5ae858c09384b79989ea305a4b5cedf': 0, '7c92678742eb4e819f3122017697ae3d': 0}",,,,,,,,,,,,,,,,,,,,,,0.0,,,,,,,,,,,,,,0.0,,,,,,,,,,,,,,,
Ayreliaa,lowk3y_,2,"{'total': 0, 'b5ae858c09384b79989ea305a4b5cedf': 0, '7665f76f431b41c6b321bea16aff913b': 0}","{'total': 0, 'b5ae858c09384b79989ea305a4b5cedf': 0, '7665f76f431b41c6b321bea16aff913b': 0}",,,,,,,0.0,,,,,,,,,,,,,,,,,,,,,,,,,,,,,0.0,,,,,,,,,,,,,,,
Ayreliaa,MrBudgiee,2,"{'total': 0, 'b5ae858c09384b79989ea305a4b5cedf': 0, '0d0f007a376a462299bf23f2f713b0e5': 0}","{'total': 0, 'b5ae858c09384b79989ea305a4b5cedf': 0, '0d0f007a376a462299bf23f2f713b0e5': 0}",,,,,,,,,,,,,,,,,,,,,,,,,,,,,,,,,,,,0.0,,0.0,,,,,,,,,,,,,
Ayreliaa,Oxidiot,2,"{'total': 0, 'b5ae858c09384b79989ea305a4b5cedf': 0, '562a308be86c4ec09438387860e792cc': 0}","{'total': 0, 'b5ae858c09384b79989ea305a4b5cedf': 0, '562a308be86c4ec09438387860e792cc': 0}",,,0.0,,,,,,,,,,,,,,,,,,,,,,,,,,,,,,,,,0.0,,,,,,,,,,,,,,,
Ayreliaa,silverrruns,2,"{'total': 0, 'b5ae858c09384b79989ea305a4b5cedf': 0, '17e787d1d6374f818b294f2319db370d': 0}","{'total': 0, 'b5ae858c09384b79989ea305a4b5cedf': 0, '17e787d1d6374f818b294f2319db370d': 0}",0.0,,,,,,,,,,,,,,,,,,,,,,,,,,,,,,,,,,,0.0,,,,,,,,,,,,,,,
Ayreliaa,dandannyboy,2,"{'total': 0, 'b5ae858c09384b79989ea305a4b5cedf': 0, 'e4808bc3e1e347988cbb59b55d723e0f': 0}","{'total': 0, 'b5ae858c09384b79989ea305a4b5cedf': 0, 'e4808bc3e1e347988cbb59b55d723e0f': 0}",,0.0,,,,,,,,,,,,,,,,,,,,,,,,,,,,,,,,,,0.0,,,,,,,,,,,,,,,
Ayreliaa,Erikfzf,2,"{'total': 0, 'b5ae858c09384b79989ea305a4b5cedf': 0, 'c32cdd142a0147dcb91771319d745194': 0}","{'total': 0, 'b5ae858c09384b79989ea305a4b5cedf': 0, 'c32cdd142a0147dcb91771319d745194': 0}",,,,,,,,,,,,,,,,,,,,,,,,,,,,,,,,,,,,0.0,,,0.0,,,,,,,,,,,,
Ayreliaa,TUDORULE,2,"{'total': 0, 'b5ae858c09384b79989ea305a4b5cedf': 0, '78a8ec9f99d34371b73decd2a78ff9b0': 0}","{'total': 0, 'b5ae858c09384b79989ea305a4b5cedf': 0, '78a8ec9f99d34371b73decd2a78ff9b0': 0}",,,,,,,,,,,,,,,,,,,,,,,,,,,,,,,,,0.0,,,0.0,,,,,,,,,,,,,,,
BeefSalad,bing_pigs,2,"{'total': 48, '3b01d4b4fef14f178b75f05c04dd34ef': 18, '92b63a39b36a445fa94c77ae212dcea3': 29}","{'total': 0, '3b01d4b4fef14f178b75f05c04dd34ef': 0, '92b63a39b36a445fa94c77ae212dcea3': 0}",,,,,,,,,,,,,,,,,,,,143.0,,,,-143.0,,,,,,,,,,,,,,,,,,,,,,,,,,,
BeefSalad,doogile,2,"{'total': 12, '3b01d4b4fef14f178b75f05c04dd34ef': 3, '3c8757790ab0400b8b9e3936e0dd535b': 9}","{'total': 0, '3b01d4b4fef14f178b75f05c04dd34ef': 0, '3c8757790ab0400b8b9e3936e0dd535b': 0}",,,,,,,,,110.0,,,,,,,,,,,,,,,-110.0,,,,,,,,,,,,,,,,,,,,,,,,,,,
BeefSalad,AutomattPLUS,2,"{'total': 10, '2988fcfbc6b141a497faa915e13b6592': 6, '3b01d4b4fef14f178b75f05c04dd34ef': 4}","{'total': 0, '2988fcfbc6b141a497faa915e13b6592': 0, '3b01d4b4fef14f178b75f05c04dd34ef': 0}",,,,,,,,,,,,,,,,,,,,,,,,-71.0,,,,,,71.0,,,,,,,,,,,,,,,,,,,,,
BeefSalad,Feinberg,2,"{'total': 37, '3b01d4b4fef14f178b75f05c04dd34ef': 22, '9a8e24df4c8549d696a6951da84fa5c4': 13}","{'total': 0, '3b01d4b4fef14f178b75f05c04dd34ef': 0, '9a8e24df4c8549d696a6951da84fa5c4': 0}",,,,,,,,,,,,,,,,,,,,,,,,235.0,,,,,,,,,,,,,-235.0,,,,,,,,,,,,,,
BeefSalad,hackingnoises,2,"{'total': 13, '3b01d4b4fef14f178b75f05c04dd34ef': 9, '7c92678742eb4e819f3122017697ae3d': 4}","{'total': 0, '3b01d4b4fef14f178b75f05c04dd34ef': 0, '7c92678742eb4e819f3122017697ae3d': 0}",,,,,,,,,,,,,,,,,,,,,,-118.0,,118.0,,,,,,,,,,,,,,,,,,,,,,,,,,,
BeefSalad,lowk3y_,2,"{'total': 13, '3b01d4b4fef14f178b75f05c04dd34ef': 6, '7665f76f431b41c6b321bea16aff913b': 6}","{'total': 0, '3b01d4b4fef14f178b75f05c04dd34ef': 0, '7665f76f431b41c6b321bea16aff913b': 0}",,,,,,,12.0,,,,,,,,,,,,,,,,,-12.0,,,,,,,,,,,,,,,,,,,,,,,,,,,
BeefSalad,MrBudgiee,2,"{'total': 7, '0d0f007a376a462299bf23f2f713b0e5': 2, '3b01d4b4fef14f178b75f05c04dd34ef': 4}","{'total': 0, '0d0f007a376a462299bf23f2f713b0e5': 0, '3b01d4b4fef14f178b75f05c04dd34ef': 0}",,,,,,,,,,,,,,,,,,,,,,,,31.0,,,,,,,,,,,,,,-31.0,,,,,,,,,,,,,
BeefSalad,Oxidiot,2,"{'total': 8, '3b01d4b4fef14f178b75f05c04dd34ef': 4, '562a308be86c4ec09438387860e792cc': 4}","{'total': 0, '3b01d4b4fef14f178b75f05c04dd34ef': 0, '562a308be86c4ec09438387860e792cc': 0}",,,47.0,,,,,,,,,,,,,,,,,,,,,-47.0,,,,,,,,,,,,,,,,,,,,,,,,,,,
BeefSalad,silverrruns,2,"{'total': 5, '17e787d1d6374f818b294f2319db370d': 4, '3b01d4b4fef14f178b75f05c04dd34ef': 1}","{'total': 0, '17e787d1d6374f818b294f2319db370d': 0, '3b01d4b4fef14f178b75f05c04dd34ef': 0}",77.0,,,,,,,,,,,,,,,,,,,,,,,-77.0,,,,,,,,,,,,,,,,,,,,,,,,,,,
BeefSalad,dandannyboy,2,"{'total': 2, '3b01d4b4fef14f178b75f05c04dd34ef': 1, 'e4808bc3e1e347988cbb59b55d723e0f': 1}","{'total': 0, '3b01d4b4fef14f178b75f05c04dd34ef': 0, 'e4808bc3e1e347988cbb59b55d723e0f': 0}",,11.0,,,,,,,,,,,,,,,,,,,,,,-11.0,,,,,,,,,,,,,,,,,,,,,,,,,,,
BeefSalad,Erikfzf,2,"{'total': 3, '3b01d4b4fef14f178b75f05c04dd34ef': 2, 'c32cdd142a0147dcb91771319d745194': 1}","{'total': 0, '3b01d4b4fef14f178b75f05c04dd34ef': 0, 'c32cdd142a0147dcb91771319d745194': 0}",,,,,,,,,,,,,,,,,,,,,,,,0.0,,,,,,,,,,,,,,,0.0,,,,,,,,,,,,
BeefSalad,TUDORULE,2,"{'total': 6, '3b01d4b4fef14f178b75f05c04dd34ef': 3, '78a8ec9f99d34371b73decd2a78ff9b0': 3}","{'total': 0, '3b01d4b4fef14f178b75f05c04dd34ef': 0, '78a8ec9f99d34371b73decd2a78ff9b0': 0}",,,,,,,,,,,,,,,,,,,,,,,,5.0,,,,,,,,,-5.0,,,,,,,,,,,,,,,,,,
bing_pigs,doogile,2,"{'total': 5, '3c8757790ab0400b8b9e3936e0dd535b': 3, '92b63a39b36a445fa94c77ae212dcea3': 2}","{'total': 0, '3c8757790ab0400b8b9e3936e0dd535b': 0, '92b63a39b36a445fa94c77ae212dcea3': 0}",,,,,,,,,4.0,,,,,,,,,,,-4.0,,,,,,,,,,,,,,,,,,,,,,,,,,,,,,,
bing_pigs,AutomattPLUS,2,"{'total': 3, '2988fcfbc6b141a497faa915e13b6592': 0, '92b63a39b36a445fa94c77ae212dcea3': 3}","{'total': 0, '2988fcfbc6b141a497faa915e13b6592': 0, '92b63a39b36a445fa94c77ae212dcea3': 0}",,,,,,,,,,,,,,,,,,,,35.0,,,,,,,,,,-35.0,,,,,,,,,,,,,,,,,,,,,
bing_pigs,Feinberg,2,"{'total': 8, '92b63a39b36a445fa94c77ae212dcea3': 5, '9a8e24df4c8549d696a6951da84fa5c4': 3}","{'total': 0, '92b63a39b36a445fa94c77ae212dcea3': 0, '9a8e24df4c8549d696a6951da84fa5c4': 0}",,,,,,,,,,,,,,,,,,,,24.0,,,,,,,,,,,,,,,,,-24.0,,,,,,,,,,,,,,
bing_pigs,hackingnoises,2,"{'total': 26, '7c92678742eb4e819f3122017697ae3d': 18, '92b63a39b36a445fa94c77ae212dcea3': 8}","{'total': 0, '7c92678742eb4e819f3122017697ae3d': 0, '92b63a39b36a445fa94c77ae212dcea3': 0}",,,,,,,,,,,,,,,,,,,,-216.0,,216.0,,,,,,,,,,,,,,,,,,,,,,,,,,,,,
bing_pigs,lowk3y_,2,"{'total': 11, '7665f76f431b41c6b321bea16aff913b': 7, '92b63a39b36a445fa94c77ae212dcea3': 4}","{'total': 0, '7665f76f431b41c6b321bea16aff913b': 0, '92b63a39b36a445fa94c77ae212dcea3': 0}",,,,,,,121.0,,,,,,,,,,,,,-121.0,,,,,,,,,,,,,,,,,,,,,,,,,,,,,,,
bing_pigs,MrBudgiee,2,"{'total': 0, '0d0f007a376a462299bf23f2f713b0e5': 0, '92b63a39b36a445fa94c77ae212dcea3': 0}","{'total': 0, '0d0f007a376a462299bf23f2f713b0e5': 0, '92b63a39b36a445fa94c77ae212dcea3': 0}",,,,,,,,,,,,,,,,,,,,0.0,,,,,,,,,,,,,,,,,,0.0,,,,,,,,,,,,,
bing_pigs,Oxidiot,2,"{'total': 5, '562a308be86c4ec09438387860e792cc': 2, '92b63a39b36a445fa94c77ae212dcea3': 3}","{'total': 0, '562a308be86c4ec09438387860e792cc': 0, '92b63a39b36a445fa94c77ae212dcea3': 0}",,,12.0,,,,,,,,,,,,,,,,,-12.0,,,,,,,,,,,,,,,,,,,,,,,,,,,,,,,
bing_pigs,silverrruns,2,"{'total': 10, '17e787d1d6374f818b294f2319db370d': 4, '92b63a39b36a445fa94c77ae212dcea3': 6}","{'total': 0, '17e787d1d6374f818b294f2319db370d': 0, '92b63a39b36a445fa94c77ae212dcea3': 0}",-21.0,,,,,,,,,,,,,,,,,,,21.0,,,,,,,,,,,,,,,,,,,,,,,,,,,,,,,
bing_pigs,dandannyboy,2,"{'total': 3, '92b63a39b36a445fa94c77ae212dcea3': 2, 'e4808bc3e1e347988cbb59b55d723e0f': 1}","{'total': 0, '92b63a39b36a445fa94c77ae212dcea3': 0, 'e4808bc3e1e347988cbb59b55d723e0f': 0}",,-9.0,,,,,,,,,,,,,,,,,,9.0,,,,,,,,,,,,,,,,,,,,,,,,,,,,,,,
bing_pigs,Erikfzf,2,"{'total': 10, '92b63a39b36a445fa94c77ae212dcea3': 3, 'c32cdd142a0147dcb91771319d745194': 7}","{'total': 0, '92b63a39b36a445fa94c77ae212dcea3': 0, 'c32cdd142a0147dcb91771319d745194': 0}",,,,,,,,,,,,,,,,,,,,-128.0,,,,,,,,,,,,,,,,,,,128.0,,,,,,,,,,,,
bing_pigs,TUDORULE,2,"{'total': 22, '78a8ec9f99d34371b73decd2a78ff9b0': 9, '92b63a39b36a445fa94c77ae212dcea3': 13}","{'total': 0, '78a8ec9f99d34371b73decd2a78ff9b0': 0, '92b63a39b36a445fa94c77ae212dcea3': 0}",,,,,,,,,,,,,,,,,,,,3.0,,,,,,,,,,,,,-3.0,,,,,,,,,,,,,,,,,,
doogile,AutomattPLUS,2,"{'total': 5, '2988fcfbc6b141a497faa915e13b6592': 0, '3c8757790ab0400b8b9e3936e0dd535b': 5}","{'total': 0, '2988fcfbc6b141a497faa915e13b6592': 0, '3c8757790ab0400b8b9e3936e0dd535b': 0}",,,,,,,,,65.0,,,,,,,,,,,,,,,,,,,,,-65.0,,,,,,,,,,,,,,,,,,,,,
doogile,Feinberg,2,"{'total': 30, '3c8757790ab0400b8b9e3936e0dd535b': 17, '9a8e24df4c8549d696a6951da84fa5c4': 13}","{'total': 0, '3c8757790ab0400b8b9e3936e0dd535b': 0, '9a8e24df4c8549d696a6951da84fa5c4': 0}",,,,,,,,,24.0,,,,,,,,,,,,,,,,,,,,,,,,,,,,-24.0,,,,,,,,,,,,,,
doogile,hackingnoises,2,"{'total': 0, '3c8757790ab0400b8b9e3936e0dd535b': 0, '7c92678742eb4e819f3122017697ae3d': 0}","{'total': 0, '3c8757790ab0400b8b9e3936e0dd535b': 0, '7c92678742eb4e819f3122017697ae3d': 0}",,,,,,,,,0.0,,,,,,,,,,,,,0.0,,,,,,,,,,,,,,,,,,,,,,,,,,,,,
doogile,lowk3y_,2,"{'total': 0, '3c8757790ab0400b8b9e3936e0dd535b': 0, '7665f76f431b41c6b321bea16aff913b': 0}","{'total': 0, '3c8757790ab0400b8b9e3936e0dd535b': 0, '7665f76f431b41c6b321bea16aff913b': 0}",,,,,,,0.0,,0.0,,,,,,,,,,,,,,,,,,,,,,,,,,,,,,,,,,,,,,,,,,
doogile,MrBudgiee,2,"{'total': 5, '0d0f007a376a462299bf23f2f713b0e5': 0, '3c8757790ab0400b8b9e3936e0dd535b': 5}","{'total': 0, '0d0f007a376a462299bf23f2f713b0e5': 0, '3c8757790ab0400b8b9e3936e0dd535b': 0}",,,,,,,,,66.0,,,,,,,,,,,,,,,,,,,,,,,,,,,,,-66.0,,,,,,,,,,,,,
doogile,Oxidiot,2,"{'total': 2, '3c8757790ab0400b8b9e3936e0dd535b': 2, '562a308be86c4ec09438387860e792cc': 0}","{'total': 0, '3c8757790ab0400b8b9e3936e0dd535b': 0, '562a308be86c4ec09438387860e792cc': 0}",,,-25.0,,,,,,25.0,,,,,,,,,,,,,,,,,,,,,,,,,,,,,,,,,,,,,,,,,,
doogile,silverrruns,2,"{'total': 15, '17e787d1d6374f818b294f2319db370d': 5, '3c8757790ab0400b8b9e3936e0dd535b': 9}","{'total': 0, '17e787d1d6374f818b294f2319db370d': 0, '3c8757790ab0400b8b9e3936e0dd535b': 0}",-35.0,,,,,,,,35.0,,,,,,,,,,,,,,,,,,,,,,,,,,,,,,,,,,,,,,,,,,
doogile,dandannyboy,2,"{'total': 2, '3c8757790ab0400b8b9e3936e0dd535b': 2, 'e4808bc3e1e347988cbb59b55d723e0f': 0}","{'total': 0, '3c8757790ab0400b8b9e3936e0dd535b': 0, 'e4808bc3e1e347988cbb59b55d723e0f': 0}",,-18.0,,,,,,,18.0,,,,,,,,,,,,,,,,,,,,,,,,,,,,,,,,,,,,,,,,,,
doogile,Erikfzf,2,"{'total': 1, '3c8757790ab0400b8b9e3936e0dd535b': 1, 'c32cdd142a0147dcb91771319d745194': 0}","{'total': 0, '3c8757790ab0400b8b9e3936e0dd535b': 0, 'c32cdd142a0147dcb91771319d745194': 0}",,,,,,,,,12.0,,,,,,,,,,,,,,,,,,,,,,,,,,,,,,-12.0,,,,,,,,,,,,
doogile,TUDORULE,2,"{'total': 3, '3c8757790ab0400b8b9e3936e0dd535b': 1, '78a8ec9f99d34371b73decd2a78ff9b0': 2}","{'total': 0, '3c8757790ab0400b8b9e3936e0dd535b': 0, '78a8ec9f99d34371b73decd2a78ff9b0': 0}",,,,,,,,,-39.0,,,,,,,,,,,,,,,,,,,,,,,,39.0,,,,,,,,,,,,,,,,,,
AutomattPLUS,Feinberg,2,"{'total': 5, '2988fcfbc6b141a497faa915e13b6592': 2, '9a8e24df4c8549d696a6951da84fa5c4': 3}","{'total': 0, '2988fcfbc6b141a497faa915e13b6592': 0, '9a8e24df4c8549d696a6951da84fa5c4': 0}",,,,,,,,,,,,,,,,,,,,,,,,,,,,,,-3.0,,,,,,,3.0,,,,,,,,,,,,,,
AutomattPLUS,hackingnoises,2,"{'total': 0, '2988fcfbc6b141a497faa915e13b6592': 0, '7c92678742eb4e819f3122017697ae3d': 0}","{'total': 0, '2988fcfbc6b141a497faa915e13b6592': 0, '7c92678742eb4e819f3122017697ae3d': 0}",,,,,,,,,,,,,,,,,,,,,,0.0,,,,,,,,0.0,,,,,,,,,,,,,,,,,,,,,
AutomattPLUS,lowk3y_,2,"{'total': 1, '2988fcfbc6b141a497faa915e13b6592': 0, '7665f76f431b41c6b321bea16aff913b': 1}","{'total': 0, '2988fcfbc6b141a497faa915e13b6592': 0, '7665f76f431b41c6b321bea16aff913b': 0}",,,,,,,18.0,,,,,,,,,,,,,,,,,,,,,,,-18.0,,,,,,,,,,,,,,,,,,,,,
AutomattPLUS,MrBudgiee,2,"{'total': 2, '0d0f007a376a462299bf23f2f713b0e5': 2, '2988fcfbc6b141a497faa915e13b6592': 0}","{'total': 0, '0d0f007a376a462299bf23f2f713b0e5': 0, '2988fcfbc6b141a497faa915e13b6592': 0}",,,,,,,,,,,,,,,,,,,,,,,,,,,,,,-38.0,,,,,,,,38.0,,,,,,,,,,,,,
AutomattPLUS,Oxidiot,2,"{'total': 4, '2988fcfbc6b141a497faa915e13b6592': 3, '562a308be86c4ec09438387860e792cc': 1}","{'total': 0, '2988fcfbc6b141a497faa915e13b6592': 0, '562a308be86c4ec09438387860e792cc': 0}",,,-37.0,,,,,,,,,,,,,,,,,,,,,,,,,,,37.0,,,,,,,,,,,,,,,,,,,,,
AutomattPLUS,silverrruns,2,"{'total': 2, '17e787d1d6374f818b294f2319db370d': 2, '2988fcfbc6b141a497faa915e13b6592': 0}","{'total': 0, '17e787d1d6374f818b294f2319db370d': 0, '2988fcfbc6b141a497faa915e13b6592': 0}",38.0,,,,,,,,,,,,,,,,,,,,,,,,,,,,,-38.0,,,,,,,,,,,,,,,,,,,,,
AutomattPLUS,dandannyboy,2,"{'total': 5, '2988fcfbc6b141a497faa915e13b6592': 2, 'e4808bc3e1e347988cbb59b55d723e0f': 3}","{'total': 0, '2988fcfbc6b141a497faa915e13b6592': 0, 'e4808bc3e1e347988cbb59b55d723e0f': 0}",,34.0,,,,,,,,,,,,,,,,,,,,,,,,,,,,-34.0,,,,,,,,,,,,,,,,,,,,,
AutomattPLUS,Erikfzf,2,"{'total': 4, '2988fcfbc6b141a497faa915e13b6592': 2, 'c32cdd142a0147dcb91771319d745194': 1}","{'total': 0, '2988fcfbc6b141a497faa915e13b6592': 0, 'c32cdd142a0147dcb91771319d745194': 0}",,,,,,,,,,,,,,,,,,,,,,,,,,,,,,17.0,,,,,,,,,-17.0,,,,,,,,,,,,
AutomattPLUS,TUDORULE,2,"{'total': 2, '2988fcfbc6b141a497faa915e13b6592': 2, '78a8ec9f99d34371b73decd2a78ff9b0': 0}","{'total': 0, '2988fcfbc6b141a497faa915e13b6592': 0, '78a8ec9f99d34371b73decd2a78ff9b0': 0}",,,,,,,,,,,,,,,,,,,,,,,,,,,,,,48.0,,,-48.0,,,,,,,,,,,,,,,,,,
Feinberg,hackingnoises,2,"{'total': 2, '7c92678742eb4e819f3122017697ae3d': 1, '9a8e24df4c8549d696a6951da84fa5c4': 1}","{'total': 0, '7c92678742eb4e819f3122017697ae3d': 0, '9a8e24df4c8549d696a6951da84fa5c4': 0}",,,,,,,,,,,,,,,,,,,,,,6.0,,,,,,,,,,,,,,,-6.0,,,,,,,,,,,,,,
Feinberg,lowk3y_,2,"{'total': 2, '7665f76f431b41c6b321bea16aff913b': 0, '9a8e24df4c8549d696a6951da84fa5c4': 2}","{'total': 0, '7665f76f431b41c6b321bea16aff913b': 0, '9a8e24df4c8549d696a6951da84fa5c4': 0}",,,,,,,-24.0,,,,,,,,,,,,,,,,,,,,,,,,,,,,,,24.0,,,,,,,,,,,,,,
Feinberg,MrBudgiee,2,"{'total': 5, '0d0f007a376a462299bf23f2f713b0e5': 2, '9a8e24df4c8549d696a6951da84fa5c4': 3}","{'total': 0, '0d0f007a376a462299bf23f2f713b0e5': 0, '9a8e24df4c8549d696a6951da84fa5c4': 0}",,,,,,,,,,,,,,,,,,,,,,,,,,,,,,,,,,,,,-8.0,8.0,,,,,,,,,,,,,
Feinberg,Oxidiot,2,"{'total': 2, '562a308be86c4ec09438387860e792cc': 1, '9a8e24df4c8549d696a6951da84fa5c4': 1}","{'total': 0, '562a308be86c4ec09438387860e792cc': 0, '9a8e24df4c8549d696a6951da84fa5c4': 0}",,,17.0,,,,,,,,,,,,,,,,,,,,,,,,,,,,,,,,,,-17.0,,,,,,,,,,,,,,
Feinberg,silverrruns,2,"{'total': 9, '17e787d1d6374f818b294f2319db370d': 4, '9a8e24df4c8549d696a6951da84fa5c4': 5}","{'total': 0, '17e787d1d6374f818b294f2319db370d': 0, '9a8e24df4c8549d696a6951da84fa5c4': 0}",11.0,,,,,,,,,,,,,,,,,,,,,,,,,,,,,,,,,,,,-11.0,,,,,,,,,,,,,,
Feinberg,dandannyboy,2,"{'total': 11, '9a8e24df4c8549d696a6951da84fa5c4': 8, 'e4808bc3e1e347988cbb59b55d723e0f': 3}","{'total': 0, '9a8e24df4c8549d696a6951da84fa5c4': 0, 'e4808bc3e1e347988cbb59b55d723e0f': 0}",,-34.0,,,,,,,,,,,,,,,,,,,,,,,,,,,,,,,,,,,34.0,,,,,,,,,,,,,,
Feinberg,Erikfzf,2,"{'total': 1, '9a8e24df4c8549d696a6951da84fa5c4': 0, 'c32cdd142a0147dcb91771319d745194': 1}","{'total': 0, '9a8e24df4c8549d696a6951da84fa5c4': 0, 'c32cdd142a0147dcb91771319d745194': 0}",,,,,,,,,,,,,,,,,,,,,,,,,,,,,,,,,,,,,-28.0,,28.0,,,,,,,,,,,,
Feinberg,TUDORULE,2,"{'total': 0, '9a8e24df4c8549d696a6951da84fa5c4': 0, '78a8ec9f99d34371b73decd2a78ff9b0': 0}","{'total': 0, '9a8e24df4c8549d696a6951da84fa5c4': 0, '78a8ec9f99d34371b73decd2a78ff9b0': 0}",,,,,,,,,,,,,,,,,,,,,,,,,,,,,,,,,0.0,,,,0.0,,,,,,,,,,,,,,
hackingnoises,lowk3y_,2,"{'total': 2, '7665f76f431b41c6b321bea16aff913b': 2, '7c92678742eb4e819f3122017697ae3d': 0}","{'total': 0, '7665f76f431b41c6b321bea16aff913b': 0, '7c92678742eb4e819f3122017697ae3d': 0}",,,,,,,48.0,,,,,,,,,,,,,,,-48.0,,,,,,,,,,,,,,,,,,,,,,,,,,,,,
hackingnoises,MrBudgiee,2,"{'total': 0, '0d0f007a376a462299bf23f2f713b0e5': 0, '7c92678742eb4e819f3122017697ae3d': 0}","{'total': 0, '0d0f007a376a462299bf23f2f713b0e5': 0, '7c92678742eb4e819f3122017697ae3d': 0}",,,,,,,,,,,,,,,,,,,,,,0.0,,,,,,,,,,,,,,,,0.0,,,,,,,,,,,,,
hackingnoises,Oxidiot,2,"{'total': 9, '562a308be86c4ec09438387860e792cc': 5, '7c92678742eb4e819f3122017697ae3d': 4}","{'total': 0, '562a308be86c4ec09438387860e792cc': 0, '7c92678742eb4e819f3122017697ae3d': 0}",,,70.0,,,,,,,,,,,,,,,,,,,-70.0,,,,,,,,,,,,,,,,,,,,,,,,,,,,,
hackingnoises,silverrruns,2,"{'total': 0, '7c92678742eb4e819f3122017697ae3d': 0, '17e787d1d6374f818b294f2319db370d': 0}","{'total': 0, '7c92678742eb4e819f3122017697ae3d': 0, '17e787d1d6374f818b294f2319db370d': 0}",0.0,,,,,,,,,,,,,,,,,,,,,0.0,,,,,,,,,,,,,,,,,,,,,,,,,,,,,
hackingnoises,dandannyboy,2,"{'total': 1, '7c92678742eb4e819f3122017697ae3d': 1, 'e4808bc3e1e347988cbb59b55d723e0f': 0}","{'total': 0, '7c92678742eb4e819f3122017697ae3d': 0, 'e4808bc3e1e347988cbb59b55d723e0f': 0}",,-15.0,,,,,,,,,,,,,,,,,,,,15.0,,,,,,,,,,,,,,,,,,,,,,,,,,,,,
hackingnoises,Erikfzf,2,"{'total': 1, '7c92678742eb4e819f3122017697ae3d': 0, 'c32cdd142a0147dcb91771319d745194': 1}","{'total': 0, '7c92678742eb4e819f3122017697ae3d': 0, 'c32cdd142a0147dcb91771319d745194': 0}",,,,,,,,,,,,,,,,,,,,,,-29.0,,,,,,,,,,,,,,,,,29.0,,,,,,,,,,,,
hackingnoises,TUDORULE,2,"{'total': 5, '78a8ec9f99d34371b73decd2a78ff9b0': 3, '7c92678742eb4e819f3122017697ae3d': 2}","{'total': 0, '78a8ec9f99d34371b73decd2a78ff9b0': 0, '7c92678742eb4e819f3122017697ae3d': 0}",,,,,,,,,,,,,,,,,,,,,,-35.0,,,,,,,,,,,35.0,,,,,,,,,,,,,,,,,,
lowk3y_,MrBudgiee,2,"{'total': 2, '0d0f007a376a462299bf23f2f713b0e5': 0, '7665f76f431b41c6b321bea16aff913b': 2}","{'total': 0, '0d0f007a376a462299bf23f2f713b0e5': 0, '7665f76f431b41c6b321bea16aff913b': 0}",,,,,,,20.0,,,,,,,,,,,,,,,,,,,,,,,,,,,,,,,-20.0,,,,,,,,,,,,,
lowk3y_,Oxidiot,2,"{'total': 0, '562a308be86c4ec09438387860e792cc': 0, '7665f76f431b41c6b321bea16aff913b': 0}","{'total': 0, '562a308be86c4ec09438387860e792cc': 0, '7665f76f431b41c6b321bea16aff913b': 0}",,,0.0,,,,0.0,,,,,,,,,,,,,,,,,,,,,,,,,,,,,,,,,,,,,,,,,,,,
lowk3y_,silverrruns,2,"{'total': 0, '7665f76f431b41c6b321bea16aff913b': 0, '17e787d1d6374f818b294f2319db370d': 0}","{'total': 0, '7665f76f431b41c6b321bea16aff913b': 0, '17e787d1d6374f818b294f2319db370d': 0}",0.0,,,,,,0.0,,,,,,,,,,,,,,,,,,,,,,,,,,,,,,,,,,,,,,,,,,,,
lowk3y_,dandannyboy,2,"{'total': 3, '7665f76f431b41c6b321bea16aff913b': 2, 'e4808bc3e1e347988cbb59b55d723e0f': 1}","{'total': 0, '7665f76f431b41c6b321bea16aff913b': 0, 'e4808bc3e1e347988cbb59b55d723e0f': 0}",,-22.0,,,,,22.0,,,,,,,,,,,,,,,,,,,,,,,,,,,,,,,,,,,,,,,,,,,,
lowk3y_,Erikfzf,2,"{'total': 2, '7665f76f431b41c6b321bea16aff913b': 2, 'c32cdd142a0147dcb91771319d745194': 0}","{'total': 0, '7665f76f431b41c6b321bea16aff913b': 0, 'c32cdd142a0147dcb91771319d745194': 0}",,,,,,,38.0,,,,,,,,,,,,,,,,,,,,,,,,,,,,,,,,-38.0,,,,,,,,,,,,
lowk3y_,TUDORULE,2,"{'total': 2, '7665f76f431b41c6b321bea16aff913b': 1, '78a8ec9f99d34371b73decd2a78ff9b0': 1}","{'total': 0, '7665f76f431b41c6b321bea16aff913b': 0, '78a8ec9f99d34371b73decd2a78ff9b0': 0}",,,,,,,4.0,,,,,,,,,,,,,,,,,,,,,,,,,,-4.0,,,,,,,,,,,,,,,,,,
MrBudgiee,Oxidiot,2,"{'total': 0, '0d0f007a376a462299bf23f2f713b0e5': 0, '562a308be86c4ec09438387860e792cc': 0}","{'total': 0, '0d0f007a376a462299bf23f2f713b0e5': 0, '562a308be86c4ec09438387860e792cc': 0}",,,0.0,,,,,,,,,,,,,,,,,,,,,,,,,,,,,,,,,,,0.0,,,,,,,,,,,,,
MrBudgiee,silverrruns,2,"{'total': 6, '0d0f007a376a462299bf23f2f713b0e5': 3, '17e787d1d6374f818b294f2319db370d': 3}","{'total': 0, '0d0f007a376a462299bf23f2f713b0e5': 0, '17e787d1d6374f818b294f2319db370d': 0}",4.0,,,,,,,,,,,,,,,,,,,,,,,,,,,,,,,,,,,,,-4.0,,,,,,,,,,,,,
MrBudgiee,dandannyboy,2,"{'total': 13, '0d0f007a376a462299bf23f2f713b0e5': 9, 'e4808bc3e1e347988cbb59b55d723e0f': 4}","{'total': 0, '0d0f007a376a462299bf23f2f713b0e5': 0, 'e4808bc3e1e347988cbb59b55d723e0f': 0}",,-100.0,,,,,,,,,,,,,,,,,,,,,,,,,,,,,,,,,,,,100.0,,,,,,,,,,,,,
MrBudgiee,Erikfzf,2,"{'total': 3, '0d0f007a376a462299bf23f2f713b0e5': 1, 'c32cdd142a0147dcb91771319d745194': 2}","{'total': 0, '0d0f007a376a462299bf23f2f713b0e5': 0, 'c32cdd142a0147dcb91771319d745194': 0}",,,,,,,,,,,,,,,,,,,,,,,,,,,,,,,,,,,,,,-35.0,35.0,,,,,,,,,,,,
MrBudgiee,TUDORULE,2,"{'total': 0, '0d0f007a376a462299bf23f2f713b0e5': 0, '78a8ec9f99d34371b73decd2a78ff9b0': 0}","{'total': 0, '0d0f007a376a462299bf23f2f713b0e5': 0, '78a8ec9f99d34371b73decd2a78ff9b0': 0}",,,,,,,,,,,,,,,,,,,,,,,,,,,,,,,,,0.0,,,,,0.0,,,,,,,,,,,,,
Oxidiot,silverrruns,2,"{'total': 0, '562a308be86c4ec09438387860e792cc': 0, '17e787d1d6374f818b294f2319db370d': 0}","{'total': 0, '562a308be86c4ec09438387860e792cc': 0, '17e787d1d6374f818b294f2319db370d': 0}",0.0,,0.0,,,,,,,,,,,,,,,,,,,,,,,,,,,,,,,,,,,,,,,,,,,,,,,,
Oxidiot,dandannyboy,2,"{'total': 0, '562a308be86c4ec09438387860e792cc': 0, 'e4808bc3e1e347988cbb59b55d723e0f': 0}","{'total': 0, '562a308be86c4ec09438387860e792cc': 0, 'e4808bc3e1e347988cbb59b55d723e0f': 0}",,0.0,0.0,,,,,,,,,,,,,,,,,,,,,,,,,,,,,,,,,,,,,,,,,,,,,,,,
Oxidiot,Erikfzf,2,"{'total': 5, '562a308be86c4ec09438387860e792cc': 3, 'c32cdd142a0147dcb91771319d745194': 2}","{'total': 0, '562a308be86c4ec09438387860e792cc': 0, 'c32cdd142a0147dcb91771319d745194': 0}",,,19.0,,,,,,,,,,,,,,,,,,,,,,,,,,,,,,,,,,,,-19.0,,,,,,,,,,,,
Oxidiot,TUDORULE,2,"{'total': 0, '562a308be86c4ec09438387860e792cc': 0, '78a8ec9f99d34371b73decd2a78ff9b0': 0}","{'total': 0, '562a308be86c4ec09438387860e792cc': 0, '78a8ec9f99d34371b73decd2a78ff9b0': 0}",,,0.0,,,,,,,,,,,,,,,,,,,,,,,,,,,,,,0.0,,,,,,,,,,,,,,,,,,
silverrruns,dandannyboy,2,"{'total': 23, '17e787d1d6374f818b294f2319db370d': 14, 'e4808bc3e1e347988cbb59b55d723e0f': 8}","{'total': 0, '17e787d1d6374f818b294f2319db370d': 0, 'e4808bc3e1e347988cbb59b55d723e0f': 0}",37.0,-37.0,,,,,,,,,,,,,,,,,,,,,,,,,,,,,,,,,,,,,,,,,,,,,,,,,
silverrruns,Erikfzf,2,"{'total': 8, '17e787d1d6374f818b294f2319db370d': 5, 'c32cdd142a0147dcb91771319d745194': 3}","{'total': 0, '17e787d1d6374f818b294f2319db370d': 0, 'c32cdd142a0147dcb91771319d745194': 0}",27.0,,,,,,,,,,,,,,,,,,,,,,,,,,,,,,,,,,,,,,-27.0,,,,,,,,,,,,
silverrruns,TUDORULE,2,"{'total': 1, '17e787d1d6374f818b294f2319db370d': 0, '78a8ec9f99d34371b73decd2a78ff9b0': 1}","{'total': 0, '17e787d1d6374f818b294f2319db370d': 0, '78a8ec9f99d34371b73decd2a78ff9b0': 0}",-11.0,,,,,,,,,,,,,,,,,,,,,,,,,,,,,,,,11.0,,,,,,,,,,,,,,,,,,
dandannyboy,Erikfzf,2,"{'total': 7, 'c32cdd142a0147dcb91771319d745194': 3, 'e4808bc3e1e347988cbb59b55d723e0f': 4}","{'total': 0, 'c32cdd142a0147dcb91771319d745194': 0, 'e4808bc3e1e347988cbb59b55d723e0f': 0}",,14.0,,,,,,,,,,,,,,,,,,,,,,,,,,,,,,,,,,,,,-14.0,,,,,,,,,,,,
dandannyboy,TUDORULE,2,"{'total': 0, '78a8ec9f99d34371b73decd2a78ff9b0': 0, 'e4808bc3e1e347988cbb59b55d723e0f': 0}","{'total': 0, '78a8ec9f99d34371b73decd2a78ff9b0': 0, 'e4808bc3e1e347988cbb59b55d723e0f': 0}",,0.0,,,,,,,,,,,,,,,,,,,,,,,,,,,,,,,0.0,,,,,,,,,,,,,,,,,,
Erikfzf,TUDORULE,2,"{'total': 1, '78a8ec9f99d34371b73decd2a78ff9b0': 1, 'c32cdd142a0147dcb91771319d745194': 0}","{'total': 0, '78a8ec9f99d34371b73decd2a78ff9b0': 0, 'c32cdd142a0147dcb91771319d745194': 0}",,,,,,,,,,,,,,,,,,,,,,,,,,,,,,,,,24.0,,,,,,-24.0,,,,,,,,,,,,
7rowl,Ancoboyy,2,"{'total': 16, '70eb9286e3e24153a8b37c8f884f1292': 12, 'bc80af38933f4ae19b0494681a54422b': 4}","{'total': 0, '70eb9286e3e24153a8b37c8f884f1292': 0, 'bc80af38933f4ae19b0494681a54422b': 0}",,,,,,,,135.0,,-135.0,,,,,,,,,,,,,,,,,,,,,,,,,,,,,,,,,,,,,,,,,
7rowl,Aquacorde,2,"{'total': 1, '253b53d832ab4bafb5ee0308d5164ccf': 0, '70eb9286e3e24153a8b37c8f884f1292': 1}","{'total': 0, '253b53d832ab4bafb5ee0308d5164ccf': 0, '70eb9286e3e24153a8b37c8f884f1292': 0}",,,,,,,,19.0,,,,,,,,,,,,,,,,,,,,,,,,,,-19.0,,,,,,,,,,,,,,,,,
7rowl,BadGamer,2,"{'total': 10, '4cf401d7b9474756b06a653867d22fca': 2, '70eb9286e3e24153a8b37c8f884f1292': 8}","{'total': 0, '4cf401d7b9474756b06a653867d22fca': 0, '70eb9286e3e24153a8b37c8f884f1292': 0}",,,,,,,,120.0,,,,,,,,,,,,,,,,,,,,,,,,,,,,,,,,-100.0,,,,,,,,,,,
7rowl,BeefSalad,2,"{'total': 20, '3b01d4b4fef14f178b75f05c04dd34ef': 12, '70eb9286e3e24153a8b37c8f884f1292': 8}","{'total': 0, '3b01d4b4fef14f178b75f05c04dd34ef': 0, '70eb9286e3e24153a8b37c8f884f1292': 0}",,,,,,,,-22.0,,,,,,,,,,,,,,,,22.0,,,,,,,,,,,,,,,,,,,,,,,,,,,
7rowl,bing_pigs,2,"{'total': 15, '70eb9286e3e24153a8b37c8f884f1292': 4, '92b63a39b36a445fa94c77ae212dcea3': 11}","{'total': 0, '70eb9286e3e24153a8b37c8f884f1292': 0, '92b63a39b36a445fa94c77ae212dcea3': 0}",,,,,,,,-112.0,,,,,,,,,,,,112.0,,,,,,,,,,,,,,,,,,,,,,,,,,,,,,,
7rowl,doogile,2,"{'total': 3, '3c8757790ab0400b8b9e3936e0dd535b': 1, '70eb9286e3e24153a8b37c8f884f1292': 2}","{'total': 0, '3c8757790ab0400b8b9e3936e0dd535b': 0, '70eb9286e3e24153a8b37c8f884f1292': 0}",,,,,,,,32.0,-32.0,,,,,,,,,,,,,,,,,,,,,,,,,,,,,,,,,,,,,,,,,,
7rowl,Feinberg,2,"{'total': 13, '70eb9286e3e24153a8b37c8f884f1292': 4, '9a8e24df4c8549d696a6951da84fa5c4': 9}","{'total': 0, '70eb9286e3e24153a8b37c8f884f1292': 0, '9a8e24df4c8549d696a6951da84fa5c4': 0}",,,,,,,,-19.0,,,,,,,,,,,,,,,,,,,,,,,,,,,,,19.0,,,,,,,,,,,,,,
7rowl,Infume,2,"{'total': 14, '70eb9286e3e24153a8b37c8f884f1292': 2, 'a54e3bc4c6354b07a236b81efbcfe791': 12}","{'total': 0, '70eb9286e3e24153a8b37c8f884f1292': 0, 'a54e3bc4c6354b07a236b81efbcfe791': 0}",,,,,,,,-61.0,,,,,,,,,,,,,,,,,,,,,,,,,,,,,,,,,61.0,,,,,,,,,,
7rowl,lowk3y_,2,"{'total': 3, '70eb9286e3e24153a8b37c8f884f1292': 1, '7665f76f431b41c6b321bea16aff913b': 2}","{'total': 0, '70eb9286e3e24153a8b37c8f884f1292': 0, '7665f76f431b41c6b321bea16aff913b': 0}",,,,,,,15.0,-15.0,,,,,,,,,,,,,,,,,,,,,,,,,,,,,,,,,,,,,,,,,,,
7rowl,priffie,2,"{'total': 0, '70eb9286e3e24153a8b37c8f884f1292': 0, 'af22aaab9ee74596a3578bd6345d25b5': 0}","{'total': 0, '70eb9286e3e24153a8b37c8f884f1292': 0, 'af22aaab9ee74596a3578bd6345d25b5': 0}",,,,,0.0,,,0.0,,,,,,,,,,,,,,,,,,,,,,,,,,,,,,,,,,,,,,,,,,,
7rowl,retropog,2,"{'total': 11, '25349f93cf194f3baeee93d024eccc21': 3, '70eb9286e3e24153a8b37c8f884f1292': 8}","{'total': 0, '25349f93cf194f3baeee93d024eccc21': 0, '70eb9286e3e24153a8b37c8f884f1292': 0}",,,,,,,,58.0,,,,,,,,,,,,,,,,,,,,,,,,,,,,,,,,,,-58.0,,,,,,,,,
7rowl,r7sD4fH6jK0wY5uB,2,"{'total': 0, '70eb9286e3e24153a8b37c8f884f1292': 0, '8b6de3393be345fdb8dcf0959f42f457': 0}","{'total': 0, '70eb9286e3e24153a8b37c8f884f1292': 0, '8b6de3393be345fdb8dcf0959f42f457': 0}",,,,,,,,0.0,,,,,,,,,,,,,,,,,,,,,,,,,,,,,,,,,,,0.0,,,,,,,,
7rowl,hackingnoises,2,"{'total': 10, '70eb9286e3e24153a8b37c8f884f1292': 4, '7c92678742eb4e819f3122017697ae3d': 5}","{'total': 0, '70eb9286e3e24153a8b37c8f884f1292': 0, '7c92678742eb4e819f3122017697ae3d': 0}",,,,,,,,-9.0,,,,,,,,,,,,,,9.0,,,,,,,,,,,,,,,,,,,,,,,,,,,,,
7rowl,Oxidiot,2,"{'total': 7, '562a308be86c4ec09438387860e792cc': 2, '70eb9286e3e24153a8b37c8f884f1292': 5}","{'total': 0, '562a308be86c4ec09438387860e792cc': 0, '70eb9286e3e24153a8b37c8f884f1292': 0}",,,-43.0,,,,,43.0,,,,,,,,,,,,,,,,,,,,,,,,,,,,,,,,,,,,,,,,,,,
7rowl,silverrruns,2,"{'total': 4, '17e787d1d6374f818b294f2319db370d': 1, '70eb9286e3e24153a8b37c8f884f1292': 3}","{'total': 0, '17e787d1d6374f818b294f2319db370d': 0, '70eb9286e3e24153a8b37c8f884f1292': 0}",-32.0,,,,,,,32.0,,,,,,,,,,,,,,,,,,,,,,,,,,,,,,,,,,,,,,,,,,,
Ancoboyy,Aquacorde,2,"{'total': 0, 'bc80af38933f4ae19b0494681a54422b': 0, '253b53d832ab4bafb5ee0308d5164ccf': 0}","{'total': 0, 'bc80af38933f4ae19b0494681a54422b': 0, '253b53d832ab4bafb5ee0308d5164ccf': 0}",,,,,,,,,,0.0,,,,,,,,,,,,,,,,,,,,,,,,0.0,,,,,,,,,,,,,,,,,
Ancoboyy,BadGamer,2,"{'total': 5, '4cf401d7b9474756b06a653867d22fca': 3, 'bc80af38933f4ae19b0494681a54422b': 2}","{'total': 0, '4cf401d7b9474756b06a653867d22fca': 0, 'bc80af38933f4ae19b0494681a54422b': 0}",,,,,,,,,,-17.0,,,,,,,,,,,,,,,,,,,,,,,,,,,,,,17.0,,,,,,,,,,,
Ancoboyy,BeefSalad,2,"{'total': 11, '3b01d4b4fef14f178b75f05c04dd34ef': 4, 'bc80af38933f4ae19b0494681a54422b': 7}","{'total': 0, '3b01d4b4fef14f178b75f05c04dd34ef': 0, 'bc80af38933f4ae19b0494681a54422b': 0}",,,,,,,,,,65.0,,,,,,,,,,,,,,-65.0,,,,,,,,,,,,,,,,,,,,,,,,,,,
Ancoboyy,bing_pigs,2,"{'total': 28, '92b63a39b36a445fa94c77ae212dcea3': 15, 'bc80af38933f4ae19b0494681a54422b': 13}","{'total': 0, '92b63a39b36a445fa94c77ae212dcea3': 0, 'bc80af38933f4ae19b0494681a54422b': 0}",,,,,,,,,,34.0,,,,,,,,,,-34.0,,,,,,,,,,,,,,,,,,,,,,,,,,,,,,,
Ancoboyy,doogile,2,"{'total': 3, '3c8757790ab0400b8b9e3936e0dd535b': 1, 'bc80af38933f4ae19b0494681a54422b': 2}","{'total': 0, '3c8757790ab0400b8b9e3936e0dd535b': 0, 'bc80af38933f4ae19b0494681a54422b': 0}",,,,,,,,,-50.0,50.0,,,,,,,,,,,,,,,,,,,,,,,,,,,,,,,,,,,,,,,,,
Ancoboyy,Feinberg,2,"{'total': 7, '9a8e24df4c8549d696a6951da84fa5c4': 7, 'bc80af38933f4ae19b0494681a54422b': 0}","{'total': 0, '9a8e24df4c8549d696a6951da84fa5c4': 0, 'bc80af38933f4ae19b0494681a54422b': 0}",,,,,,,,,,-101.0,,,,,,,,,,,,,,,,,,,,,,,,,,,101.0,,,,,,,,,,,,,,
Ancoboyy,Infume,2,"{'total': 7, 'a54e3bc4c6354b07a236b81efbcfe791': 6, 'bc80af38933f4ae19b0494681a54422b': 1}","{'total': 0, 'a54e3bc4c6354b07a236b81efbcfe791': 0, 'bc80af38933f4ae19b0494681a54422b': 0}",,,,,,,,,,-67.0,,,,,,,,,,,,,,,,,,,,,,,,,,,,,,,67.0,,,,,,,,,,
Ancoboyy,lowk3y_,2,"{'total': 0, 'bc80af38933f4ae19b0494681a54422b': 0, '7665f76f431b41c6b321bea16aff913b': 0}","{'total': 0, 'bc80af38933f4ae19b0494681a54422b': 0, '7665f76f431b41c6b321bea16aff913b': 0}",,,,,,,0.0,,,0.0,,,,,,,,,,,,,,,,,,,,,,,,,,,,,,,,,,,,,,,,,
Ancoboyy,priffie,2,"{'total': 0, 'bc80af38933f4ae19b0494681a54422b': 0, 'af22aaab9ee74596a3578bd6345d25b5': 0}","{'total': 0, 'bc80af38933f4ae19b0494681a54422b': 0, 'af22aaab9ee74596a3578bd6345d25b5': 0}",,,,,0.0,,,,,0.0,,,,,,,,,,,,,,,,,,,,,,,,,,,,,,,,,,,,,,,,,
Ancoboyy,retropog,2,"{'total': 7, '25349f93cf194f3baeee93d024eccc21': 3, 'bc80af38933f4ae19b0494681a54422b': 4}","{'total': 0, '25349f93cf194f3baeee93d024eccc21': 0, 'bc80af38933f4ae19b0494681a54422b': 0}",,,,,,,,,,10.0,,,,,,,,,,,,,,,,,,,,,,,,,,,,,,,,-10.0,,,,,,,,,
Ancoboyy,r7sD4fH6jK0wY5uB,2,"{'total': 0, 'bc80af38933f4ae19b0494681a54422b': 0, '8b6de3393be345fdb8dcf0959f42f457': 0}","{'total': 0, 'bc80af38933f4ae19b0494681a54422b': 0, '8b6de3393be345fdb8dcf0959f42f457': 0}",,,,,,,,,,0.0,,,,,,,,,,,,,,,,,,,,,,,,,,,,,,,,,0.0,,,,,,,,
Ancoboyy,hackingnoises,2,"{'total': 1, '7c92678742eb4e819f3122017697ae3d': 0, 'bc80af38933f4ae19b0494681a54422b': 1}","{'total': 0, '7c92678742eb4e819f3122017697ae3d': 0, 'bc80af38933f4ae19b0494681a54422b': 0}",,,,,,,,,,28.0,,,,,,,,,,,,-28.0,,,,,,,,,,,,,,,,,,,,,,,,,,,,,
Ancoboyy,Oxidiot,2,"{'total': 1, '562a308be86c4ec09438387860e792cc': 1, 'bc80af38933f4ae19b0494681a54422b': 0}","{'total': 0, '562a308be86c4ec09438387860e792cc': 0, 'bc80af38933f4ae19b0494681a54422b': 0}",,,26.0,,,,,,,-26.0,,,,,,,,,,,,,,,,,,,,,,,,,,,,,,,,,,,,,,,,,
Ancoboyy,silverrruns,2,"{'total': 1, '17e787d1d6374f818b294f2319db370d': 0, 'bc80af38933f4ae19b0494681a54422b': 1}","{'total': 0, '17e787d1d6374f818b294f2319db370d': 0, 'bc80af38933f4ae19b0494681a54422b': 0}",-16.0,,,,,,,,,16.0,,,,,,,,,,,,,,,,,,,,,,,,,,,,,,,,,,,,,,,,,
Aquacorde,BadGamer,2,"{'total': 27, '253b53d832ab4bafb5ee0308d5164ccf': 19, '4cf401d7b9474756b06a653867d22fca': 8}","{'total': 0, '253b53d832ab4bafb5ee0308d5164ccf': 0, '4cf401d7b9474756b06a653867d22fca': 0}",,,,,,,,,,,,,,,,,,,,,,,,,,,,,,,,,,160.0,,,,,,-160.0,,,,,,,,,,,
Aquacorde,BeefSalad,2,"{'total': 8, '253b53d832ab4bafb5ee0308d5164ccf': 3, '3b01d4b4fef14f178b75f05c04dd34ef': 5}","{'total': 0, '253b53d832ab4bafb5ee0308d5164ccf': 0, '3b01d4b4fef14f178b75f05c04dd34ef': 0}",,,,,,,,,,,,,,,,,,,,,,,,32.0,,,,,,,,,,-32.0,,,,,,,,,,,,,,,,,
Aquacorde,bing_pigs,2,"{'total': 3, '253b53d832ab4bafb5ee0308d5164ccf': 1, '92b63a39b36a445fa94c77ae212dcea3': 2}","{'total': 0, '253b53d832ab4bafb5ee0308d5164ccf': 0, '92b63a39b36a445fa94c77ae212dcea3': 0}",,,,,,,,,,,,,,,,,,,,10.0,,,,,,,,,,,,,,-10.0,,,,,,,,,,,,,,,,,
Aquacorde,doogile,2,"{'total': 17, '253b53d832ab4bafb5ee0308d5164ccf': 5, '3c8757790ab0400b8b9e3936e0dd535b': 12}","{'total': 0, '253b53d832ab4bafb5ee0308d5164ccf': 0, '3c8757790ab0400b8b9e3936e0dd535b': 0}",,,,,,,,,97.0,,,,,,,,,,,,,,,,,,,,,,,,,-97.0,,,,,,,,,,,,,,,,,
Aquacorde,Feinberg,2,"{'total': 22, '253b53d832ab4bafb5ee0308d5164ccf': 11, '9a8e24df4c8549d696a6951da84fa5c4': 10}","{'total': 0, '253b53d832ab4bafb5ee0308d5164ccf': 0, '9a8e24df4c8549d696a6951da84fa5c4': 0}",,,,,,,,,,,,,,,,,,,,,,,,,,,,,,,,,,104.0,,,-104.0,,,,,,,,,,,,,,
Aquacorde,Infume,2,"{'total': 25, '253b53d832ab4bafb5ee0308d5164ccf': 8, 'a54e3bc4c6354b07a236b81efbcfe791': 17}","{'total': 0, '253b53d832ab4bafb5ee0308d5164ccf': 0, 'a54e3bc4c6354b07a236b81efbcfe791': 0}",,,,,,,,,,,,,,,,,,,,,,,,,,,,,,,,,,-66.0,,,,,,,66.0,,,,,,,,,,
Aquacorde,lowk3y_,2,"{'total': 5, '253b53d832ab4bafb5ee0308d5164ccf': 3, '7665f76f431b41c6b321bea16aff913b': 2}","{'total': 0, '253b53d832ab4bafb5ee0308d5164ccf': 0, '7665f76f431b41c6b321bea16aff913b': 0}",,,,,,,19.0,,,,,,,,,,,,,,,,,,,,,,,,,,,1.0,,,,,,,,,,,,,,,,,
Aquacorde,priffie,2,"{'total': 0, '253b53d832ab4bafb5ee0308d5164ccf': 0, 'af22aaab9ee74596a3578bd6345d25b5': 0}","{'total': 0, '253b53d832ab4bafb5ee0308d5164ccf': 0, 'af22aaab9ee74596a3578bd6345d25b5': 0}",,,,,0.0,,,,,,,,,,,,,,,,,,,,,,,,,,,,,0.0,,,,,,,,,,,,,,,,,
Aquacorde,retropog,2,"{'total': 9, '25349f93cf194f3baeee93d024eccc21': 3, '253b53d832ab4bafb5ee0308d5164ccf': 6}","{'total': 0, '25349f93cf194f3baeee93d024eccc21': 0, '253b53d832ab4bafb5ee0308d5164ccf': 0}",,,,,,,,,,,,,,,,,,,,,,,,,,,,,,,,,,9.0,,,,,,,,-9.0,,,,,,,,,
Aquacorde,r7sD4fH6jK0wY5uB,2,"{'total': 0, '253b53d832ab4bafb5ee0308d5164ccf': 0, '8b6de3393be345fdb8dcf0959f42f457': 0}","{'total': 0, '253b53d832ab4bafb5ee0308d5164ccf': 0, '8b6de3393be345fdb8dcf0959f42f457': 0}",,,,,,,,,,,,,,,,,,,,,,,,,,,,,,,,,,0.0,,,,,,,,,0.0,,,,,,,,
Aquacorde,hackingnoises,2,"{'total': 0, '253b53d832ab4bafb5ee0308d5164ccf': 0, '7c92678742eb4e819f3122017697ae3d': 0}","{'total': 0, '253b53d832ab4bafb5ee0308d5164ccf': 0, '7c92678742eb4e819f3122017697ae3d': 0}",,,,,,,,,,,,,,,,,,,,,,0.0,,,,,,,,,,,,0.0,,,,,,,,,,,,,,,,,
Aquacorde,Oxidiot,2,"{'total': 0, '253b53d832ab4bafb5ee0308d5164ccf': 0, '562a308be86c4ec09438387860e792cc': 0}","{'total': 0, '253b53d832ab4bafb5ee0308d5164ccf': 0, '562a308be86c4ec09438387860e792cc': 0}",,,0.0,,,,,,,,,,,,,,,,,,,,,,,,,,,,,,,0.0,,,,,,,,,,,,,,,,,
Aquacorde,silverrruns,2,"{'total': 11, '17e787d1d6374f818b294f2319db370d': 7, '253b53d832ab4bafb5ee0308d5164ccf': 4}","{'total': 0, '17e787d1d6374f818b294f2319db370d': 0, '253b53d832ab4bafb5ee0308d5164ccf': 0}",122.0,,,,,,,,,,,,,,,,,,,,,,,,,,,,,,,,,-101.0,,,,,,,,,,,,,,,,,
BadGamer,BeefSalad,2,"{'total': 6, '3b01d4b4fef14f178b75f05c04dd34ef': 4, '4cf401d7b9474756b06a653867d22fca': 2}","{'total': 0, '3b01d4b4fef14f178b75f05c04dd34ef': 0, '4cf401d7b9474756b06a653867d22fca': 0}",,,,,,,,,,,,,,,,,,,,,,,,25.0,,,,,,,,,,,,,,,,-25.0,,,,,,,,,,,
BadGamer,bing_pigs,2,"{'total': 4, '4cf401d7b9474756b06a653867d22fca': 2, '92b63a39b36a445fa94c77ae212dcea3': 2}","{'total': 0, '4cf401d7b9474756b06a653867d22fca': 0, '92b63a39b36a445fa94c77ae212dcea3': 0}",,,,,,,,,,,,,,,,,,,,-10.0,,,,,,,,,,,,,,,,,,,,10.0,,,,,,,,,,,
BadGamer,doogile,2,"{'total': 17, '3c8757790ab0400b8b9e3936e0dd535b': 10, '4cf401d7b9474756b06a653867d22fca': 6}","{'total': 0, '3c8757790ab0400b8b9e3936e0dd535b': 0, '4cf401d7b9474756b06a653867d22fca': 0}",,,,,,,,,-34.0,,,,,,,,,,,,,,,,,,,,,,,,,,,,,,,34.0,,,,,,,,,,,
BadGamer,Feinberg,2,"{'total': 22, '4cf401d7b9474756b06a653867d22fca': 10, '9a8e24df4c8549d696a6951da84fa5c4': 12}","{'total': 0, '4cf401d7b9474756b06a653867d22fca': 0, '9a8e24df4c8549d696a6951da84fa5c4': 0}",,,,,,,,,,,,,,,,,,,,,,,,,,,,,,,,,,,,,-80.0,,,80.0,,,,,,,,,,,
BadGamer,Infume,2,"{'total': 27, '4cf401d7b9474756b06a653867d22fca': 8, 'a54e3bc4c6354b07a236b81efbcfe791': 19}","{'total': 0, '4cf401d7b9474756b06a653867d22fca': 0, 'a54e3bc4c6354b07a236b81efbcfe791': 0}",,,,,,,,,,,,,,,,,,,,,,,,,,,,,,,,,,,,,,,,-35.0,35.0,,,,,,,,,,
BadGamer,lowk3y_,2,"{'total': 2, '4cf401d7b9474756b06a653867d22fca': 1, '7665f76f431b41c6b321bea16aff913b': 1}","{'total': 0, '4cf401d7b9474756b06a653867d22fca': 0, '7665f76f431b41c6b321bea16aff913b': 0}",,,,,,,2.0,,,,,,,,,,,,,,,,,,,,,,,,,,,,,,,,,-2.0,,,,,,,,,,,
BadGamer,priffie,2,"{'total': 0, '4cf401d7b9474756b06a653867d22fca': 0, 'af22aaab9ee74596a3578bd6345d25b5': 0}","{'total': 0, '4cf401d7b9474756b06a653867d22fca': 0, 'af22aaab9ee74596a3578bd6345d25b5': 0}",,,,,0.0,,,,,,,,,,,,,,,,,,,,,,,,,,,,,,,,,,,0.0,,,,,,,,,,,
BadGamer,retropog,2,"{'total': 7, '25349f93cf194f3baeee93d024eccc21': 3, '4cf401d7b9474756b06a653867d22fca': 3}","{'total': 0, '25349f93cf194f3baeee93d024eccc21': 0, '4cf401d7b9474756b06a653867d22fca': 0}",,,,,,,,,,,,,,,,,,,,,,,,,,,,,,,,,,,,,,,,-37.0,,37.0,,,,,,,,,
BadGamer,r7sD4fH6jK0wY5uB,2,"{'total': 0, '4cf401d7b9474756b06a653867d22fca': 0, '8b6de3393be345fdb8dcf0959f42f457': 0}","{'total': 0, '4cf401d7b9474756b06a653867d22fca': 0, '8b6de3393be345fdb8dcf0959f42f457': 0}",,,,,,,,,,,,,,,,,,,,,,,,,,,,,,,,,,,,,,,,0.0,,,0.0,,,,,,,,
BadGamer,hackingnoises,2,"{'total': 0, '4cf401d7b9474756b06a653867d22fca': 0, '7c92678742eb4e819f3122017697ae3d': 0}","{'total': 0, '4cf401d7b9474756b06a653867d22fca': 0, '7c92678742eb4e819f3122017697ae3d': 0}",,,,,,,,,,,,,,,,,,,,,,0.0,,,,,,,,,,,,,,,,,,0.0,,,,,,,,,,,
BadGamer,Oxidiot,2,"{'total': 0, '4cf401d7b9474756b06a653867d22fca': 0, '562a308be86c4ec09438387860e792cc': 0}","{'total': 0, '4cf401d7b9474756b06a653867d22fca': 0, '562a308be86c4ec09438387860e792cc': 0}",,,0.0,,,,,,,,,,,,,,,,,,,,,,,,,,,,,,,,,,,,,0.0,,,,,,,,,,,
BadGamer,silverrruns,2,"{'total': 17, '17e787d1d6374f818b294f2319db370d': 8, '4cf401d7b9474756b06a653867d22fca': 9}","{'total': 0, '17e787d1d6374f818b294f2319db370d': 0, '4cf401d7b9474756b06a653867d22fca': 0}",0.0,,,,,,,,,,,,,,,,,,,,,,,,,,,,,,,,,,,,,,,0.0,,,,,,,,,,,
BeefSalad,bing_pigs,2,"{'total': 48, '3b01d4b4fef14f178b75f05c04dd34ef': 18, '92b63a39b36a445fa94c77ae212dcea3': 29}","{'total': 0, '3b01d4b4fef14f178b75f05c04dd34ef': 0, '92b63a39b36a445fa94c77ae212dcea3': 0}",,,,,,,,,,,,,,,,,,,,143.0,,,,-143.0,,,,,,,,,,,,,,,,,,,,,,,,,,,
BeefSalad,doogile,2,"{'total': 12, '3b01d4b4fef14f178b75f05c04dd34ef': 3, '3c8757790ab0400b8b9e3936e0dd535b': 9}","{'total': 0, '3b01d4b4fef14f178b75f05c04dd34ef': 0, '3c8757790ab0400b8b9e3936e0dd535b': 0}",,,,,,,,,110.0,,,,,,,,,,,,,,,-110.0,,,,,,,,,,,,,,,,,,,,,,,,,,,
BeefSalad,Feinberg,2,"{'total': 37, '3b01d4b4fef14f178b75f05c04dd34ef': 22, '9a8e24df4c8549d696a6951da84fa5c4': 13}","{'total': 0, '3b01d4b4fef14f178b75f05c04dd34ef': 0, '9a8e24df4c8549d696a6951da84fa5c4': 0}",,,,,,,,,,,,,,,,,,,,,,,,235.0,,,,,,,,,,,,,-235.0,,,,,,,,,,,,,,
BeefSalad,Infume,2,"{'total': 12, '3b01d4b4fef14f178b75f05c04dd34ef': 2, 'a54e3bc4c6354b07a236b81efbcfe791': 10}","{'total': 0, '3b01d4b4fef14f178b75f05c04dd34ef': 0, 'a54e3bc4c6354b07a236b81efbcfe791': 0}",,,,,,,,,,,,,,,,,,,,,,,,-81.0,,,,,,,,,,,,,,,,,81.0,,,,,,,,,,
BeefSalad,lowk3y_,2,"{'total': 13, '3b01d4b4fef14f178b75f05c04dd34ef': 6, '7665f76f431b41c6b321bea16aff913b': 6}","{'total': 0, '3b01d4b4fef14f178b75f05c04dd34ef': 0, '7665f76f431b41c6b321bea16aff913b': 0}",,,,,,,12.0,,,,,,,,,,,,,,,,,-12.0,,,,,,,,,,,,,,,,,,,,,,,,,,,
BeefSalad,priffie,2,"{'total': 0, '3b01d4b4fef14f178b75f05c04dd34ef': 0, 'af22aaab9ee74596a3578bd6345d25b5': 0}","{'total': 0, '3b01d4b4fef14f178b75f05c04dd34ef': 0, 'af22aaab9ee74596a3578bd6345d25b5': 0}",,,,,0.0,,,,,,,,,,,,,,,,,,,0.0,,,,,,,,,,,,,,,,,,,,,,,,,,,
BeefSalad,retropog,2,"{'total': 10, '25349f93cf194f3baeee93d024eccc21': 2, '3b01d4b4fef14f178b75f05c04dd34ef': 7}","{'total': 0, '25349f93cf194f3baeee93d024eccc21': 0, '3b01d4b4fef14f178b75f05c04dd34ef': 0}",,,,,,,,,,,,,,,,,,,,,,,,47.0,,,,,,,,,,,,,,,,,,-47.0,,,,,,,,,
BeefSalad,r7sD4fH6jK0wY5uB,2,"{'total': 0, '3b01d4b4fef14f178b75f05c04dd34ef': 0, '8b6de3393be345fdb8dcf0959f42f457': 0}","{'total': 0, '3b01d4b4fef14f178b75f05c04dd34ef': 0, '8b6de3393be345fdb8dcf0959f42f457': 0}",,,,,,,,,,,,,,,,,,,,,,,,0.0,,,,,,,,,,,,,,,,,,,0.0,,,,,,,,
BeefSalad,hackingnoises,2,"{'total': 13, '3b01d4b4fef14f178b75f05c04dd34ef': 9, '7c92678742eb4e819f3122017697ae3d': 4}","{'total': 0, '3b01d4b4fef14f178b75f05c04dd34ef': 0, '7c92678742eb4e819f3122017697ae3d': 0}",,,,,,,,,,,,,,,,,,,,,,-118.0,,118.0,,,,,,,,,,,,,,,,,,,,,,,,,,,
BeefSalad,Oxidiot,2,"{'total': 8, '3b01d4b4fef14f178b75f05c04dd34ef': 4, '562a308be86c4ec09438387860e792cc': 4}","{'total': 0, '3b01d4b4fef14f178b75f05c04dd34ef': 0, '562a308be86c4ec09438387860e792cc': 0}",,,47.0,,,,,,,,,,,,,,,,,,,,,-47.0,,,,,,,,,,,,,,,,,,,,,,,,,,,
BeefSalad,silverrruns,2,"{'total': 5, '17e787d1d6374f818b294f2319db370d': 4, '3b01d4b4fef14f178b75f05c04dd34ef': 1}","{'total': 0, '17e787d1d6374f818b294f2319db370d': 0, '3b01d4b4fef14f178b75f05c04dd34ef': 0}",77.0,,,,,,,,,,,,,,,,,,,,,,,-77.0,,,,,,,,,,,,,,,,,,,,,,,,,,,
bing_pigs,doogile,2,"{'total': 5, '3c8757790ab0400b8b9e3936e0dd535b': 3, '92b63a39b36a445fa94c77ae212dcea3': 2}","{'total': 0, '3c8757790ab0400b8b9e3936e0dd535b': 0, '92b63a39b36a445fa94c77ae212dcea3': 0}",,,,,,,,,4.0,,,,,,,,,,,-4.0,,,,,,,,,,,,,,,,,,,,,,,,,,,,,,,
bing_pigs,Feinberg,2,"{'total': 8, '92b63a39b36a445fa94c77ae212dcea3': 5, '9a8e24df4c8549d696a6951da84fa5c4': 3}","{'total': 0, '92b63a39b36a445fa94c77ae212dcea3': 0, '9a8e24df4c8549d696a6951da84fa5c4': 0}",,,,,,,,,,,,,,,,,,,,24.0,,,,,,,,,,,,,,,,,-24.0,,,,,,,,,,,,,,
bing_pigs,Infume,2,"{'total': 9, '92b63a39b36a445fa94c77ae212dcea3': 2, 'a54e3bc4c6354b07a236b81efbcfe791': 7}","{'total': 0, '92b63a39b36a445fa94c77ae212dcea3': 0, 'a54e3bc4c6354b07a236b81efbcfe791': 0}",,,,,,,,,,,,,,,,,,,,-59.0,,,,,,,,,,,,,,,,,,,,,59.0,,,,,,,,,,
bing_pigs,lowk3y_,2,"{'total': 11, '7665f76f431b41c6b321bea16aff913b': 7, '92b63a39b36a445fa94c77ae212dcea3': 4}","{'total': 0, '7665f76f431b41c6b321bea16aff913b': 0, '92b63a39b36a445fa94c77ae212dcea3': 0}",,,,,,,121.0,,,,,,,,,,,,,-121.0,,,,,,,,,,,,,,,,,,,,,,,,,,,,,,,
bing_pigs,priffie,2,"{'total': 0, '92b63a39b36a445fa94c77ae212dcea3': 0, 'af22aaab9ee74596a3578bd6345d25b5': 0}","{'total': 0, '92b63a39b36a445fa94c77ae212dcea3': 0, 'af22aaab9ee74596a3578bd6345d25b5': 0}",,,,,0.0,,,,,,,,,,,,,,,0.0,,,,,,,,,,,,,,,,,,,,,,,,,,,,,,,
bing_pigs,retropog,2,"{'total': 28, '25349f93cf194f3baeee93d024eccc21': 8, '92b63a39b36a445fa94c77ae212dcea3': 20}","{'total': 0, '25349f93cf194f3baeee93d024eccc21': 0, '92b63a39b36a445fa94c77ae212dcea3': 0}",,,,,,,,,,,,,,,,,,,,88.0,,,,,,,,,,,,,,,,,,,,,,-88.0,,,,,,,,,
bing_pigs,r7sD4fH6jK0wY5uB,2,"{'total': 0, '92b63a39b36a445fa94c77ae212dcea3': 0, '8b6de3393be345fdb8dcf0959f42f457': 0}","{'total': 0, '92b63a39b36a445fa94c77ae212dcea3': 0, '8b6de3393be345fdb8dcf0959f42f457': 0}",,,,,,,,,,,,,,,,,,,,0.0,,,,,,,,,,,,,,,,,,,,,,,0.0,,,,,,,,
bing_pigs,hackingnoises,2,"{'total': 26, '7c92678742eb4e819f3122017697ae3d': 18, '92b63a39b36a445fa94c77ae212dcea3': 8}","{'total': 0, '7c92678742eb4e819f3122017697ae3d': 0, '92b63a39b36a445fa94c77ae212dcea3': 0}",,,,,,,,,,,,,,,,,,,,-216.0,,216.0,,,,,,,,,,,,,,,,,,,,,,,,,,,,,
bing_pigs,Oxidiot,2,"{'total': 5, '562a308be86c4ec09438387860e792cc': 2, '92b63a39b36a445fa94c77ae212dcea3': 3}","{'total': 0, '562a308be86c4ec09438387860e792cc': 0, '92b63a39b36a445fa94c77ae212dcea3': 0}",,,12.0,,,,,,,,,,,,,,,,,-12.0,,,,,,,,,,,,,,,,,,,,,,,,,,,,,,,
bing_pigs,silverrruns,2,"{'total': 10, '17e787d1d6374f818b294f2319db370d': 4, '92b63a39b36a445fa94c77ae212dcea3': 6}","{'total': 0, '17e787d1d6374f818b294f2319db370d': 0, '92b63a39b36a445fa94c77ae212dcea3': 0}",-21.0,,,,,,,,,,,,,,,,,,,21.0,,,,,,,,,,,,,,,,,,,,,,,,,,,,,,,
doogile,Feinberg,2,"{'total': 30, '3c8757790ab0400b8b9e3936e0dd535b': 17, '9a8e24df4c8549d696a6951da84fa5c4': 13}","{'total': 0, '3c8757790ab0400b8b9e3936e0dd535b': 0, '9a8e24df4c8549d696a6951da84fa5c4': 0}",,,,,,,,,24.0,,,,,,,,,,,,,,,,,,,,,,,,,,,,-24.0,,,,,,,,,,,,,,
doogile,Infume,2,"{'total': 18, '3c8757790ab0400b8b9e3936e0dd535b': 9, 'a54e3bc4c6354b07a236b81efbcfe791': 9}","{'total': 0, '3c8757790ab0400b8b9e3936e0dd535b': 0, 'a54e3bc4c6354b07a236b81efbcfe791': 0}",,,,,,,,,50.0,,,,,,,,,,,,,,,,,,,,,,,,,,,,,,,,-50.0,,,,,,,,,,
doogile,lowk3y_,2,"{'total': 0, '3c8757790ab0400b8b9e3936e0dd535b': 0, '7665f76f431b41c6b321bea16aff913b': 0}","{'total': 0, '3c8757790ab0400b8b9e3936e0dd535b': 0, '7665f76f431b41c6b321bea16aff913b': 0}",,,,,,,0.0,,0.0,,,,,,,,,,,,,,,,,,,,,,,,,,,,,,,,,,,,,,,,,,
doogile,priffie,2,"{'total': 0, '3c8757790ab0400b8b9e3936e0dd535b': 0, 'af22aaab9ee74596a3578bd6345d25b5': 0}","{'total': 0, '3c8757790ab0400b8b9e3936e0dd535b': 0, 'af22aaab9ee74596a3578bd6345d25b5': 0}",,,,,0.0,,,,0.0,,,,,,,,,,,,,,,,,,,,,,,,,,,,,,,,,,,,,,,,,,
doogile,retropog,2,"{'total': 2, '25349f93cf194f3baeee93d024eccc21': 2, '3c8757790ab0400b8b9e3936e0dd535b': 0}","{'total': 0, '25349f93cf194f3baeee93d024eccc21': 0, '3c8757790ab0400b8b9e3936e0dd535b': 0}",,,,,,,,,0.0,,,,,,,,,,,,,,,,,,,,,,,,,,,,,,,,,0.0,,,,,,,,,
doogile,r7sD4fH6jK0wY5uB,2,"{'total': 0, '3c8757790ab0400b8b9e3936e0dd535b': 0, '8b6de3393be345fdb8dcf0959f42f457': 0}","{'total': 0, '3c8757790ab0400b8b9e3936e0dd535b': 0, '8b6de3393be345fdb8dcf0959f42f457': 0}",,,,,,,,,0.0,,,,,,,,,,,,,,,,,,,,,,,,,,,,,,,,,,0.0,,,,,,,,
doogile,hackingnoises,2,"{'total': 0, '3c8757790ab0400b8b9e3936e0dd535b': 0, '7c92678742eb4e819f3122017697ae3d': 0}","{'total': 0, '3c8757790ab0400b8b9e3936e0dd535b': 0, '7c92678742eb4e819f3122017697ae3d': 0}",,,,,,,,,0.0,,,,,,,,,,,,,0.0,,,,,,,,,,,,,,,,,,,,,,,,,,,,,
doogile,Oxidiot,2,"{'total': 2, '3c8757790ab0400b8b9e3936e0dd535b': 2, '562a308be86c4ec09438387860e792cc': 0}","{'total': 0, '3c8757790ab0400b8b9e3936e0dd535b': 0, '562a308be86c4ec09438387860e792cc': 0}",,,-25.0,,,,,,25.0,,,,,,,,,,,,,,,,,,,,,,,,,,,,,,,,,,,,,,,,,,
doogile,silverrruns,2,"{'total': 15, '17e787d1d6374f818b294f2319db370d': 5, '3c8757790ab0400b8b9e3936e0dd535b': 9}","{'total': 0, '17e787d1d6374f818b294f2319db370d': 0, '3c8757790ab0400b8b9e3936e0dd535b': 0}",-35.0,,,,,,,,35.0,,,,,,,,,,,,,,,,,,,,,,,,,,,,,,,,,,,,,,,,,,
Feinberg,Infume,2,"{'total': 59, '9a8e24df4c8549d696a6951da84fa5c4': 27, 'a54e3bc4c6354b07a236b81efbcfe791': 31}","{'total': 0, '9a8e24df4c8549d696a6951da84fa5c4': 0, 'a54e3bc4c6354b07a236b81efbcfe791': 0}",,,,,,,,,,,,,,,,,,,,,,,,,,,,,,,,,,,,,147.0,,,,-147.0,,,,,,,,,,
Feinberg,lowk3y_,2,"{'total': 2, '7665f76f431b41c6b321bea16aff913b': 0, '9a8e24df4c8549d696a6951da84fa5c4': 2}","{'total': 0, '7665f76f431b41c6b321bea16aff913b': 0, '9a8e24df4c8549d696a6951da84fa5c4': 0}",,,,,,,-24.0,,,,,,,,,,,,,,,,,,,,,,,,,,,,,,24.0,,,,,,,,,,,,,,
Feinberg,priffie,2,"{'total': 0, '9a8e24df4c8549d696a6951da84fa5c4': 0, 'af22aaab9ee74596a3578bd6345d25b5': 0}","{'total': 0, '9a8e24df4c8549d696a6951da84fa5c4': 0, 'af22aaab9ee74596a3578bd6345d25b5': 0}",,,,,0.0,,,,,,,,,,,,,,,,,,,,,,,,,,,,,,,,0.0,,,,,,,,,,,,,,
Feinberg,retropog,2,"{'total': 0, '9a8e24df4c8549d696a6951da84fa5c4': 0, '25349f93cf194f3baeee93d024eccc21': 0}","{'total': 0, '9a8e24df4c8549d696a6951da84fa5c4': 0, '25349f93cf194f3baeee93d024eccc21': 0}",,,,,,,,,,,,,,,,,,,,,,,,,,,,,,,,,,,,,0.0,,,,,0.0,,,,,,,,,
Feinberg,r7sD4fH6jK0wY5uB,2,"{'total': 0, '9a8e24df4c8549d696a6951da84fa5c4': 0, '8b6de3393be345fdb8dcf0959f42f457': 0}","{'total': 0, '9a8e24df4c8549d696a6951da84fa5c4': 0, '8b6de3393be345fdb8dcf0959f42f457': 0}",,,,,,,,,,,,,,,,,,,,,,,,,,,,,,,,,,,,,0.0,,,,,,0.0,,,,,,,,
Feinberg,hackingnoises,2,"{'total': 2, '7c92678742eb4e819f3122017697ae3d': 1, '9a8e24df4c8549d696a6951da84fa5c4': 1}","{'total': 0, '7c92678742eb4e819f3122017697ae3d': 0, '9a8e24df4c8549d696a6951da84fa5c4': 0}",,,,,,,,,,,,,,,,,,,,,,6.0,,,,,,,,,,,,,,,-6.0,,,,,,,,,,,,,,
Feinberg,Oxidiot,2,"{'total': 2, '562a308be86c4ec09438387860e792cc': 1, '9a8e24df4c8549d696a6951da84fa5c4': 1}","{'total': 0, '562a308be86c4ec09438387860e792cc': 0, '9a8e24df4c8549d696a6951da84fa5c4': 0}",,,17.0,,,,,,,,,,,,,,,,,,,,,,,,,,,,,,,,,,-17.0,,,,,,,,,,,,,,
Feinberg,silverrruns,2,"{'total': 9, '17e787d1d6374f818b294f2319db370d': 4, '9a8e24df4c8549d696a6951da84fa5c4': 5}","{'total': 0, '17e787d1d6374f818b294f2319db370d': 0, '9a8e24df4c8549d696a6951da84fa5c4': 0}",11.0,,,,,,,,,,,,,,,,,,,,,,,,,,,,,,,,,,,,-11.0,,,,,,,,,,,,,,
Infume,lowk3y_,2,"{'total': 9, '7665f76f431b41c6b321bea16aff913b': 4, 'a54e3bc4c6354b07a236b81efbcfe791': 5}","{'total': 0, '7665f76f431b41c6b321bea16aff913b': 0, 'a54e3bc4c6354b07a236b81efbcfe791': 0}",,,,,,,21.0,,,,,,,,,,,,,,,,,,,,,,,,,,,,,,,,,,-21.0,,,,,,,,,,
Infume,priffie,2,"{'total': 0, 'a54e3bc4c6354b07a236b81efbcfe791': 0, 'af22aaab9ee74596a3578bd6345d25b5': 0}","{'total': 0, 'a54e3bc4c6354b07a236b81efbcfe791': 0, 'af22aaab9ee74596a3578bd6345d25b5': 0}",,,,,0.0,,,,,,,,,,,,,,,,,,,,,,,,,,,,,,,,,,,,0.0,,,,,,,,,,
Infume,retropog,2,"{'total': 4, '25349f93cf194f3baeee93d024eccc21': 1, 'a54e3bc4c6354b07a236b81efbcfe791': 3}","{'total': 0, '25349f93cf194f3baeee93d024eccc21': 0, 'a54e3bc4c6354b07a236b81efbcfe791': 0}",,,,,,,,,,,,,,,,,,,,,,,,,,,,,,,,,,,,,,,,,11.0,-11.0,,,,,,,,,
Infume,r7sD4fH6jK0wY5uB,2,"{'total': 0, 'a54e3bc4c6354b07a236b81efbcfe791': 0, '8b6de3393be345fdb8dcf0959f42f457': 0}","{'total': 0, 'a54e3bc4c6354b07a236b81efbcfe791': 0, '8b6de3393be345fdb8dcf0959f42f457': 0}",,,,,,,,,,,,,,,,,,,,,,,,,,,,,,,,,,,,,,,,,0.0,,0.0,,,,,,,,
Infume,hackingnoises,2,"{'total': 0, 'a54e3bc4c6354b07a236b81efbcfe791': 0, '7c92678742eb4e819f3122017697ae3d': 0}","{'total': 0, 'a54e3bc4c6354b07a236b81efbcfe791': 0, '7c92678742eb4e819f3122017697ae3d': 0}",,,,,,,,,,,,,,,,,,,,,,0.0,,,,,,,,,,,,,,,,,,,0.0,,,,,,,,,,
Infume,Oxidiot,2,"{'total': 0, 'a54e3bc4c6354b07a236b81efbcfe791': 0, '562a308be86c4ec09438387860e792cc': 0}","{'total': 0, 'a54e3bc4c6354b07a236b81efbcfe791': 0, '562a308be86c4ec09438387860e792cc': 0}",,,0.0,,,,,,,,,,,,,,,,,,,,,,,,,,,,,,,,,,,,,,0.0,,,,,,,,,,
Infume,silverrruns,2,"{'total': 18, '17e787d1d6374f818b294f2319db370d': 9, 'a54e3bc4c6354b07a236b81efbcfe791': 9}","{'total': 0, '17e787d1d6374f818b294f2319db370d': 0, 'a54e3bc4c6354b07a236b81efbcfe791': 0}",109.0,,,,,,,,,,,,,,,,,,,,,,,,,,,,,,,,,,,,,,,,-109.0,,,,,,,,,,
lowk3y_,priffie,2,"{'total': 0, '7665f76f431b41c6b321bea16aff913b': 0, 'af22aaab9ee74596a3578bd6345d25b5': 0}","{'total': 0, '7665f76f431b41c6b321bea16aff913b': 0, 'af22aaab9ee74596a3578bd6345d25b5': 0}",,,,,0.0,,0.0,,,,,,,,,,,,,,,,,,,,,,,,,,,,,,,,,,,,,,,,,,,,
lowk3y_,retropog,2,"{'total': 4, '25349f93cf194f3baeee93d024eccc21': 1, '7665f76f431b41c6b321bea16aff913b': 3}","{'total': 0, '25349f93cf194f3baeee93d024eccc21': 0, '7665f76f431b41c6b321bea16aff913b': 0}",,,,,,,41.0,,,,,,,,,,,,,,,,,,,,,,,,,,,,,,,,,,,-41.0,,,,,,,,,
lowk3y_,r7sD4fH6jK0wY5uB,2,"{'total': 0, '7665f76f431b41c6b321bea16aff913b': 0, '8b6de3393be345fdb8dcf0959f42f457': 0}","{'total': 0, '7665f76f431b41c6b321bea16aff913b': 0, '8b6de3393be345fdb8dcf0959f42f457': 0}",,,,,,,0.0,,,,,,,,,,,,,,,,,,,,,,,,,,,,,,,,,,,,0.0,,,,,,,,
lowk3y_,hackingnoises,2,"{'total': 2, '7665f76f431b41c6b321bea16aff913b': 2, '7c92678742eb4e819f3122017697ae3d': 0}","{'total': 0, '7665f76f431b41c6b321bea16aff913b': 0, '7c92678742eb4e819f3122017697ae3d': 0}",,,,,,,48.0,,,,,,,,,,,,,,,-48.0,,,,,,,,,,,,,,,,,,,,,,,,,,,,,
lowk3y_,Oxidiot,2,"{'total': 0, '562a308be86c4ec09438387860e792cc': 0, '7665f76f431b41c6b321bea16aff913b': 0}","{'total': 0, '562a308be86c4ec09438387860e792cc': 0, '7665f76f431b41c6b321bea16aff913b': 0}",,,0.0,,,,0.0,,,,,,,,,,,,,,,,,,,,,,,,,,,,,,,,,,,,,,,,,,,,
lowk3y_,silverrruns,2,"{'total': 0, '7665f76f431b41c6b321bea16aff913b': 0, '17e787d1d6374f818b294f2319db370d': 0}","{'total': 0, '7665f76f431b41c6b321bea16aff913b': 0, '17e787d1d6374f818b294f2319db370d': 0}",0.0,,,,,,0.0,,,,,,,,,,,,,,,,,,,,,,,,,,,,,,,,,,,,,,,,,,,,
priffie,retropog,2,"{'total': 0, 'af22aaab9ee74596a3578bd6345d25b5': 0, '25349f93cf194f3baeee93d024eccc21': 0}","{'total': 0, 'af22aaab9ee74596a3578bd6345d25b5': 0, '25349f93cf194f3baeee93d024eccc21': 0}",,,,,0.0,,,,,,,,,,,,,,,,,,,,,,,,,,,,,,,,,,,,,0.0,,,,,,,,,
priffie,r7sD4fH6jK0wY5uB,2,"{'total': 0, 'af22aaab9ee74596a3578bd6345d25b5': 0, '8b6de3393be345fdb8dcf0959f42f457': 0}","{'total': 0, 'af22aaab9ee74596a3578bd6345d25b5': 0, '8b6de3393be345fdb8dcf0959f42f457': 0}",,,,,0.0,,,,,,,,,,,,,,,,,,,,,,,,,,,,,,,,,,,,,,0.0,,,,,,,,
priffie,hackingnoises,2,"{'total': 0, '7c92678742eb4e819f3122017697ae3d': 0, 'af22aaab9ee74596a3578bd6345d25b5': 0}","{'total': 0, '7c92678742eb4e819f3122017697ae3d': 0, 'af22aaab9ee74596a3578bd6345d25b5': 0}",,,,,0.0,,,,,,,,,,,,,,,,,0.0,,,,,,,,,,,,,,,,,,,,,,,,,,,,,
priffie,Oxidiot,2,"{'total': 0, '562a308be86c4ec09438387860e792cc': 0, 'af22aaab9ee74596a3578bd6345d25b5': 0}","{'total': 0, '562a308be86c4ec09438387860e792cc': 0, 'af22aaab9ee74596a3578bd6345d25b5': 0}",,,0.0,,0.0,,,,,,,,,,,,,,,,,,,,,,,,,,,,,,,,,,,,,,,,,,,,,,
priffie,silverrruns,2,"{'total': 0, 'af22aaab9ee74596a3578bd6345d25b5': 0, '17e787d1d6374f818b294f2319db370d': 0}","{'total': 0, 'af22aaab9ee74596a3578bd6345d25b5': 0, '17e787d1d6374f818b294f2319db370d': 0}",0.0,,,,0.0,,,,,,,,,,,,,,,,,,,,,,,,,,,,,,,,,,,,,,,,,,,,,,
retropog,r7sD4fH6jK0wY5uB,2,"{'total': 0, '8b6de3393be345fdb8dcf0959f42f457': 0, '25349f93cf194f3baeee93d024eccc21': 0}","{'total': 0, '8b6de3393be345fdb8dcf0959f42f457': 0, '25349f93cf194f3baeee93d024eccc21': 0}",,,,,,,,,,,,,,,,,,,,,,,,,,,,,,,,,,,,,,,,,,0.0,0.0,,,,,,,,
retropog,hackingnoises,2,"{'total': 14, '25349f93cf194f3baeee93d024eccc21': 5, '7c92678742eb4e819f3122017697ae3d': 9}","{'total': 0, '25349f93cf194f3baeee93d024eccc21': 0, '7c92678742eb4e819f3122017697ae3d': 0}",,,,,,,,,,,,,,,,,,,,,,36.0,,,,,,,,,,,,,,,,,,,,-36.0,,,,,,,,,
retropog,Oxidiot,2,"{'total': 3, '25349f93cf194f3baeee93d024eccc21': 2, '562a308be86c4ec09438387860e792cc': 1}","{'total': 0, '25349f93cf194f3baeee93d024eccc21': 0, '562a308be86c4ec09438387860e792cc': 0}",,,-23.0,,,,,,,,,,,,,,,,,,,,,,,,,,,,,,,,,,,,,,,23.0,,,,,,,,,
retropog,silverrruns,2,"{'total': 5, '17e787d1d6374f818b294f2319db370d': 2, '25349f93cf194f3baeee93d024eccc21': 3}","{'total': 0, '17e787d1d6374f818b294f2319db370d': 0, '25349f93cf194f3baeee93d024eccc21': 0}",-36.0,,,,,,,,,,,,,,,,,,,,,,,,,,,,,,,,,,,,,,,,,36.0,,,,,,,,,
r7sD4fH6jK0wY5uB,hackingnoises,2,"{'total': 0, '7c92678742eb4e819f3122017697ae3d': 0, '8b6de3393be345fdb8dcf0959f42f457': 0}","{'total': 0, '7c92678742eb4e819f3122017697ae3d': 0, '8b6de3393be345fdb8dcf0959f42f457': 0}",,,,,,,,,,,,,,,,,,,,,,0.0,,,,,,,,,,,,,,,,,,,,,0.0,,,,,,,,
r7sD4fH6jK0wY5uB,Oxidiot,2,"{'total': 0, '562a308be86c4ec09438387860e792cc': 0, '8b6de3393be345fdb8dcf0959f42f457': 0}","{'total': 0, '562a308be86c4ec09438387860e792cc': 0, '8b6de3393be345fdb8dcf0959f42f457': 0}",,,0.0,,,,,,,,,,,,,,,,,,,,,,,,,,,,,,,,,,,,,,,,0.0,,,,,,,,
r7sD4fH6jK0wY5uB,silverrruns,2,"{'total': 0, '8b6de3393be345fdb8dcf0959f42f457': 0, '17e787d1d6374f818b294f2319db370d': 0}","{'total': 0, '8b6de3393be345fdb8dcf0959f42f457': 0, '17e787d1d6374f818b294f2319db370d': 0}",0.0,,,,,,,,,,,,,,,,,,,,,,,,,,,,,,,,,,,,,,,,,,0.0,,,,,,,,
hackingnoises,Oxidiot,2,"{'total': 9, '562a308be86c4ec09438387860e792cc': 5, '7c92678742eb4e819f3122017697ae3d': 4}","{'total': 0, '562a308be86c4ec09438387860e792cc': 0, '7c92678742eb4e819f3122017697ae3d': 0}",,,70.0,,,,,,,,,,,,,,,,,,,-70.0,,,,,,,,,,,,,,,,,,,,,,,,,,,,,
hackingnoises,silverrruns,2,"{'total': 0, '7c92678742eb4e819f3122017697ae3d': 0, '17e787d1d6374f818b294f2319db370d': 0}","{'total': 0, '7c92678742eb4e819f3122017697ae3d': 0, '17e787d1d6374f818b294f2319db370d': 0}",0.0,,,,,,,,,,,,,,,,,,,,,0.0,,,,,,,,,,,,,,,,,,,,,,,,,,,,,
Oxidiot,silverrruns,2,"{'total': 0, '562a308be86c4ec09438387860e792cc': 0, '17e787d1d6374f818b294f2319db370d': 0}","{'total': 0, '562a308be86c4ec09438387860e792cc': 0, '17e787d1d6374f818b294f2319db370d': 0}",0.0,,0.0,,,,,,,,,,,,,,,,,,,,,,,,,,,,,,,,,,,,,,,,,,,,,,,,
7rowl,Aquacorde,2,"{'total': 1, '253b53d832ab4bafb5ee0308d5164ccf': 0, '70eb9286e3e24153a8b37c8f884f1292': 1}","{'total': 0, '253b53d832ab4bafb5ee0308d5164ccf': 0, '70eb9286e3e24153a8b37c8f884f1292': 0}",,,,,,,,19.0,,,,,,,,,,,,,,,,,,,,,,,,,,-19.0,,,,,,,,,,,,,,,,,
7rowl,BeefSalad,2,"{'total': 20, '3b01d4b4fef14f178b75f05c04dd34ef': 12, '70eb9286e3e24153a8b37c8f884f1292': 8}","{'total': 0, '3b01d4b4fef14f178b75f05c04dd34ef': 0, '70eb9286e3e24153a8b37c8f884f1292': 0}",,,,,,,,-22.0,,,,,,,,,,,,,,,,22.0,,,,,,,,,,,,,,,,,,,,,,,,,,,
7rowl,bing_pigs,2,"{'total': 15, '70eb9286e3e24153a8b37c8f884f1292': 4, '92b63a39b36a445fa94c77ae212dcea3': 11}","{'total': 0, '70eb9286e3e24153a8b37c8f884f1292': 0, '92b63a39b36a445fa94c77ae212dcea3': 0}",,,,,,,,-112.0,,,,,,,,,,,,112.0,,,,,,,,,,,,,,,,,,,,,,,,,,,,,,,
7rowl,DARVY__X1,2,"{'total': 7, '5a32f1e5609847c691c07730f973397c': 4, '70eb9286e3e24153a8b37c8f884f1292': 3}","{'total': 0, '5a32f1e5609847c691c07730f973397c': 0, '70eb9286e3e24153a8b37c8f884f1292': 0}",,,,,,,,-41.0,,,,,,,,,,,,,,,,,,,,,,,,,,,,,,,,,,,,41.0,,,,,,,
7rowl,doogile,2,"{'total': 3, '3c8757790ab0400b8b9e3936e0dd535b': 1, '70eb9286e3e24153a8b37c8f884f1292': 2}","{'total': 0, '3c8757790ab0400b8b9e3936e0dd535b': 0, '70eb9286e3e24153a8b37c8f884f1292': 0}",,,,,,,,32.0,-32.0,,,,,,,,,,,,,,,,,,,,,,,,,,,,,,,,,,,,,,,,,,
7rowl,edcr,2,"{'total': 6, '635f35ee69ed4f0c94ff26ece4818956': 4, '70eb9286e3e24153a8b37c8f884f1292': 2}","{'total': 0, '635f35ee69ed4f0c94ff26ece4818956': 0, '70eb9286e3e24153a8b37c8f884f1292': 0}",,,,,,,,2.0,,,,,,,,,,,,,,,,,,,,,,,,,,,,,,,,,,,,,-2.0,,,,,,
7rowl,Feinberg,2,"{'total': 13, '70eb9286e3e24153a8b37c8f884f1292': 4, '9a8e24df4c8549d696a6951da84fa5c4': 9}","{'total': 0, '70eb9286e3e24153a8b37c8f884f1292': 0, '9a8e24df4c8549d696a6951da84fa5c4': 0}",,,,,,,,-19.0,,,,,,,,,,,,,,,,,,,,,,,,,,,,,19.0,,,,,,,,,,,,,,
7rowl,Infume,2,"{'total': 14, '70eb9286e3e24153a8b37c8f884f1292': 2, 'a54e3bc4c6354b07a236b81efbcfe791': 12}","{'total': 0, '70eb9286e3e24153a8b37c8f884f1292': 0, 'a54e3bc4c6354b07a236b81efbcfe791': 0}",,,,,,,,-61.0,,,,,,,,,,,,,,,,,,,,,,,,,,,,,,,,,61.0,,,,,,,,,,
7rowl,lowk3y_,2,"{'total': 3, '70eb9286e3e24153a8b37c8f884f1292': 1, '7665f76f431b41c6b321bea16aff913b': 2}","{'total': 0, '70eb9286e3e24153a8b37c8f884f1292': 0, '7665f76f431b41c6b321bea16aff913b': 0}",,,,,,,15.0,-15.0,,,,,,,,,,,,,,,,,,,,,,,,,,,,,,,,,,,,,,,,,,,
7rowl,Ranik_,2,"{'total': 15, '5ee577fdc1af45d3a6fb3e086cc293fb': 2, '70eb9286e3e24153a8b37c8f884f1292': 13}","{'total': 0, '5ee577fdc1af45d3a6fb3e086cc293fb': 0, '70eb9286e3e24153a8b37c8f884f1292': 0}",,,,,,,,178.0,,,,-178.0,,,,,,,,,,,,,,,,,,,,,,,,,,,,,,,,,,,,,,,
7rowl,silverrruns,2,"{'total': 4, '17e787d1d6374f818b294f2319db370d': 1, '70eb9286e3e24153a8b37c8f884f1292': 3}","{'total': 0, '17e787d1d6374f818b294f2319db370d': 0, '70eb9286e3e24153a8b37c8f884f1292': 0}",-32.0,,,,,,,32.0,,,,,,,,,,,,,,,,,,,,,,,,,,,,,,,,,,,,,,,,,,,
7rowl,hackingnoises,2,"{'total': 10, '70eb9286e3e24153a8b37c8f884f1292': 4, '7c92678742eb4e819f3122017697ae3d': 5}","{'total': 0, '70eb9286e3e24153a8b37c8f884f1292': 0, '7c92678742eb4e819f3122017697ae3d': 0}",,,,,,,,-9.0,,,,,,,,,,,,,,9.0,,,,,,,,,,,,,,,,,,,,,,,,,,,,,
7rowl,KenanKardes,2,"{'total': 10, '0b164a03002048d3955715422179eedf': 4, '70eb9286e3e24153a8b37c8f884f1292': 6}","{'total': 0, '0b164a03002048d3955715422179eedf': 0, '70eb9286e3e24153a8b37c8f884f1292': 0}",,,,,,,,16.0,,,,,,,,,,,,,,,,,,,,,,,,,,,-16.0,,,,,,,,,,,,,,,,
7rowl,TUDORULE,2,"{'total': 5, '70eb9286e3e24153a8b37c8f884f1292': 2, '78a8ec9f99d34371b73decd2a78ff9b0': 3}","{'total': 0, '70eb9286e3e24153a8b37c8f884f1292': 0, '78a8ec9f99d34371b73decd2a78ff9b0': 0}",,,,,,,,-38.0,,,,,,,,,,,,,,,,,,,,,,,,,38.0,,,,,,,,,,,,,,,,,,
7rowl,v_strid,2,"{'total': 29, '388533d5a2ad4b349a31db4738670a4b': 11, '70eb9286e3e24153a8b37c8f884f1292': 17}","{'total': 0, '388533d5a2ad4b349a31db4738670a4b': 0, '70eb9286e3e24153a8b37c8f884f1292': 0}",,,,,,,,114.0,,,,,,,,,,,,,,,,,,,,-94.0,,,,,,,,,,,,,,,,,,,,,,,
Aquacorde,BeefSalad,2,"{'total': 8, '253b53d832ab4bafb5ee0308d5164ccf': 3, '3b01d4b4fef14f178b75f05c04dd34ef': 5}","{'total': 0, '253b53d832ab4bafb5ee0308d5164ccf': 0, '3b01d4b4fef14f178b75f05c04dd34ef': 0}",,,,,,,,,,,,,,,,,,,,,,,,32.0,,,,,,,,,,-32.0,,,,,,,,,,,,,,,,,
Aquacorde,bing_pigs,2,"{'total': 3, '253b53d832ab4bafb5ee0308d5164ccf': 1, '92b63a39b36a445fa94c77ae212dcea3': 2}","{'total': 0, '253b53d832ab4bafb5ee0308d5164ccf': 0, '92b63a39b36a445fa94c77ae212dcea3': 0}",,,,,,,,,,,,,,,,,,,,10.0,,,,,,,,,,,,,,-10.0,,,,,,,,,,,,,,,,,
Aquacorde,DARVY__X1,2,"{'total': 0, '253b53d832ab4bafb5ee0308d5164ccf': 0, '5a32f1e5609847c691c07730f973397c': 0}","{'total': 0, '253b53d832ab4bafb5ee0308d5164ccf': 0, '5a32f1e5609847c691c07730f973397c': 0}",,,,,,,,,,,,,,,,,,,,,,,,,,,,,,,,,,0.0,,,,,,,,,,0.0,,,,,,,
Aquacorde,doogile,2,"{'total': 17, '253b53d832ab4bafb5ee0308d5164ccf': 5, '3c8757790ab0400b8b9e3936e0dd535b': 12}","{'total': 0, '253b53d832ab4bafb5ee0308d5164ccf': 0, '3c8757790ab0400b8b9e3936e0dd535b': 0}",,,,,,,,,97.0,,,,,,,,,,,,,,,,,,,,,,,,,-97.0,,,,,,,,,,,,,,,,,
Aquacorde,edcr,2,"{'total': 1, '253b53d832ab4bafb5ee0308d5164ccf': 0, '635f35ee69ed4f0c94ff26ece4818956': 1}","{'total': 0, '253b53d832ab4bafb5ee0308d5164ccf': 0, '635f35ee69ed4f0c94ff26ece4818956': 0}",,,,,,,,,,,,,,,,,,,,,,,,,,,,,,,,,,-12.0,,,,,,,,,,,12.0,,,,,,
Aquacorde,Feinberg,2,"{'total': 22, '253b53d832ab4bafb5ee0308d5164ccf': 11, '9a8e24df4c8549d696a6951da84fa5c4': 10}","{'total': 0, '253b53d832ab4bafb5ee0308d5164ccf': 0, '9a8e24df4c8549d696a6951da84fa5c4': 0}",,,,,,,,,,,,,,,,,,,,,,,,,,,,,,,,,,104.0,,,-104.0,,,,,,,,,,,,,,
Aquacorde,Infume,2,"{'total': 25, '253b53d832ab4bafb5ee0308d5164ccf': 8, 'a54e3bc4c6354b07a236b81efbcfe791': 17}","{'total': 0, '253b53d832ab4bafb5ee0308d5164ccf': 0, 'a54e3bc4c6354b07a236b81efbcfe791': 0}",,,,,,,,,,,,,,,,,,,,,,,,,,,,,,,,,,-66.0,,,,,,,66.0,,,,,,,,,,
Aquacorde,lowk3y_,2,"{'total': 5, '253b53d832ab4bafb5ee0308d5164ccf': 3, '7665f76f431b41c6b321bea16aff913b': 2}","{'total': 0, '253b53d832ab4bafb5ee0308d5164ccf': 0, '7665f76f431b41c6b321bea16aff913b': 0}",,,,,,,19.0,,,,,,,,,,,,,,,,,,,,,,,,,,,1.0,,,,,,,,,,,,,,,,,
Aquacorde,Ranik_,2,"{'total': 4, '253b53d832ab4bafb5ee0308d5164ccf': 3, '5ee577fdc1af45d3a6fb3e086cc293fb': 1}","{'total': 0, '253b53d832ab4bafb5ee0308d5164ccf': 0, '5ee577fdc1af45d3a6fb3e086cc293fb': 0}",,,,,,,,,,,,-21.0,,,,,,,,,,,,,,,,,,,,,,21.0,,,,,,,,,,,,,,,,,
Aquacorde,silverrruns,2,"{'total': 11, '17e787d1d6374f818b294f2319db370d': 7, '253b53d832ab4bafb5ee0308d5164ccf': 4}","{'total': 0, '17e787d1d6374f818b294f2319db370d': 0, '253b53d832ab4bafb5ee0308d5164ccf': 0}",122.0,,,,,,,,,,,,,,,,,,,,,,,,,,,,,,,,,-101.0,,,,,,,,,,,,,,,,,
Aquacorde,hackingnoises,2,"{'total': 0, '253b53d832ab4bafb5ee0308d5164ccf': 0, '7c92678742eb4e819f3122017697ae3d': 0}","{'total': 0, '253b53d832ab4bafb5ee0308d5164ccf': 0, '7c92678742eb4e819f3122017697ae3d': 0}",,,,,,,,,,,,,,,,,,,,,,0.0,,,,,,,,,,,,0.0,,,,,,,,,,,,,,,,,
Aquacorde,KenanKardes,2,"{'total': 2, '0b164a03002048d3955715422179eedf': 2, '253b53d832ab4bafb5ee0308d5164ccf': 0}","{'total': 0, '0b164a03002048d3955715422179eedf': 0, '253b53d832ab4bafb5ee0308d5164ccf': 0}",,,,,,,,,,,,,,,,,,,,,,,,,,,,,,,,,,-46.0,46.0,,,,,,,,,,,,,,,,
Aquacorde,TUDORULE,2,"{'total': 0, '253b53d832ab4bafb5ee0308d5164ccf': 0, '78a8ec9f99d34371b73decd2a78ff9b0': 0}","{'total': 0, '253b53d832ab4bafb5ee0308d5164ccf': 0, '78a8ec9f99d34371b73decd2a78ff9b0': 0}",,,,,,,,,,,,,,,,,,,,,,,,,,,,,,,,,0.0,0.0,,,,,,,,,,,,,,,,,
Aquacorde,v_strid,2,"{'total': 17, '253b53d832ab4bafb5ee0308d5164ccf': 12, '388533d5a2ad4b349a31db4738670a4b': 5}","{'total': 0, '253b53d832ab4bafb5ee0308d5164ccf': 0, '388533d5a2ad4b349a31db4738670a4b': 0}",,,,,,,,,,,,,,,,,,,,,,,,,,,,-107.0,,,,,,107.0,,,,,,,,,,,,,,,,,
BeefSalad,bing_pigs,2,"{'total': 48, '3b01d4b4fef14f178b75f05c04dd34ef': 18, '92b63a39b36a445fa94c77ae212dcea3': 29}","{'total': 0, '3b01d4b4fef14f178b75f05c04dd34ef': 0, '92b63a39b36a445fa94c77ae212dcea3': 0}",,,,,,,,,,,,,,,,,,,,143.0,,,,-143.0,,,,,,,,,,,,,,,,,,,,,,,,,,,
BeefSalad,DARVY__X1,2,"{'total': 7, '3b01d4b4fef14f178b75f05c04dd34ef': 6, '5a32f1e5609847c691c07730f973397c': 0}","{'total': 0, '3b01d4b4fef14f178b75f05c04dd34ef': 0, '5a32f1e5609847c691c07730f973397c': 0}",,,,,,,,,,,,,,,,,,,,,,,,85.0,,,,,,,,,,,,,,,,,,,,-85.0,,,,,,,
BeefSalad,doogile,2,"{'total': 12, '3b01d4b4fef14f178b75f05c04dd34ef': 3, '3c8757790ab0400b8b9e3936e0dd535b': 9}","{'total': 0, '3b01d4b4fef14f178b75f05c04dd34ef': 0, '3c8757790ab0400b8b9e3936e0dd535b': 0}",,,,,,,,,110.0,,,,,,,,,,,,,,,-110.0,,,,,,,,,,,,,,,,,,,,,,,,,,,
BeefSalad,edcr,2,"{'total': 21, '3b01d4b4fef14f178b75f05c04dd34ef': 6, '635f35ee69ed4f0c94ff26ece4818956': 15}","{'total': 0, '3b01d4b4fef14f178b75f05c04dd34ef': 0, '635f35ee69ed4f0c94ff26ece4818956': 0}",,,,,,,,,,,,,,,,,,,,,,,,-75.0,,,,,,,,,,,,,,,,,,,,,75.0,,,,,,
BeefSalad,Feinberg,2,"{'total': 37, '3b01d4b4fef14f178b75f05c04dd34ef': 22, '9a8e24df4c8549d696a6951da84fa5c4': 13}","{'total': 0, '3b01d4b4fef14f178b75f05c04dd34ef': 0, '9a8e24df4c8549d696a6951da84fa5c4': 0}",,,,,,,,,,,,,,,,,,,,,,,,235.0,,,,,,,,,,,,,-235.0,,,,,,,,,,,,,,
BeefSalad,Infume,2,"{'total': 12, '3b01d4b4fef14f178b75f05c04dd34ef': 2, 'a54e3bc4c6354b07a236b81efbcfe791': 10}","{'total': 0, '3b01d4b4fef14f178b75f05c04dd34ef': 0, 'a54e3bc4c6354b07a236b81efbcfe791': 0}",,,,,,,,,,,,,,,,,,,,,,,,-81.0,,,,,,,,,,,,,,,,,81.0,,,,,,,,,,
BeefSalad,lowk3y_,2,"{'total': 13, '3b01d4b4fef14f178b75f05c04dd34ef': 6, '7665f76f431b41c6b321bea16aff913b': 6}","{'total': 0, '3b01d4b4fef14f178b75f05c04dd34ef': 0, '7665f76f431b41c6b321bea16aff913b': 0}",,,,,,,12.0,,,,,,,,,,,,,,,,,-12.0,,,,,,,,,,,,,,,,,,,,,,,,,,,
BeefSalad,Ranik_,2,"{'total': 10, '3b01d4b4fef14f178b75f05c04dd34ef': 4, '5ee577fdc1af45d3a6fb3e086cc293fb': 6}","{'total': 0, '3b01d4b4fef14f178b75f05c04dd34ef': 0, '5ee577fdc1af45d3a6fb3e086cc293fb': 0}",,,,,,,,,,,,94.0,,,,,,,,,,,,-94.0,,,,,,,,,,,,,,,,,,,,,,,,,,,
BeefSalad,silverrruns,2,"{'total': 5, '17e787d1d6374f818b294f2319db370d': 4, '3b01d4b4fef14f178b75f05c04dd34ef': 1}","{'total': 0, '17e787d1d6374f818b294f2319db370d': 0, '3b01d4b4fef14f178b75f05c04dd34ef': 0}",77.0,,,,,,,,,,,,,,,,,,,,,,,-77.0,,,,,,,,,,,,,,,,,,,,,,,,,,,
BeefSalad,hackingnoises,2,"{'total': 13, '3b01d4b4fef14f178b75f05c04dd34ef': 9, '7c92678742eb4e819f3122017697ae3d': 4}","{'total': 0, '3b01d4b4fef14f178b75f05c04dd34ef': 0, '7c92678742eb4e819f3122017697ae3d': 0}",,,,,,,,,,,,,,,,,,,,,,-118.0,,118.0,,,,,,,,,,,,,,,,,,,,,,,,,,,
BeefSalad,KenanKardes,2,"{'total': 21, '0b164a03002048d3955715422179eedf': 10, '3b01d4b4fef14f178b75f05c04dd34ef': 10}","{'total': 0, '0b164a03002048d3955715422179eedf': 0, '3b01d4b4fef14f178b75f05c04dd34ef': 0}",,,,,,,,,,,,,,,,,,,,,,,,-49.0,,,,,,,,,,,69.0,,,,,,,,,,,,,,,,
BeefSalad,TUDORULE,2,"{'total': 6, '3b01d4b4fef14f178b75f05c04dd34ef': 3, '78a8ec9f99d34371b73decd2a78ff9b0': 3}","{'total': 0, '3b01d4b4fef14f178b75f05c04dd34ef': 0, '78a8ec9f99d34371b73decd2a78ff9b0': 0}",,,,,,,,,,,,,,,,,,,,,,,,5.0,,,,,,,,,-5.0,,,,,,,,,,,,,,,,,,
BeefSalad,v_strid,2,"{'total': 64, '388533d5a2ad4b349a31db4738670a4b': 22, '3b01d4b4fef14f178b75f05c04dd34ef': 42}","{'total': 0, '388533d5a2ad4b349a31db4738670a4b': 0, '3b01d4b4fef14f178b75f05c04dd34ef': 0}",,,,,,,,,,,,,,,,,,,,,,,,227.0,,,,-227.0,,,,,,,,,,,,,,,,,,,,,,,
bing_pigs,DARVY__X1,2,"{'total': 17, '5a32f1e5609847c691c07730f973397c': 7, '92b63a39b36a445fa94c77ae212dcea3': 10}","{'total': 0, '5a32f1e5609847c691c07730f973397c': 0, '92b63a39b36a445fa94c77ae212dcea3': 0}",,,,,,,,,,,,,,,,,,,,-48.0,,,,,,,,,,,,,,,,,,,,,,,,48.0,,,,,,,
bing_pigs,doogile,2,"{'total': 5, '3c8757790ab0400b8b9e3936e0dd535b': 3, '92b63a39b36a445fa94c77ae212dcea3': 2}","{'total': 0, '3c8757790ab0400b8b9e3936e0dd535b': 0, '92b63a39b36a445fa94c77ae212dcea3': 0}",,,,,,,,,4.0,,,,,,,,,,,-4.0,,,,,,,,,,,,,,,,,,,,,,,,,,,,,,,
bing_pigs,edcr,2,"{'total': 18, '635f35ee69ed4f0c94ff26ece4818956': 11, '92b63a39b36a445fa94c77ae212dcea3': 7}","{'total': 0, '635f35ee69ed4f0c94ff26ece4818956': 0, '92b63a39b36a445fa94c77ae212dcea3': 0}",,,,,,,,,,,,,,,,,,,,-9.0,,,,,,,,,,,,,,,,,,,,,,,,,26.0,,,,,,
bing_pigs,Feinberg,2,"{'total': 8, '92b63a39b36a445fa94c77ae212dcea3': 5, '9a8e24df4c8549d696a6951da84fa5c4': 3}","{'total': 0, '92b63a39b36a445fa94c77ae212dcea3': 0, '9a8e24df4c8549d696a6951da84fa5c4': 0}",,,,,,,,,,,,,,,,,,,,24.0,,,,,,,,,,,,,,,,,-24.0,,,,,,,,,,,,,,
bing_pigs,Infume,2,"{'total': 9, '92b63a39b36a445fa94c77ae212dcea3': 2, 'a54e3bc4c6354b07a236b81efbcfe791': 7}","{'total': 0, '92b63a39b36a445fa94c77ae212dcea3': 0, 'a54e3bc4c6354b07a236b81efbcfe791': 0}",,,,,,,,,,,,,,,,,,,,-59.0,,,,,,,,,,,,,,,,,,,,,59.0,,,,,,,,,,
bing_pigs,lowk3y_,2,"{'total': 11, '7665f76f431b41c6b321bea16aff913b': 7, '92b63a39b36a445fa94c77ae212dcea3': 4}","{'total': 0, '7665f76f431b41c6b321bea16aff913b': 0, '92b63a39b36a445fa94c77ae212dcea3': 0}",,,,,,,121.0,,,,,,,,,,,,,-121.0,,,,,,,,,,,,,,,,,,,,,,,,,,,,,,,
bing_pigs,Ranik_,2,"{'total': 11, '5ee577fdc1af45d3a6fb3e086cc293fb': 4, '92b63a39b36a445fa94c77ae212dcea3': 7}","{'total': 0, '5ee577fdc1af45d3a6fb3e086cc293fb': 0, '92b63a39b36a445fa94c77ae212dcea3': 0}",,,,,,,,,,,,2.0,,,,,,,,-2.0,,,,,,,,,,,,,,,,,,,,,,,,,,,,,,,
bing_pigs,silverrruns,2,"{'total': 10, '17e787d1d6374f818b294f2319db370d': 4, '92b63a39b36a445fa94c77ae212dcea3': 6}","{'total': 0, '17e787d1d6374f818b294f2319db370d': 0, '92b63a39b36a445fa94c77ae212dcea3': 0}",-21.0,,,,,,,,,,,,,,,,,,,21.0,,,,,,,,,,,,,,,,,,,,,,,,,,,,,,,
bing_pigs,hackingnoises,2,"{'total': 26, '7c92678742eb4e819f3122017697ae3d': 18, '92b63a39b36a445fa94c77ae212dcea3': 8}","{'total': 0, '7c92678742eb4e819f3122017697ae3d': 0, '92b63a39b36a445fa94c77ae212dcea3': 0}",,,,,,,,,,,,,,,,,,,,-216.0,,216.0,,,,,,,,,,,,,,,,,,,,,,,,,,,,,
bing_pigs,KenanKardes,2,"{'total': 24, '0b164a03002048d3955715422179eedf': 10, '92b63a39b36a445fa94c77ae212dcea3': 14}","{'total': 0, '0b164a03002048d3955715422179eedf': 0, '92b63a39b36a445fa94c77ae212dcea3': 0}",,,,,,,,,,,,,,,,,,,,-41.0,,,,,,,,,,,,,,,41.0,,,,,,,,,,,,,,,,
bing_pigs,TUDORULE,2,"{'total': 22, '78a8ec9f99d34371b73decd2a78ff9b0': 9, '92b63a39b36a445fa94c77ae212dcea3': 13}","{'total': 0, '78a8ec9f99d34371b73decd2a78ff9b0': 0, '92b63a39b36a445fa94c77ae212dcea3': 0}",,,,,,,,,,,,,,,,,,,,3.0,,,,,,,,,,,,,-3.0,,,,,,,,,,,,,,,,,,
bing_pigs,v_strid,2,"{'total': 21, '388533d5a2ad4b349a31db4738670a4b': 9, '92b63a39b36a445fa94c77ae212dcea3': 12}","{'total': 0, '388533d5a2ad4b349a31db4738670a4b': 0, '92b63a39b36a445fa94c77ae212dcea3': 0}",,,,,,,,,,,,,,,,,,,,-11.0,,,,,,,,11.0,,,,,,,,,,,,,,,,,,,,,,,
DARVY__X1,doogile,2,"{'total': 0, '5a32f1e5609847c691c07730f973397c': 0, '3c8757790ab0400b8b9e3936e0dd535b': 0}","{'total': 0, '5a32f1e5609847c691c07730f973397c': 0, '3c8757790ab0400b8b9e3936e0dd535b': 0}",,,,,,,,,0.0,,,,,,,,,,,,,,,,,,,,,,,,,,,,,,,,,,,0.0,,,,,,,
DARVY__X1,edcr,2,"{'total': 4, '5a32f1e5609847c691c07730f973397c': 0, '635f35ee69ed4f0c94ff26ece4818956': 4}","{'total': 0, '5a32f1e5609847c691c07730f973397c': 0, '635f35ee69ed4f0c94ff26ece4818956': 0}",,,,,,,,,,,,,,,,,,,,,,,,,,,,,,,,,,,,,,,,,,,,-43.0,43.0,,,,,,
DARVY__X1,Feinberg,2,"{'total': 4, '5a32f1e5609847c691c07730f973397c': 3, '9a8e24df4c8549d696a6951da84fa5c4': 1}","{'total': 0, '5a32f1e5609847c691c07730f973397c': 0, '9a8e24df4c8549d696a6951da84fa5c4': 0}",,,,,,,,,,,,,,,,,,,,,,,,,,,,,,,,,,,,,-61.0,,,,,,,61.0,,,,,,,
DARVY__X1,Infume,2,"{'total': 0, '5a32f1e5609847c691c07730f973397c': 0, 'a54e3bc4c6354b07a236b81efbcfe791': 0}","{'total': 0, '5a32f1e5609847c691c07730f973397c': 0, 'a54e3bc4c6354b07a236b81efbcfe791': 0}",,,,,,,,,,,,,,,,,,,,,,,,,,,,,,,,,,,,,,,,,0.0,,,0.0,,,,,,,
DARVY__X1,lowk3y_,2,"{'total': 6, '5a32f1e5609847c691c07730f973397c': 2, '7665f76f431b41c6b321bea16aff913b': 4}","{'total': 0, '5a32f1e5609847c691c07730f973397c': 0, '7665f76f431b41c6b321bea16aff913b': 0}",,,,,,,13.0,,,,,,,,,,,,,,,,,,,,,,,,,,,,,,,,,,,,,-13.0,,,,,,,
DARVY__X1,Ranik_,2,"{'total': 6, '5a32f1e5609847c691c07730f973397c': 3, '5ee577fdc1af45d3a6fb3e086cc293fb': 3}","{'total': 0, '5a32f1e5609847c691c07730f973397c': 0, '5ee577fdc1af45d3a6fb3e086cc293fb': 0}",,,,,,,,,,,,2.0,,,,,,,,,,,,,,,,,,,,,,,,,,,,,,,,-2.0,,,,,,,
DARVY__X1,silverrruns,2,"{'total': 0, '5a32f1e5609847c691c07730f973397c': 0, '17e787d1d6374f818b294f2319db370d': 0}","{'total': 0, '5a32f1e5609847c691c07730f973397c': 0, '17e787d1d6374f818b294f2319db370d': 0}",0.0,,,,,,,,,,,,,,,,,,,,,,,,,,,,,,,,,,,,,,,,,,,0.0,,,,,,,
DARVY__X1,hackingnoises,2,"{'total': 3, '5a32f1e5609847c691c07730f973397c': 0, '7c92678742eb4e819f3122017697ae3d': 3}","{'total': 0, '5a32f1e5609847c691c07730f973397c': 0, '7c92678742eb4e819f3122017697ae3d': 0}",,,,,,,,,,,,,,,,,,,,,,58.0,,,,,,,,,,,,,,,,,,,,,,-58.0,,,,,,,
DARVY__X1,KenanKardes,2,"{'total': 6, '0b164a03002048d3955715422179eedf': 2, '5a32f1e5609847c691c07730f973397c': 3}","{'total': 0, '0b164a03002048d3955715422179eedf': 0, '5a32f1e5609847c691c07730f973397c': 0}",,,,,,,,,,,,,,,,,,,,,,,,,,,,,,,,,,,-20.0,,,,,,,,,20.0,,,,,,,
DARVY__X1,TUDORULE,2,"{'total': 1, '5a32f1e5609847c691c07730f973397c': 0, '78a8ec9f99d34371b73decd2a78ff9b0': 1}","{'total': 0, '5a32f1e5609847c691c07730f973397c': 0, '78a8ec9f99d34371b73decd2a78ff9b0': 0}",,,,,,,,,,,,,,,,,,,,,,,,,,,,,,,,,21.0,,,,,,,,,,,-21.0,,,,,,,
DARVY__X1,v_strid,2,"{'total': 15, '388533d5a2ad4b349a31db4738670a4b': 8, '5a32f1e5609847c691c07730f973397c': 7}","{'total': 0, '388533d5a2ad4b349a31db4738670a4b': 0, '5a32f1e5609847c691c07730f973397c': 0}",,,,,,,,,,,,,,,,,,,,,,,,,,,,-6.0,,,,,,,,,,,,,,,,6.0,,,,,,,
doogile,edcr,2,"{'total': 7, '3c8757790ab0400b8b9e3936e0dd535b': 2, '635f35ee69ed4f0c94ff26ece4818956': 5}","{'total': 0, '3c8757790ab0400b8b9e3936e0dd535b': 0, '635f35ee69ed4f0c94ff26ece4818956': 0}",,,,,,,,,-58.0,,,,,,,,,,,,,,,,,,,,,,,,,,,,,,,,,,,,58.0,,,,,,
doogile,Feinberg,2,"{'total': 30, '3c8757790ab0400b8b9e3936e0dd535b': 17, '9a8e24df4c8549d696a6951da84fa5c4': 13}","{'total': 0, '3c8757790ab0400b8b9e3936e0dd535b': 0, '9a8e24df4c8549d696a6951da84fa5c4': 0}",,,,,,,,,24.0,,,,,,,,,,,,,,,,,,,,,,,,,,,,-24.0,,,,,,,,,,,,,,
doogile,Infume,2,"{'total': 18, '3c8757790ab0400b8b9e3936e0dd535b': 9, 'a54e3bc4c6354b07a236b81efbcfe791': 9}","{'total': 0, '3c8757790ab0400b8b9e3936e0dd535b': 0, 'a54e3bc4c6354b07a236b81efbcfe791': 0}",,,,,,,,,50.0,,,,,,,,,,,,,,,,,,,,,,,,,,,,,,,,-50.0,,,,,,,,,,
doogile,lowk3y_,2,"{'total': 0, '3c8757790ab0400b8b9e3936e0dd535b': 0, '7665f76f431b41c6b321bea16aff913b': 0}","{'total': 0, '3c8757790ab0400b8b9e3936e0dd535b': 0, '7665f76f431b41c6b321bea16aff913b': 0}",,,,,,,0.0,,0.0,,,,,,,,,,,,,,,,,,,,,,,,,,,,,,,,,,,,,,,,,,
doogile,Ranik_,2,"{'total': 4, '3c8757790ab0400b8b9e3936e0dd535b': 2, '5ee577fdc1af45d3a6fb3e086cc293fb': 1}","{'total': 0, '3c8757790ab0400b8b9e3936e0dd535b': 0, '5ee577fdc1af45d3a6fb3e086cc293fb': 0}",,,,,,,,,-9.0,,,9.0,,,,,,,,,,,,,,,,,,,,,,,,,,,,,,,,,,,,,,,
doogile,silverrruns,2,"{'total': 15, '17e787d1d6374f818b294f2319db370d': 5, '3c8757790ab0400b8b9e3936e0dd535b': 9}","{'total': 0, '17e787d1d6374f818b294f2319db370d': 0, '3c8757790ab0400b8b9e3936e0dd535b': 0}",-35.0,,,,,,,,35.0,,,,,,,,,,,,,,,,,,,,,,,,,,,,,,,,,,,,,,,,,,
doogile,hackingnoises,2,"{'total': 0, '3c8757790ab0400b8b9e3936e0dd535b': 0, '7c92678742eb4e819f3122017697ae3d': 0}","{'total': 0, '3c8757790ab0400b8b9e3936e0dd535b': 0, '7c92678742eb4e819f3122017697ae3d': 0}",,,,,,,,,0.0,,,,,,,,,,,,,0.0,,,,,,,,,,,,,,,,,,,,,,,,,,,,,
doogile,KenanKardes,2,"{'total': 3, '0b164a03002048d3955715422179eedf': 1, '3c8757790ab0400b8b9e3936e0dd535b': 2}","{'total': 0, '0b164a03002048d3955715422179eedf': 0, '3c8757790ab0400b8b9e3936e0dd535b': 0}",,,,,,,,,-2.0,,,,,,,,,,,,,,,,,,,,,,,,,,2.0,,,,,,,,,,,,,,,,
doogile,TUDORULE,2,"{'total': 3, '3c8757790ab0400b8b9e3936e0dd535b': 1, '78a8ec9f99d34371b73decd2a78ff9b0': 2}","{'total': 0, '3c8757790ab0400b8b9e3936e0dd535b': 0, '78a8ec9f99d34371b73decd2a78ff9b0': 0}",,,,,,,,,-39.0,,,,,,,,,,,,,,,,,,,,,,,,39.0,,,,,,,,,,,,,,,,,,
doogile,v_strid,2,"{'total': 17, '388533d5a2ad4b349a31db4738670a4b': 1, '3c8757790ab0400b8b9e3936e0dd535b': 16}","{'total': 0, '388533d5a2ad4b349a31db4738670a4b': 0, '3c8757790ab0400b8b9e3936e0dd535b': 0}",,,,,,,,,200.0,,,,,,,,,,,,,,,,,,,-200.0,,,,,,,,,,,,,,,,,,,,,,,
edcr,Feinberg,2,"{'total': 3, '635f35ee69ed4f0c94ff26ece4818956': 3, '9a8e24df4c8549d696a6951da84fa5c4': 0}","{'total': 0, '635f35ee69ed4f0c94ff26ece4818956': 0, '9a8e24df4c8549d696a6951da84fa5c4': 0}",,,,,,,,,,,,,,,,,,,,,,,,,,,,,,,,,,,,,-46.0,,,,,,,,46.0,,,,,,
edcr,Infume,2,"{'total': 2, '635f35ee69ed4f0c94ff26ece4818956': 2, 'a54e3bc4c6354b07a236b81efbcfe791': 0}","{'total': 0, '635f35ee69ed4f0c94ff26ece4818956': 0, 'a54e3bc4c6354b07a236b81efbcfe791': 0}",,,,,,,,,,,,,,,,,,,,,,,,,,,,,,,,,,,,,,,,,-44.0,,,,44.0,,,,,,
edcr,lowk3y_,2,"{'total': 6, '635f35ee69ed4f0c94ff26ece4818956': 4, '7665f76f431b41c6b321bea16aff913b': 2}","{'total': 0, '635f35ee69ed4f0c94ff26ece4818956': 0, '7665f76f431b41c6b321bea16aff913b': 0}",,,,,,,-26.0,,,,,,,,,,,,,,,,,,,,,,,,,,,,,,,,,,,,,,26.0,,,,,,
edcr,Ranik_,2,"{'total': 3, '5ee577fdc1af45d3a6fb3e086cc293fb': 0, '635f35ee69ed4f0c94ff26ece4818956': 3}","{'total': 0, '5ee577fdc1af45d3a6fb3e086cc293fb': 0, '635f35ee69ed4f0c94ff26ece4818956': 0}",,,,,,,,,,,,-47.0,,,,,,,,,,,,,,,,,,,,,,,,,,,,,,,,,47.0,,,,,,
edcr,silverrruns,2,"{'total': 0, '635f35ee69ed4f0c94ff26ece4818956': 0, '17e787d1d6374f818b294f2319db370d': 0}","{'total': 0, '635f35ee69ed4f0c94ff26ece4818956': 0, '17e787d1d6374f818b294f2319db370d': 0}",0.0,,,,,,,,,,,,,,,,,,,,,,,,,,,,,,,,,,,,,,,,,,,,0.0,,,,,,
edcr,hackingnoises,2,"{'total': 5, '635f35ee69ed4f0c94ff26ece4818956': 3, '7c92678742eb4e819f3122017697ae3d': 2}","{'total': 0, '635f35ee69ed4f0c94ff26ece4818956': 0, '7c92678742eb4e819f3122017697ae3d': 0}",,,,,,,,,,,,,,,,,,,,,,-4.0,,,,,,,,,,,,,,,,,,,,,,,4.0,,,,,,
edcr,KenanKardes,2,"{'total': 18, '0b164a03002048d3955715422179eedf': 6, '635f35ee69ed4f0c94ff26ece4818956': 12}","{'total': 0, '0b164a03002048d3955715422179eedf': 0, '635f35ee69ed4f0c94ff26ece4818956': 0}",,,,,,,,,,,,,,,,,,,,,,,,,,,,,,,,,,,46.0,,,,,,,,,,-46.0,,,,,,
edcr,TUDORULE,2,"{'total': 4, '635f35ee69ed4f0c94ff26ece4818956': 3, '78a8ec9f99d34371b73decd2a78ff9b0': 1}","{'total': 0, '635f35ee69ed4f0c94ff26ece4818956': 0, '78a8ec9f99d34371b73decd2a78ff9b0': 0}",,,,,,,,,,,,,,,,,,,,,,,,,,,,,,,,,-16.0,,,,,,,,,,,,16.0,,,,,,
edcr,v_strid,2,"{'total': 18, '388533d5a2ad4b349a31db4738670a4b': 4, '635f35ee69ed4f0c94ff26ece4818956': 14}","{'total': 0, '388533d5a2ad4b349a31db4738670a4b': 0, '635f35ee69ed4f0c94ff26ece4818956': 0}",,,,,,,,,,,,,,,,,,,,,,,,,,,,-55.0,,,,,,,,,,,,,,,,,55.0,,,,,,
Feinberg,Infume,2,"{'total': 59, '9a8e24df4c8549d696a6951da84fa5c4': 27, 'a54e3bc4c6354b07a236b81efbcfe791': 31}","{'total': 0, '9a8e24df4c8549d696a6951da84fa5c4': 0, 'a54e3bc4c6354b07a236b81efbcfe791': 0}",,,,,,,,,,,,,,,,,,,,,,,,,,,,,,,,,,,,,147.0,,,,-147.0,,,,,,,,,,
Feinberg,lowk3y_,2,"{'total': 2, '7665f76f431b41c6b321bea16aff913b': 0, '9a8e24df4c8549d696a6951da84fa5c4': 2}","{'total': 0, '7665f76f431b41c6b321bea16aff913b': 0, '9a8e24df4c8549d696a6951da84fa5c4': 0}",,,,,,,-24.0,,,,,,,,,,,,,,,,,,,,,,,,,,,,,,24.0,,,,,,,,,,,,,,
Feinberg,Ranik_,2,"{'total': 8, '5ee577fdc1af45d3a6fb3e086cc293fb': 3, '9a8e24df4c8549d696a6951da84fa5c4': 5}","{'total': 0, '5ee577fdc1af45d3a6fb3e086cc293fb': 0, '9a8e24df4c8549d696a6951da84fa5c4': 0}",,,,,,,,,,,,-21.0,,,,,,,,,,,,,,,,,,,,,,,,,21.0,,,,,,,,,,,,,,
Feinberg,silverrruns,2,"{'total': 9, '17e787d1d6374f818b294f2319db370d': 4, '9a8e24df4c8549d696a6951da84fa5c4': 5}","{'total': 0, '17e787d1d6374f818b294f2319db370d': 0, '9a8e24df4c8549d696a6951da84fa5c4': 0}",11.0,,,,,,,,,,,,,,,,,,,,,,,,,,,,,,,,,,,,-11.0,,,,,,,,,,,,,,
Feinberg,hackingnoises,2,"{'total': 2, '7c92678742eb4e819f3122017697ae3d': 1, '9a8e24df4c8549d696a6951da84fa5c4': 1}","{'total': 0, '7c92678742eb4e819f3122017697ae3d': 0, '9a8e24df4c8549d696a6951da84fa5c4': 0}",,,,,,,,,,,,,,,,,,,,,,6.0,,,,,,,,,,,,,,,-6.0,,,,,,,,,,,,,,
Feinberg,KenanKardes,2,"{'total': 12, '0b164a03002048d3955715422179eedf': 5, '9a8e24df4c8549d696a6951da84fa5c4': 7}","{'total': 0, '0b164a03002048d3955715422179eedf': 0, '9a8e24df4c8549d696a6951da84fa5c4': 0}",,,,,,,,,,,,,,,,,,,,,,,,,,,,,,,,,,,35.0,,-35.0,,,,,,,,,,,,,,
Feinberg,TUDORULE,2,"{'total': 0, '9a8e24df4c8549d696a6951da84fa5c4': 0, '78a8ec9f99d34371b73decd2a78ff9b0': 0}","{'total': 0, '9a8e24df4c8549d696a6951da84fa5c4': 0, '78a8ec9f99d34371b73decd2a78ff9b0': 0}",,,,,,,,,,,,,,,,,,,,,,,,,,,,,,,,,0.0,,,,0.0,,,,,,,,,,,,,,
Feinberg,v_strid,2,"{'total': 66, '388533d5a2ad4b349a31db4738670a4b': 25, '9a8e24df4c8549d696a6951da84fa5c4': 41}","{'total': 0, '388533d5a2ad4b349a31db4738670a4b': 0, '9a8e24df4c8549d696a6951da84fa5c4': 0}",,,,,,,,,,,,,,,,,,,,,,,,,,,,-59.0,,,,,,,,,59.0,,,,,,,,,,,,,,
Infume,lowk3y_,2,"{'total': 9, '7665f76f431b41c6b321bea16aff913b': 4, 'a54e3bc4c6354b07a236b81efbcfe791': 5}","{'total': 0, '7665f76f431b41c6b321bea16aff913b': 0, 'a54e3bc4c6354b07a236b81efbcfe791': 0}",,,,,,,21.0,,,,,,,,,,,,,,,,,,,,,,,,,,,,,,,,,,-21.0,,,,,,,,,,
Infume,Ranik_,2,"{'total': 10, '5ee577fdc1af45d3a6fb3e086cc293fb': 2, 'a54e3bc4c6354b07a236b81efbcfe791': 8}","{'total': 0, '5ee577fdc1af45d3a6fb3e086cc293fb': 0, 'a54e3bc4c6354b07a236b81efbcfe791': 0}",,,,,,,,,,,,-17.0,,,,,,,,,,,,,,,,,,,,,,,,,,,,,17.0,,,,,,,,,,
Infume,silverrruns,2,"{'total': 18, '17e787d1d6374f818b294f2319db370d': 9, 'a54e3bc4c6354b07a236b81efbcfe791': 9}","{'total': 0, '17e787d1d6374f818b294f2319db370d': 0, 'a54e3bc4c6354b07a236b81efbcfe791': 0}",109.0,,,,,,,,,,,,,,,,,,,,,,,,,,,,,,,,,,,,,,,,-109.0,,,,,,,,,,
Infume,hackingnoises,2,"{'total': 0, 'a54e3bc4c6354b07a236b81efbcfe791': 0, '7c92678742eb4e819f3122017697ae3d': 0}","{'total': 0, 'a54e3bc4c6354b07a236b81efbcfe791': 0, '7c92678742eb4e819f3122017697ae3d': 0}",,,,,,,,,,,,,,,,,,,,,,0.0,,,,,,,,,,,,,,,,,,,0.0,,,,,,,,,,
Infume,KenanKardes,2,"{'total': 4, '0b164a03002048d3955715422179eedf': 1, 'a54e3bc4c6354b07a236b81efbcfe791': 3}","{'total': 0, '0b164a03002048d3955715422179eedf': 0, 'a54e3bc4c6354b07a236b81efbcfe791': 0}",,,,,,,,,,,,,,,,,,,,,,,,,,,,,,,,,,,7.0,,,,,,-7.0,,,,,,,,,,
Infume,TUDORULE,2,"{'total': 0, 'a54e3bc4c6354b07a236b81efbcfe791': 0, '78a8ec9f99d34371b73decd2a78ff9b0': 0}","{'total': 0, 'a54e3bc4c6354b07a236b81efbcfe791': 0, '78a8ec9f99d34371b73decd2a78ff9b0': 0}",,,,,,,,,,,,,,,,,,,,,,,,,,,,,,,,,0.0,,,,,,,,0.0,,,,,,,,,,
Infume,v_strid,2,"{'total': 24, '388533d5a2ad4b349a31db4738670a4b': 9, 'a54e3bc4c6354b07a236b81efbcfe791': 15}","{'total': 0, '388533d5a2ad4b349a31db4738670a4b': 0, 'a54e3bc4c6354b07a236b81efbcfe791': 0}",,,,,,,,,,,,,,,,,,,,,,,,,,,,81.0,,,,,,,,,,,,,-81.0,,,,,,,,,,
lowk3y_,Ranik_,2,"{'total': 0, '5ee577fdc1af45d3a6fb3e086cc293fb': 0, '7665f76f431b41c6b321bea16aff913b': 0}","{'total': 0, '5ee577fdc1af45d3a6fb3e086cc293fb': 0, '7665f76f431b41c6b321bea16aff913b': 0}",,,,,,,0.0,,,,,0.0,,,,,,,,,,,,,,,,,,,,,,,,,,,,,,,,,,,,,,,
lowk3y_,silverrruns,2,"{'total': 0, '7665f76f431b41c6b321bea16aff913b': 0, '17e787d1d6374f818b294f2319db370d': 0}","{'total': 0, '7665f76f431b41c6b321bea16aff913b': 0, '17e787d1d6374f818b294f2319db370d': 0}",0.0,,,,,,0.0,,,,,,,,,,,,,,,,,,,,,,,,,,,,,,,,,,,,,,,,,,,,
lowk3y_,hackingnoises,2,"{'total': 2, '7665f76f431b41c6b321bea16aff913b': 2, '7c92678742eb4e819f3122017697ae3d': 0}","{'total': 0, '7665f76f431b41c6b321bea16aff913b': 0, '7c92678742eb4e819f3122017697ae3d': 0}",,,,,,,48.0,,,,,,,,,,,,,,,-48.0,,,,,,,,,,,,,,,,,,,,,,,,,,,,,
lowk3y_,KenanKardes,2,"{'total': 3, '0b164a03002048d3955715422179eedf': 3, '7665f76f431b41c6b321bea16aff913b': 0}","{'total': 0, '0b164a03002048d3955715422179eedf': 0, '7665f76f431b41c6b321bea16aff913b': 0}",,,,,,,-75.0,,,,,,,,,,,,,,,,,,,,,,,,,,,,75.0,,,,,,,,,,,,,,,,
lowk3y_,TUDORULE,2,"{'total': 2, '7665f76f431b41c6b321bea16aff913b': 1, '78a8ec9f99d34371b73decd2a78ff9b0': 1}","{'total': 0, '7665f76f431b41c6b321bea16aff913b': 0, '78a8ec9f99d34371b73decd2a78ff9b0': 0}",,,,,,,4.0,,,,,,,,,,,,,,,,,,,,,,,,,,-4.0,,,,,,,,,,,,,,,,,,
lowk3y_,v_strid,2,"{'total': 7, '388533d5a2ad4b349a31db4738670a4b': 1, '7665f76f431b41c6b321bea16aff913b': 6}","{'total': 0, '388533d5a2ad4b349a31db4738670a4b': 0, '7665f76f431b41c6b321bea16aff913b': 0}",,,,,,,50.0,,,,,,,,,,,,,,,,,,,,,-50.0,,,,,,,,,,,,,,,,,,,,,,,
Ranik_,silverrruns,2,"{'total': 6, '17e787d1d6374f818b294f2319db370d': 3, '5ee577fdc1af45d3a6fb3e086cc293fb': 3}","{'total': 0, '17e787d1d6374f818b294f2319db370d': 0, '5ee577fdc1af45d3a6fb3e086cc293fb': 0}",0.0,,,,,,,,,,,0.0,,,,,,,,,,,,,,,,,,,,,,,,,,,,,,,,,,,,,,,
Ranik_,hackingnoises,2,"{'total': 4, '5ee577fdc1af45d3a6fb3e086cc293fb': 1, '7c92678742eb4e819f3122017697ae3d': 3}","{'total': 0, '5ee577fdc1af45d3a6fb3e086cc293fb': 0, '7c92678742eb4e819f3122017697ae3d': 0}",,,,,,,,,,,,-6.0,,,,,,,,,,6.0,,,,,,,,,,,,,,,,,,,,,,,,,,,,,
Ranik_,KenanKardes,2,"{'total': 9, '0b164a03002048d3955715422179eedf': 6, '5ee577fdc1af45d3a6fb3e086cc293fb': 3}","{'total': 0, '0b164a03002048d3955715422179eedf': 0, '5ee577fdc1af45d3a6fb3e086cc293fb': 0}",,,,,,,,,,,,-8.0,,,,,,,,,,,,,,,,,,,,,,,24.0,,,,,,,,,,,,,,,,
Ranik_,TUDORULE,2,"{'total': 2, '5ee577fdc1af45d3a6fb3e086cc293fb': 1, '78a8ec9f99d34371b73decd2a78ff9b0': 1}","{'total': 0, '5ee577fdc1af45d3a6fb3e086cc293fb': 0, '78a8ec9f99d34371b73decd2a78ff9b0': 0}",,,,,,,,,,,,10.0,,,,,,,,,,,,,,,,,,,,,-10.0,,,,,,,,,,,,,,,,,,
Ranik_,v_strid,2,"{'total': 12, '388533d5a2ad4b349a31db4738670a4b': 10, '5ee577fdc1af45d3a6fb3e086cc293fb': 2}","{'total': 0, '388533d5a2ad4b349a31db4738670a4b': 0, '5ee577fdc1af45d3a6fb3e086cc293fb': 0}",,,,,,,,,,,,-145.0,,,,,,,,,,,,,,,,145.0,,,,,,,,,,,,,,,,,,,,,,,
silverrruns,hackingnoises,2,"{'total': 0, '7c92678742eb4e819f3122017697ae3d': 0, '17e787d1d6374f818b294f2319db370d': 0}","{'total': 0, '7c92678742eb4e819f3122017697ae3d': 0, '17e787d1d6374f818b294f2319db370d': 0}",0.0,,,,,,,,,,,,,,,,,,,,,0.0,,,,,,,,,,,,,,,,,,,,,,,,,,,,,
silverrruns,KenanKardes,2,"{'total': 1, '0b164a03002048d3955715422179eedf': 1, '17e787d1d6374f818b294f2319db370d': 0}","{'total': 0, '0b164a03002048d3955715422179eedf': 0, '17e787d1d6374f818b294f2319db370d': 0}",-20.0,,,,,,,,,,,,,,,,,,,,,,,,,,,,,,,,,,20.0,,,,,,,,,,,,,,,,
silverrruns,TUDORULE,2,"{'total': 1, '17e787d1d6374f818b294f2319db370d': 0, '78a8ec9f99d34371b73decd2a78ff9b0': 1}","{'total': 0, '17e787d1d6374f818b294f2319db370d': 0, '78a8ec9f99d34371b73decd2a78ff9b0': 0}",-11.0,,,,,,,,,,,,,,,,,,,,,,,,,,,,,,,,11.0,,,,,,,,,,,,,,,,,,
silverrruns,v_strid,2,"{'total': 11, '17e787d1d6374f818b294f2319db370d': 5, '388533d5a2ad4b349a31db4738670a4b': 6}","{'total': 0, '17e787d1d6374f818b294f2319db370d': 0, '388533d5a2ad4b349a31db4738670a4b': 0}",9.0,,,,,,,,,,,,,,,,,,,,,,,,,,,-9.0,,,,,,,,,,,,,,,,,,,,,,,
hackingnoises,KenanKardes,2,"{'total': 5, '0b164a03002048d3955715422179eedf': 1, '7c92678742eb4e819f3122017697ae3d': 4}","{'total': 0, '0b164a03002048d3955715422179eedf': 0, '7c92678742eb4e819f3122017697ae3d': 0}",,,,,,,,,,,,,,,,,,,,,,68.0,,,,,,,,,,,,,-68.0,,,,,,,,,,,,,,,,
hackingnoises,TUDORULE,2,"{'total': 5, '78a8ec9f99d34371b73decd2a78ff9b0': 3, '7c92678742eb4e819f3122017697ae3d': 2}","{'total': 0, '78a8ec9f99d34371b73decd2a78ff9b0': 0, '7c92678742eb4e819f3122017697ae3d': 0}",,,,,,,,,,,,,,,,,,,,,,-35.0,,,,,,,,,,,35.0,,,,,,,,,,,,,,,,,,
hackingnoises,v_strid,2,"{'total': 2, '388533d5a2ad4b349a31db4738670a4b': 0, '7c92678742eb4e819f3122017697ae3d': 2}","{'total': 0, '388533d5a2ad4b349a31db4738670a4b': 0, '7c92678742eb4e819f3122017697ae3d': 0}",,,,,,,,,,,,,,,,,,,,,,17.0,,,,,,-17.0,,,,,,,,,,,,,,,,,,,,,,,
KenanKardes,TUDORULE,2,"{'total': 7, '0b164a03002048d3955715422179eedf': 3, '78a8ec9f99d34371b73decd2a78ff9b0': 4}","{'total': 0, '0b164a03002048d3955715422179eedf': 0, '78a8ec9f99d34371b73decd2a78ff9b0': 0}",,,,,,,,,,,,,,,,,,,,,,,,,,,,,,,,,-10.0,,10.0,,,,,,,,,,,,,,,,
KenanKardes,v_strid,2,"{'total': 25, '0b164a03002048d3955715422179eedf': 8, '388533d5a2ad4b349a31db4738670a4b': 17}","{'total': 0, '0b164a03002048d3955715422179eedf': 0, '388533d5a2ad4b349a31db4738670a4b': 0}",,,,,,,,,,,,,,,,,,,,,,,,,,,,181.0,,,,,,,-161.0,,,,,,,,,,,,,,,,
TUDORULE,v_strid,2,"{'total': 8, '388533d5a2ad4b349a31db4738670a4b': 4, '78a8ec9f99d34371b73decd2a78ff9b0': 4}","{'total': 0, '388533d5a2ad4b349a31db4738670a4b': 0, '78a8ec9f99d34371b73decd2a78ff9b0': 0}",,,,,,,,,,,,,,,,,,,,,,,,,,,,10.0,,,,,-10.0,,,,,,,,,,,,,,,,,,
Feinberg,Infume,2,"{'total': 59, '9a8e24df4c8549d696a6951da84fa5c4': 27, 'a54e3bc4c6354b07a236b81efbcfe791': 31}","{'total': 0, '9a8e24df4c8549d696a6951da84fa5c4': 0, 'a54e3bc4c6354b07a236b81efbcfe791': 0}",,,,,,,,,,,,,,,,,,,,,,,,,,,,,,,,,,,,,147.0,,,,-147.0,,,,,,,,,,
Feinberg,edcr,2,"{'total': 3, '635f35ee69ed4f0c94ff26ece4818956': 3, '9a8e24df4c8549d696a6951da84fa5c4': 0}","{'total': 0, '635f35ee69ed4f0c94ff26ece4818956': 0, '9a8e24df4c8549d696a6951da84fa5c4': 0}",,,,,,,,,,,,,,,,,,,,,,,,,,,,,,,,,,,,,-46.0,,,,,,,,46.0,,,,,,
Feinberg,steez,2,"{'total': 28, '9a8e24df4c8549d696a6951da84fa5c4': 16, 'a5d83ff042164ff1b862dedc118c1dae': 11}","{'total': 0, '9a8e24df4c8549d696a6951da84fa5c4': 0, 'a5d83ff042164ff1b862dedc118c1dae': 0}",,,,,,,,,,,,,,,,,,,,,,,,,,,,,,,,,,,,,16.0,,,,,,,,,-16.0,,,,,
Feinberg,hackingnoises,2,"{'total': 2, '7c92678742eb4e819f3122017697ae3d': 1, '9a8e24df4c8549d696a6951da84fa5c4': 1}","{'total': 0, '7c92678742eb4e819f3122017697ae3d': 0, '9a8e24df4c8549d696a6951da84fa5c4': 0}",,,,,,,,,,,,,,,,,,,,,,6.0,,,,,,,,,,,,,,,-6.0,,,,,,,,,,,,,,
Feinberg,Aquacorde,2,"{'total': 22, '253b53d832ab4bafb5ee0308d5164ccf': 11, '9a8e24df4c8549d696a6951da84fa5c4': 10}","{'total': 0, '253b53d832ab4bafb5ee0308d5164ccf': 0, '9a8e24df4c8549d696a6951da84fa5c4': 0}",,,,,,,,,,,,,,,,,,,,,,,,,,,,,,,,,,104.0,,,-104.0,,,,,,,,,,,,,,
Feinberg,nhb_,2,"{'total': 25, '2fe70934e7be458dba747c4ac830391c': 11, '9a8e24df4c8549d696a6951da84fa5c4': 14}","{'total': 0, '2fe70934e7be458dba747c4ac830391c': 0, '9a8e24df4c8549d696a6951da84fa5c4': 0}",,,,,,,,,,,,,,,,,,,,,,,,,,,,,,,,,,,,,-39.0,,,,,,,,,,39.0,,,,
Feinberg,silverrruns,2,"{'total': 9, '17e787d1d6374f818b294f2319db370d': 4, '9a8e24df4c8549d696a6951da84fa5c4': 5}","{'total': 0, '17e787d1d6374f818b294f2319db370d': 0, '9a8e24df4c8549d696a6951da84fa5c4': 0}",11.0,,,,,,,,,,,,,,,,,,,,,,,,,,,,,,,,,,,,-11.0,,,,,,,,,,,,,,
Feinberg,Pinne,2,"{'total': 0, '9a8e24df4c8549d696a6951da84fa5c4': 0, 'aa5a894a4d5340f49683fdfd1ea9c523': 0}","{'total': 0, '9a8e24df4c8549d696a6951da84fa5c4': 0, 'aa5a894a4d5340f49683fdfd1ea9c523': 0}",,,,,,,,,,,,,,,,,,,,,,,,,,,,,,,,,,,,,0.0,,,,,,,,,,,0.0,,,
Feinberg,BeefSalad,2,"{'total': 37, '3b01d4b4fef14f178b75f05c04dd34ef': 22, '9a8e24df4c8549d696a6951da84fa5c4': 13}","{'total': 0, '3b01d4b4fef14f178b75f05c04dd34ef': 0, '9a8e24df4c8549d696a6951da84fa5c4': 0}",,,,,,,,,,,,,,,,,,,,,,,,235.0,,,,,,,,,,,,,-235.0,,,,,,,,,,,,,,
Feinberg,nahhann,2,"{'total': 36, '2ef2bfed3d084649b56290328970ace9': 13, '9a8e24df4c8549d696a6951da84fa5c4': 22}","{'total': 0, '2ef2bfed3d084649b56290328970ace9': 0, '9a8e24df4c8549d696a6951da84fa5c4': 0}",,,,,,,,,,,,,,,,,,,,,,,,,,,,,,,,,,,,,89.0,,,,,,,,,,,,-89.0,,
Feinberg,lowk3y_,2,"{'total': 2, '7665f76f431b41c6b321bea16aff913b': 0, '9a8e24df4c8549d696a6951da84fa5c4': 2}","{'total': 0, '7665f76f431b41c6b321bea16aff913b': 0, '9a8e24df4c8549d696a6951da84fa5c4': 0}",,,,,,,-24.0,,,,,,,,,,,,,,,,,,,,,,,,,,,,,,24.0,,,,,,,,,,,,,,
Feinberg,doogile,2,"{'total': 30, '3c8757790ab0400b8b9e3936e0dd535b': 17, '9a8e24df4c8549d696a6951da84fa5c4': 13}","{'total': 0, '3c8757790ab0400b8b9e3936e0dd535b': 0, '9a8e24df4c8549d696a6951da84fa5c4': 0}",,,,,,,,,24.0,,,,,,,,,,,,,,,,,,,,,,,,,,,,-24.0,,,,,,,,,,,,,,
Feinberg,HDMICables,2,"{'total': 7, '0c3cc22849a343b0964a89ac842fa3ca': 4, '9a8e24df4c8549d696a6951da84fa5c4': 3}","{'total': 0, '0c3cc22849a343b0964a89ac842fa3ca': 0, '9a8e24df4c8549d696a6951da84fa5c4': 0}",,,,,,,,,,,,,,,,,,,,,,,,,,,,,,,,,,,,,-69.0,,,,,,,,,,,,,69.0,
Feinberg,bing_pigs,2,"{'total': 8, '92b63a39b36a445fa94c77ae212dcea3': 5, '9a8e24df4c8549d696a6951da84fa5c4': 3}","{'total': 0, '92b63a39b36a445fa94c77ae212dcea3': 0, '9a8e24df4c8549d696a6951da84fa5c4': 0}",,,,,,,,,,,,,,,,,,,,24.0,,,,,,,,,,,,,,,,,-24.0,,,,,,,,,,,,,,
Feinberg,BlazeMind,2,"{'total': 2, '9a8e24df4c8549d696a6951da84fa5c4': 2, 'ac601ce7376f49cea7ce14cd577dac85': 0}","{'total': 0, '9a8e24df4c8549d696a6951da84fa5c4': 0, 'ac601ce7376f49cea7ce14cd577dac85': 0}",,,,,,,,,,,,,,,,,,,,,,,,,,,,,,,,,,,,,41.0,,,,,,,,,,,,,,-41.0
Infume,edcr,2,"{'total': 2, '635f35ee69ed4f0c94ff26ece4818956': 2, 'a54e3bc4c6354b07a236b81efbcfe791': 0}","{'total': 0, '635f35ee69ed4f0c94ff26ece4818956': 0, 'a54e3bc4c6354b07a236b81efbcfe791': 0}",,,,,,,,,,,,,,,,,,,,,,,,,,,,,,,,,,,,,,,,,-44.0,,,,44.0,,,,,,
Infume,steez,2,"{'total': 8, 'a54e3bc4c6354b07a236b81efbcfe791': 7, 'a5d83ff042164ff1b862dedc118c1dae': 0}","{'total': 0, 'a54e3bc4c6354b07a236b81efbcfe791': 0, 'a5d83ff042164ff1b862dedc118c1dae': 0}",,,,,,,,,,,,,,,,,,,,,,,,,,,,,,,,,,,,,,,,,77.0,,,,,-77.0,,,,,
Infume,hackingnoises,2,"{'total': 0, 'a54e3bc4c6354b07a236b81efbcfe791': 0, '7c92678742eb4e819f3122017697ae3d': 0}","{'total': 0, 'a54e3bc4c6354b07a236b81efbcfe791': 0, '7c92678742eb4e819f3122017697ae3d': 0}",,,,,,,,,,,,,,,,,,,,,,0.0,,,,,,,,,,,,,,,,,,,0.0,,,,,,,,,,
Infume,Aquacorde,2,"{'total': 25, '253b53d832ab4bafb5ee0308d5164ccf': 8, 'a54e3bc4c6354b07a236b81efbcfe791': 17}","{'total': 0, '253b53d832ab4bafb5ee0308d5164ccf': 0, 'a54e3bc4c6354b07a236b81efbcfe791': 0}",,,,,,,,,,,,,,,,,,,,,,,,,,,,,,,,,,-66.0,,,,,,,66.0,,,,,,,,,,
Infume,nhb_,2,"{'total': 28, '2fe70934e7be458dba747c4ac830391c': 6, 'a54e3bc4c6354b07a236b81efbcfe791': 21}","{'total': 0, '2fe70934e7be458dba747c4ac830391c': 0, 'a54e3bc4c6354b07a236b81efbcfe791': 0}",,,,,,,,,,,,,,,,,,,,,,,,,,,,,,,,,,,,,,,,,63.0,,,,,,-63.0,,,,
Infume,silverrruns,2,"{'total': 18, '17e787d1d6374f818b294f2319db370d': 9, 'a54e3bc4c6354b07a236b81efbcfe791': 9}","{'total': 0, '17e787d1d6374f818b294f2319db370d': 0, 'a54e3bc4c6354b07a236b81efbcfe791': 0}",109.0,,,,,,,,,,,,,,,,,,,,,,,,,,,,,,,,,,,,,,,,-109.0,,,,,,,,,,
Infume,Pinne,2,"{'total': 0, 'a54e3bc4c6354b07a236b81efbcfe791': 0, 'aa5a894a4d5340f49683fdfd1ea9c523': 0}","{'total': 0, 'a54e3bc4c6354b07a236b81efbcfe791': 0, 'aa5a894a4d5340f49683fdfd1ea9c523': 0}",,,,,,,,,,,,,,,,,,,,,,,,,,,,,,,,,,,,,,,,,0.0,,,,,,,0.0,,,
Infume,BeefSalad,2,"{'total': 12, '3b01d4b4fef14f178b75f05c04dd34ef': 2, 'a54e3bc4c6354b07a236b81efbcfe791': 10}","{'total': 0, '3b01d4b4fef14f178b75f05c04dd34ef': 0, 'a54e3bc4c6354b07a236b81efbcfe791': 0}",,,,,,,,,,,,,,,,,,,,,,,,-81.0,,,,,,,,,,,,,,,,,81.0,,,,,,,,,,
Infume,nahhann,2,"{'total': 56, '2ef2bfed3d084649b56290328970ace9': 20, 'a54e3bc4c6354b07a236b81efbcfe791': 36}","{'total': 0, '2ef2bfed3d084649b56290328970ace9': 0, 'a54e3bc4c6354b07a236b81efbcfe791': 0}",,,,,,,,,,,,,,,,,,,,,,,,,,,,,,,,,,,,,,,,,-47.0,,,,,,,,47.0,,
Infume,lowk3y_,2,"{'total': 9, '7665f76f431b41c6b321bea16aff913b': 4, 'a54e3bc4c6354b07a236b81efbcfe791': 5}","{'total': 0, '7665f76f431b41c6b321bea16aff913b': 0, 'a54e3bc4c6354b07a236b81efbcfe791': 0}",,,,,,,21.0,,,,,,,,,,,,,,,,,,,,,,,,,,,,,,,,,,-21.0,,,,,,,,,,
Infume,doogile,2,"{'total': 18, '3c8757790ab0400b8b9e3936e0dd535b': 9, 'a54e3bc4c6354b07a236b81efbcfe791': 9}","{'total': 0, '3c8757790ab0400b8b9e3936e0dd535b': 0, 'a54e3bc4c6354b07a236b81efbcfe791': 0}",,,,,,,,,50.0,,,,,,,,,,,,,,,,,,,,,,,,,,,,,,,,-50.0,,,,,,,,,,
Infume,HDMICables,2,"{'total': 0, '0c3cc22849a343b0964a89ac842fa3ca': 0, 'a54e3bc4c6354b07a236b81efbcfe791': 0}","{'total': 0, '0c3cc22849a343b0964a89ac842fa3ca': 0, 'a54e3bc4c6354b07a236b81efbcfe791': 0}",,,,,,,,,,,,,,,,,,,,,,,,,,,,,,,,,,,,,,,,,0.0,,,,,,,,,0.0,
Infume,bing_pigs,2,"{'total': 9, '92b63a39b36a445fa94c77ae212dcea3': 2, 'a54e3bc4c6354b07a236b81efbcfe791': 7}","{'total': 0, '92b63a39b36a445fa94c77ae212dcea3': 0, 'a54e3bc4c6354b07a236b81efbcfe791': 0}",,,,,,,,,,,,,,,,,,,,-59.0,,,,,,,,,,,,,,,,,,,,,59.0,,,,,,,,,,
Infume,BlazeMind,2,"{'total': 21, 'a54e3bc4c6354b07a236b81efbcfe791': 12, 'ac601ce7376f49cea7ce14cd577dac85': 9}","{'total': 0, 'a54e3bc4c6354b07a236b81efbcfe791': 0, 'ac601ce7376f49cea7ce14cd577dac85': 0}",,,,,,,,,,,,,,,,,,,,,,,,,,,,,,,,,,,,,,,,,-87.0,,,,,,,,,,87.0
edcr,steez,2,"{'total': 13, '635f35ee69ed4f0c94ff26ece4818956': 5, 'a5d83ff042164ff1b862dedc118c1dae': 7}","{'total': 0, '635f35ee69ed4f0c94ff26ece4818956': 0, 'a5d83ff042164ff1b862dedc118c1dae': 0}",,,,,,,,,,,,,,,,,,,,,,,,,,,,,,,,,,,,,,,,,,,,,-108.0,108.0,,,,,
edcr,hackingnoises,2,"{'total': 5, '635f35ee69ed4f0c94ff26ece4818956': 3, '7c92678742eb4e819f3122017697ae3d': 2}","{'total': 0, '635f35ee69ed4f0c94ff26ece4818956': 0, '7c92678742eb4e819f3122017697ae3d': 0}",,,,,,,,,,,,,,,,,,,,,,-4.0,,,,,,,,,,,,,,,,,,,,,,,4.0,,,,,,
edcr,Aquacorde,2,"{'total': 1, '253b53d832ab4bafb5ee0308d5164ccf': 0, '635f35ee69ed4f0c94ff26ece4818956': 1}","{'total': 0, '253b53d832ab4bafb5ee0308d5164ccf': 0, '635f35ee69ed4f0c94ff26ece4818956': 0}",,,,,,,,,,,,,,,,,,,,,,,,,,,,,,,,,,-12.0,,,,,,,,,,,12.0,,,,,,
edcr,nhb_,2,"{'total': 5, '2fe70934e7be458dba747c4ac830391c': 2, '635f35ee69ed4f0c94ff26ece4818956': 3}","{'total': 0, '2fe70934e7be458dba747c4ac830391c': 0, '635f35ee69ed4f0c94ff26ece4818956': 0}",,,,,,,,,,,,,,,,,,,,,,,,,,,,,,,,,,,,,,,,,,,,,-30.0,,30.0,,,,
edcr,silverrruns,2,"{'total': 0, '635f35ee69ed4f0c94ff26ece4818956': 0, '17e787d1d6374f818b294f2319db370d': 0}","{'total': 0, '635f35ee69ed4f0c94ff26ece4818956': 0, '17e787d1d6374f818b294f2319db370d': 0}",0.0,,,,,,,,,,,,,,,,,,,,,,,,,,,,,,,,,,,,,,,,,,,,0.0,,,,,,
edcr,Pinne,2,"{'total': 2, '635f35ee69ed4f0c94ff26ece4818956': 2, 'aa5a894a4d5340f49683fdfd1ea9c523': 0}","{'total': 0, '635f35ee69ed4f0c94ff26ece4818956': 0, 'aa5a894a4d5340f49683fdfd1ea9c523': 0}",,,,,,,,,,,,,,,,,,,,,,,,,,,,,,,,,,,,,,,,,,,,,23.0,,,-23.0,,,
edcr,BeefSalad,2,"{'total': 21, '3b01d4b4fef14f178b75f05c04dd34ef': 6, '635f35ee69ed4f0c94ff26ece4818956': 15}","{'total': 0, '3b01d4b4fef14f178b75f05c04dd34ef': 0, '635f35ee69ed4f0c94ff26ece4818956': 0}",,,,,,,,,,,,,,,,,,,,,,,,-75.0,,,,,,,,,,,,,,,,,,,,,75.0,,,,,,
edcr,nahhann,2,"{'total': 3, '2ef2bfed3d084649b56290328970ace9': 2, '635f35ee69ed4f0c94ff26ece4818956': 1}","{'total': 0, '2ef2bfed3d084649b56290328970ace9': 0, '635f35ee69ed4f0c94ff26ece4818956': 0}",,,,,,,,,,,,,,,,,,,,,,,,,,,,,,,,,,,,,,,,,,,,,-39.0,,,,39.0,,
edcr,lowk3y_,2,"{'total': 6, '635f35ee69ed4f0c94ff26ece4818956': 4, '7665f76f431b41c6b321bea16aff913b': 2}","{'total': 0, '635f35ee69ed4f0c94ff26ece4818956': 0, '7665f76f431b41c6b321bea16aff913b': 0}",,,,,,,-26.0,,,,,,,,,,,,,,,,,,,,,,,,,,,,,,,,,,,,,,26.0,,,,,,
edcr,doogile,2,"{'total': 7, '3c8757790ab0400b8b9e3936e0dd535b': 2, '635f35ee69ed4f0c94ff26ece4818956': 5}","{'total': 0, '3c8757790ab0400b8b9e3936e0dd535b': 0, '635f35ee69ed4f0c94ff26ece4818956': 0}",,,,,,,,,-58.0,,,,,,,,,,,,,,,,,,,,,,,,,,,,,,,,,,,,58.0,,,,,,
edcr,HDMICables,2,"{'total': 1, '0c3cc22849a343b0964a89ac842fa3ca': 0, '635f35ee69ed4f0c94ff26ece4818956': 1}","{'total': 0, '0c3cc22849a343b0964a89ac842fa3ca': 0, '635f35ee69ed4f0c94ff26ece4818956': 0}",,,,,,,,,,,,,,,,,,,,,,,,,,,,,,,,,,,,,,,,,,,,,16.0,,,,,-16.0,
edcr,bing_pigs,2,"{'total': 18, '635f35ee69ed4f0c94ff26ece4818956': 11, '92b63a39b36a445fa94c77ae212dcea3': 7}","{'total': 0, '635f35ee69ed4f0c94ff26ece4818956': 0, '92b63a39b36a445fa94c77ae212dcea3': 0}",,,,,,,,,,,,,,,,,,,,-9.0,,,,,,,,,,,,,,,,,,,,,,,,,26.0,,,,,,
edcr,BlazeMind,2,"{'total': 10, '635f35ee69ed4f0c94ff26ece4818956': 8, 'ac601ce7376f49cea7ce14cd577dac85': 2}","{'total': 0, '635f35ee69ed4f0c94ff26ece4818956': 0, 'ac601ce7376f49cea7ce14cd577dac85': 0}",,,,,,,,,,,,,,,,,,,,,,,,,,,,,,,,,,,,,,,,,,,,,59.0,,,,,,-59.0
steez,hackingnoises,2,"{'total': 17, '7c92678742eb4e819f3122017697ae3d': 9, 'a5d83ff042164ff1b862dedc118c1dae': 7}","{'total': 0, '7c92678742eb4e819f3122017697ae3d': 0, 'a5d83ff042164ff1b862dedc118c1dae': 0}",,,,,,,,,,,,,,,,,,,,,,-5.0,,,,,,,,,,,,,,,,,,,,,,,,5.0,,,,,
steez,Aquacorde,2,"{'total': 4, '253b53d832ab4bafb5ee0308d5164ccf': 2, 'a5d83ff042164ff1b862dedc118c1dae': 2}","{'total': 0, '253b53d832ab4bafb5ee0308d5164ccf': 0, 'a5d83ff042164ff1b862dedc118c1dae': 0}",,,,,,,,,,,,,,,,,,,,,,,,,,,,,,,,,,-1.0,,,,,,,,,,,,1.0,,,,,
steez,nhb_,2,"{'total': 8, '2fe70934e7be458dba747c4ac830391c': 2, 'a5d83ff042164ff1b862dedc118c1dae': 6}","{'total': 0, '2fe70934e7be458dba747c4ac830391c': 0, 'a5d83ff042164ff1b862dedc118c1dae': 0}",,,,,,,,,,,,,,,,,,,,,,,,,,,,,,,,,,,,,,,,,,,,,,69.0,-69.0,,,,
steez,silverrruns,2,"{'total': 2, '17e787d1d6374f818b294f2319db370d': 2, 'a5d83ff042164ff1b862dedc118c1dae': 0}","{'total': 0, '17e787d1d6374f818b294f2319db370d': 0, 'a5d83ff042164ff1b862dedc118c1dae': 0}",34.0,,,,,,,,,,,,,,,,,,,,,,,,,,,,,,,,,,,,,,,,,,,,,-34.0,,,,,
steez,Pinne,2,"{'total': 0, 'aa5a894a4d5340f49683fdfd1ea9c523': 0, 'a5d83ff042164ff1b862dedc118c1dae': 0}","{'total': 0, 'aa5a894a4d5340f49683fdfd1ea9c523': 0, 'a5d83ff042164ff1b862dedc118c1dae': 0}",,,,,,,,,,,,,,,,,,,,,,,,,,,,,,,,,,,,,,,,,,,,,,0.0,,0.0,,,
steez,BeefSalad,2,"{'total': 34, '3b01d4b4fef14f178b75f05c04dd34ef': 22, 'a5d83ff042164ff1b862dedc118c1dae': 10}","{'total': 0, '3b01d4b4fef14f178b75f05c04dd34ef': 0, 'a5d83ff042164ff1b862dedc118c1dae': 0}",,,,,,,,,,,,,,,,,,,,,,,,178.0,,,,,,,,,,,,,,,,,,,,,,-178.0,,,,,
steez,nahhann,2,"{'total': 6, '2ef2bfed3d084649b56290328970ace9': 2, 'a5d83ff042164ff1b862dedc118c1dae': 3}","{'total': 0, '2ef2bfed3d084649b56290328970ace9': 0, 'a5d83ff042164ff1b862dedc118c1dae': 0}",,,,,,,,,,,,,,,,,,,,,,,,,,,,,,,,,,,,,,,,,,,,,,30.0,,,-30.0,,
steez,lowk3y_,2,"{'total': 3, '7665f76f431b41c6b321bea16aff913b': 1, 'a5d83ff042164ff1b862dedc118c1dae': 2}","{'total': 0, '7665f76f431b41c6b321bea16aff913b': 0, 'a5d83ff042164ff1b862dedc118c1dae': 0}",,,,,,,-15.0,,,,,,,,,,,,,,,,,,,,,,,,,,,,,,,,,,,,,,,15.0,,,,,
steez,doogile,2,"{'total': 1, '3c8757790ab0400b8b9e3936e0dd535b': 1, 'a5d83ff042164ff1b862dedc118c1dae': 0}","{'total': 0, '3c8757790ab0400b8b9e3936e0dd535b': 0, 'a5d83ff042164ff1b862dedc118c1dae': 0}",,,,,,,,,14.0,,,,,,,,,,,,,,,,,,,,,,,,,,,,,,,,,,,,,-14.0,,,,,
steez,HDMICables,2,"{'total': 11, '0c3cc22849a343b0964a89ac842fa3ca': 4, 'a5d83ff042164ff1b862dedc118c1dae': 7}","{'total': 0, '0c3cc22849a343b0964a89ac842fa3ca': 0, 'a5d83ff042164ff1b862dedc118c1dae': 0}",,,,,,,,,,,,,,,,,,,,,,,,,,,,,,,,,,,,,,,,,,,,,,46.0,,,,-46.0,
steez,bing_pigs,2,"{'total': 22, '92b63a39b36a445fa94c77ae212dcea3': 9, 'a5d83ff042164ff1b862dedc118c1dae': 13}","{'total': 0, '92b63a39b36a445fa94c77ae212dcea3': 0, 'a5d83ff042164ff1b862dedc118c1dae': 0}",,,,,,,,,,,,,,,,,,,,-122.0,,,,,,,,,,,,,,,,,,,,,,,,,,122.0,,,,,
steez,BlazeMind,2,"{'total': 0, 'ac601ce7376f49cea7ce14cd577dac85': 0, 'a5d83ff042164ff1b862dedc118c1dae': 0}","{'total': 0, 'ac601ce7376f49cea7ce14cd577dac85': 0, 'a5d83ff042164ff1b862dedc118c1dae': 0}",,,,,,,,,,,,,,,,,,,,,,,,,,,,,,,,,,,,,,,,,,,,,,0.0,,,,,0.0
hackingnoises,Aquacorde,2,"{'total': 0, '253b53d832ab4bafb5ee0308d5164ccf': 0, '7c92678742eb4e819f3122017697ae3d': 0}","{'total': 0, '253b53d832ab4bafb5ee0308d5164ccf': 0, '7c92678742eb4e819f3122017697ae3d': 0}",,,,,,,,,,,,,,,,,,,,,,0.0,,,,,,,,,,,,0.0,,,,,,,,,,,,,,,,,
hackingnoises,nhb_,2,"{'total': 6, '2fe70934e7be458dba747c4ac830391c': 2, '7c92678742eb4e819f3122017697ae3d': 4}","{'total': 0, '2fe70934e7be458dba747c4ac830391c': 0, '7c92678742eb4e819f3122017697ae3d': 0}",,,,,,,,,,,,,,,,,,,,,,-11.0,,,,,,,,,,,,,,,,,,,,,,,,,11.0,,,,
hackingnoises,silverrruns,2,"{'total': 0, '7c92678742eb4e819f3122017697ae3d': 0, '17e787d1d6374f818b294f2319db370d': 0}","{'total': 0, '7c92678742eb4e819f3122017697ae3d': 0, '17e787d1d6374f818b294f2319db370d': 0}",0.0,,,,,,,,,,,,,,,,,,,,,0.0,,,,,,,,,,,,,,,,,,,,,,,,,,,,,
hackingnoises,Pinne,2,"{'total': 1, '7c92678742eb4e819f3122017697ae3d': 0, 'aa5a894a4d5340f49683fdfd1ea9c523': 1}","{'total': 0, '7c92678742eb4e819f3122017697ae3d': 0, 'aa5a894a4d5340f49683fdfd1ea9c523': 0}",,,,,,,,,,,,,,,,,,,,,,-26.0,,,,,,,,,,,,,,,,,,,,,,,,,,26.0,,,
hackingnoises,BeefSalad,2,"{'total': 13, '3b01d4b4fef14f178b75f05c04dd34ef': 9, '7c92678742eb4e819f3122017697ae3d': 4}","{'total': 0, '3b01d4b4fef14f178b75f05c04dd34ef': 0, '7c92678742eb4e819f3122017697ae3d': 0}",,,,,,,,,,,,,,,,,,,,,,-118.0,,118.0,,,,,,,,,,,,,,,,,,,,,,,,,,,
hackingnoises,nahhann,2,"{'total': 0, '7c92678742eb4e819f3122017697ae3d': 0, '2ef2bfed3d084649b56290328970ace9': 0}","{'total': 0, '7c92678742eb4e819f3122017697ae3d': 0, '2ef2bfed3d084649b56290328970ace9': 0}",,,,,,,,,,,,,,,,,,,,,,0.0,,,,,,,,,,,,,,,,,,,,,,,,,,,0.0,,
hackingnoises,lowk3y_,2,"{'total': 2, '7665f76f431b41c6b321bea16aff913b': 2, '7c92678742eb4e819f3122017697ae3d': 0}","{'total': 0, '7665f76f431b41c6b321bea16aff913b': 0, '7c92678742eb4e819f3122017697ae3d': 0}",,,,,,,48.0,,,,,,,,,,,,,,,-48.0,,,,,,,,,,,,,,,,,,,,,,,,,,,,,
hackingnoises,doogile,2,"{'total': 0, '3c8757790ab0400b8b9e3936e0dd535b': 0, '7c92678742eb4e819f3122017697ae3d': 0}","{'total': 0, '3c8757790ab0400b8b9e3936e0dd535b': 0, '7c92678742eb4e819f3122017697ae3d': 0}",,,,,,,,,0.0,,,,,,,,,,,,,0.0,,,,,,,,,,,,,,,,,,,,,,,,,,,,,
hackingnoises,HDMICables,2,"{'total': 1, '0c3cc22849a343b0964a89ac842fa3ca': 0, '7c92678742eb4e819f3122017697ae3d': 1}","{'total': 0, '0c3cc22849a343b0964a89ac842fa3ca': 0, '7c92678742eb4e819f3122017697ae3d': 0}",,,,,,,,,,,,,,,,,,,,,,14.0,,,,,,,,,,,,,,,,,,,,,,,,,,,,-14.0,
hackingnoises,bing_pigs,2,"{'total': 26, '7c92678742eb4e819f3122017697ae3d': 18, '92b63a39b36a445fa94c77ae212dcea3': 8}","{'total': 0, '7c92678742eb4e819f3122017697ae3d': 0, '92b63a39b36a445fa94c77ae212dcea3': 0}",,,,,,,,,,,,,,,,,,,,-216.0,,216.0,,,,,,,,,,,,,,,,,,,,,,,,,,,,,
hackingnoises,BlazeMind,2,"{'total': 3, '7c92678742eb4e819f3122017697ae3d': 3, 'ac601ce7376f49cea7ce14cd577dac85': 0}","{'total': 0, '7c92678742eb4e819f3122017697ae3d': 0, 'ac601ce7376f49cea7ce14cd577dac85': 0}",,,,,,,,,,,,,,,,,,,,,,54.0,,,,,,,,,,,,,,,,,,,,,,,,,,,,,-54.0
Aquacorde,nhb_,2,"{'total': 14, '253b53d832ab4bafb5ee0308d5164ccf': 7, '2fe70934e7be458dba747c4ac830391c': 7}","{'total': 0, '253b53d832ab4bafb5ee0308d5164ccf': 0, '2fe70934e7be458dba747c4ac830391c': 0}",,,,,,,,,,,,,,,,,,,,,,,,,,,,,,,,,,-33.0,,,,,,,,,,,,,33.0,,,,
Aquacorde,silverrruns,2,"{'total': 11, '17e787d1d6374f818b294f2319db370d': 7, '253b53d832ab4bafb5ee0308d5164ccf': 4}","{'total': 0, '17e787d1d6374f818b294f2319db370d': 0, '253b53d832ab4bafb5ee0308d5164ccf': 0}",122.0,,,,,,,,,,,,,,,,,,,,,,,,,,,,,,,,,-101.0,,,,,,,,,,,,,,,,,
Aquacorde,Pinne,2,"{'total': 2, '253b53d832ab4bafb5ee0308d5164ccf': 1, 'aa5a894a4d5340f49683fdfd1ea9c523': 0}","{'total': 0, '253b53d832ab4bafb5ee0308d5164ccf': 0, 'aa5a894a4d5340f49683fdfd1ea9c523': 0}",,,,,,,,,,,,,,,,,,,,,,,,,,,,,,,,,,17.0,,,,,,,,,,,,,,-17.0,,,
Aquacorde,BeefSalad,2,"{'total': 8, '253b53d832ab4bafb5ee0308d5164ccf': 3, '3b01d4b4fef14f178b75f05c04dd34ef': 5}","{'total': 0, '253b53d832ab4bafb5ee0308d5164ccf': 0, '3b01d4b4fef14f178b75f05c04dd34ef': 0}",,,,,,,,,,,,,,,,,,,,,,,,32.0,,,,,,,,,,-32.0,,,,,,,,,,,,,,,,,
Aquacorde,nahhann,2,"{'total': 22, '253b53d832ab4bafb5ee0308d5164ccf': 8, '2ef2bfed3d084649b56290328970ace9': 12}","{'total': 0, '253b53d832ab4bafb5ee0308d5164ccf': 0, '2ef2bfed3d084649b56290328970ace9': 0}",,,,,,,,,,,,,,,,,,,,,,,,,,,,,,,,,,-38.0,,,,,,,,,,,,,,,38.0,,
Aquacorde,lowk3y_,2,"{'total': 5, '253b53d832ab4bafb5ee0308d5164ccf': 3, '7665f76f431b41c6b321bea16aff913b': 2}","{'total': 0, '253b53d832ab4bafb5ee0308d5164ccf': 0, '7665f76f431b41c6b321bea16aff913b': 0}",,,,,,,19.0,,,,,,,,,,,,,,,,,,,,,,,,,,,1.0,,,,,,,,,,,,,,,,,
Aquacorde,doogile,2,"{'total': 17, '253b53d832ab4bafb5ee0308d5164ccf': 5, '3c8757790ab0400b8b9e3936e0dd535b': 12}","{'total': 0, '253b53d832ab4bafb5ee0308d5164ccf': 0, '3c8757790ab0400b8b9e3936e0dd535b': 0}",,,,,,,,,97.0,,,,,,,,,,,,,,,,,,,,,,,,,-97.0,,,,,,,,,,,,,,,,,
Aquacorde,HDMICables,2,"{'total': 0, '253b53d832ab4bafb5ee0308d5164ccf': 0, '0c3cc22849a343b0964a89ac842fa3ca': 0}","{'total': 0, '253b53d832ab4bafb5ee0308d5164ccf': 0, '0c3cc22849a343b0964a89ac842fa3ca': 0}",,,,,,,,,,,,,,,,,,,,,,,,,,,,,,,,,,0.0,,,,,,,,,,,,,,,,0.0,
Aquacorde,bing_pigs,2,"{'total': 3, '253b53d832ab4bafb5ee0308d5164ccf': 1, '92b63a39b36a445fa94c77ae212dcea3': 2}","{'total': 0, '253b53d832ab4bafb5ee0308d5164ccf': 0, '92b63a39b36a445fa94c77ae212dcea3': 0}",,,,,,,,,,,,,,,,,,,,10.0,,,,,,,,,,,,,,-10.0,,,,,,,,,,,,,,,,,
Aquacorde,BlazeMind,2,"{'total': 17, '253b53d832ab4bafb5ee0308d5164ccf': 9, 'ac601ce7376f49cea7ce14cd577dac85': 7}","{'total': 0, '253b53d832ab4bafb5ee0308d5164ccf': 0, 'ac601ce7376f49cea7ce14cd577dac85': 0}",,,,,,,,,,,,,,,,,,,,,,,,,,,,,,,,,,76.0,,,,,,,,,,,,,,,,,-76.0
nhb_,silverrruns,2,"{'total': 27, '17e787d1d6374f818b294f2319db370d': 11, '2fe70934e7be458dba747c4ac830391c': 15}","{'total': 0, '17e787d1d6374f818b294f2319db370d': 0, '2fe70934e7be458dba747c4ac830391c': 0}",-107.0,,,,,,,,,,,,,,,,,,,,,,,,,,,,,,,,,,,,,,,,,,,,,,107.0,,,,
nhb_,Pinne,2,"{'total': 1, '2fe70934e7be458dba747c4ac830391c': 0, 'aa5a894a4d5340f49683fdfd1ea9c523': 1}","{'total': 0, '2fe70934e7be458dba747c4ac830391c': 0, 'aa5a894a4d5340f49683fdfd1ea9c523': 0}",,,,,,,,,,,,,,,,,,,,,,,,,,,,,,,,,,,,,,,,,,,,,,,-20.0,20.0,,,
nhb_,BeefSalad,2,"{'total': 20, '2fe70934e7be458dba747c4ac830391c': 8, '3b01d4b4fef14f178b75f05c04dd34ef': 9}","{'total': 0, '2fe70934e7be458dba747c4ac830391c': 0, '3b01d4b4fef14f178b75f05c04dd34ef': 0}",,,,,,,,,,,,,,,,,,,,,,,,-2.0,,,,,,,,,,,,,,,,,,,,,,,2.0,,,,
nhb_,nahhann,2,"{'total': 23, '2ef2bfed3d084649b56290328970ace9': 13, '2fe70934e7be458dba747c4ac830391c': 9}","{'total': 0, '2ef2bfed3d084649b56290328970ace9': 0, '2fe70934e7be458dba747c4ac830391c': 0}",,,,,,,,,,,,,,,,,,,,,,,,,,,,,,,,,,,,,,,,,,,,,,,-12.0,,12.0,,
nhb_,lowk3y_,2,"{'total': 6, '2fe70934e7be458dba747c4ac830391c': 2, '7665f76f431b41c6b321bea16aff913b': 4}","{'total': 0, '2fe70934e7be458dba747c4ac830391c': 0, '7665f76f431b41c6b321bea16aff913b': 0}",,,,,,,30.0,,,,,,,,,,,,,,,,,,,,,,,,,,,,,,,,,,,,,,,,-30.0,,,,
nhb_,doogile,2,"{'total': 7, '2fe70934e7be458dba747c4ac830391c': 2, '3c8757790ab0400b8b9e3936e0dd535b': 5}","{'total': 0, '2fe70934e7be458dba747c4ac830391c': 0, '3c8757790ab0400b8b9e3936e0dd535b': 0}",,,,,,,,,0.0,,,,,,,,,,,,,,,,,,,,,,,,,,,,,,,,,,,,,,0.0,,,,
nhb_,HDMICables,2,"{'total': 8, '0c3cc22849a343b0964a89ac842fa3ca': 4, '2fe70934e7be458dba747c4ac830391c': 4}","{'total': 0, '0c3cc22849a343b0964a89ac842fa3ca': 0, '2fe70934e7be458dba747c4ac830391c': 0}",,,,,,,,,,,,,,,,,,,,,,,,,,,,,,,,,,,,,,,,,,,,,,,2.0,,,-2.0,
nhb_,bing_pigs,2,"{'total': 11, '2fe70934e7be458dba747c4ac830391c': 2, '92b63a39b36a445fa94c77ae212dcea3': 9}","{'total': 0, '2fe70934e7be458dba747c4ac830391c': 0, '92b63a39b36a445fa94c77ae212dcea3': 0}",,,,,,,,,,,,,,,,,,,,79.0,,,,,,,,,,,,,,,,,,,,,,,,,,,-79.0,,,,
nhb_,BlazeMind,2,"{'total': 7, '2fe70934e7be458dba747c4ac830391c': 1, 'ac601ce7376f49cea7ce14cd577dac85': 5}","{'total': 0, '2fe70934e7be458dba747c4ac830391c': 0, 'ac601ce7376f49cea7ce14cd577dac85': 0}",,,,,,,,,,,,,,,,,,,,,,,,,,,,,,,,,,,,,,,,,,,,,,,-69.0,,,,69.0
silverrruns,Pinne,2,"{'total': 0, 'aa5a894a4d5340f49683fdfd1ea9c523': 0, '17e787d1d6374f818b294f2319db370d': 0}","{'total': 0, 'aa5a894a4d5340f49683fdfd1ea9c523': 0, '17e787d1d6374f818b294f2319db370d': 0}",0.0,,,,,,,,,,,,,,,,,,,,,,,,,,,,,,,,,,,,,,,,,,,,,,,0.0,,,
silverrruns,BeefSalad,2,"{'total': 5, '17e787d1d6374f818b294f2319db370d': 4, '3b01d4b4fef14f178b75f05c04dd34ef': 1}","{'total': 0, '17e787d1d6374f818b294f2319db370d': 0, '3b01d4b4fef14f178b75f05c04dd34ef': 0}",77.0,,,,,,,,,,,,,,,,,,,,,,,-77.0,,,,,,,,,,,,,,,,,,,,,,,,,,,
silverrruns,nahhann,2,"{'total': 8, '17e787d1d6374f818b294f2319db370d': 5, '2ef2bfed3d084649b56290328970ace9': 3}","{'total': 0, '17e787d1d6374f818b294f2319db370d': 0, '2ef2bfed3d084649b56290328970ace9': 0}",35.0,,,,,,,,,,,,,,,,,,,,,,,,,,,,,,,,,,,,,,,,,,,,,,,,-35.0,,
silverrruns,lowk3y_,2,"{'total': 0, '7665f76f431b41c6b321bea16aff913b': 0, '17e787d1d6374f818b294f2319db370d': 0}","{'total': 0, '7665f76f431b41c6b321bea16aff913b': 0, '17e787d1d6374f818b294f2319db370d': 0}",0.0,,,,,,0.0,,,,,,,,,,,,,,,,,,,,,,,,,,,,,,,,,,,,,,,,,,,,
silverrruns,doogile,2,"{'total': 15, '17e787d1d6374f818b294f2319db370d': 5, '3c8757790ab0400b8b9e3936e0dd535b': 9}","{'total': 0, '17e787d1d6374f818b294f2319db370d': 0, '3c8757790ab0400b8b9e3936e0dd535b': 0}",-35.0,,,,,,,,35.0,,,,,,,,,,,,,,,,,,,,,,,,,,,,,,,,,,,,,,,,,,
silverrruns,HDMICables,2,"{'total': 3, '0c3cc22849a343b0964a89ac842fa3ca': 0, '17e787d1d6374f818b294f2319db370d': 3}","{'total': 0, '0c3cc22849a343b0964a89ac842fa3ca': 0, '17e787d1d6374f818b294f2319db370d': 0}",47.0,,,,,,,,,,,,,,,,,,,,,,,,,,,,,,,,,,,,,,,,,,,,,,,,,-47.0,
silverrruns,bing_pigs,2,"{'total': 10, '17e787d1d6374f818b294f2319db370d': 4, '92b63a39b36a445fa94c77ae212dcea3': 6}","{'total': 0, '17e787d1d6374f818b294f2319db370d': 0, '92b63a39b36a445fa94c77ae212dcea3': 0}",-21.0,,,,,,,,,,,,,,,,,,,21.0,,,,,,,,,,,,,,,,,,,,,,,,,,,,,,,
silverrruns,BlazeMind,2,"{'total': 9, '17e787d1d6374f818b294f2319db370d': 4, 'ac601ce7376f49cea7ce14cd577dac85': 4}","{'total': 0, '17e787d1d6374f818b294f2319db370d': 0, 'ac601ce7376f49cea7ce14cd577dac85': 0}",5.0,,,,,,,,,,,,,,,,,,,,,,,,,,,,,,,,,,,,,,,,,,,,,,,,,,-5.0
Pinne,BeefSalad,2,"{'total': 2, '3b01d4b4fef14f178b75f05c04dd34ef': 1, 'aa5a894a4d5340f49683fdfd1ea9c523': 1}","{'total': 0, '3b01d4b4fef14f178b75f05c04dd34ef': 0, 'aa5a894a4d5340f49683fdfd1ea9c523': 0}",,,,,,,,,,,,,,,,,,,,,,,,12.0,,,,,,,,,,,,,,,,,,,,,,,,-12.0,,,
Pinne,nahhann,2,"{'total': 0, 'aa5a894a4d5340f49683fdfd1ea9c523': 0, '2ef2bfed3d084649b56290328970ace9': 0}","{'total': 0, 'aa5a894a4d5340f49683fdfd1ea9c523': 0, '2ef2bfed3d084649b56290328970ace9': 0}",,,,,,,,,,,,,,,,,,,,,,,,,,,,,,,,,,,,,,,,,,,,,,,,0.0,0.0,,
Pinne,lowk3y_,2,"{'total': 0, 'aa5a894a4d5340f49683fdfd1ea9c523': 0, '7665f76f431b41c6b321bea16aff913b': 0}","{'total': 0, 'aa5a894a4d5340f49683fdfd1ea9c523': 0, '7665f76f431b41c6b321bea16aff913b': 0}",,,,,,,0.0,,,,,,,,,,,,,,,,,,,,,,,,,,,,,,,,,,,,,,,,,0.0,,,
Pinne,doogile,2,"{'total': 1, '3c8757790ab0400b8b9e3936e0dd535b': 1, 'aa5a894a4d5340f49683fdfd1ea9c523': 0}","{'total': 0, '3c8757790ab0400b8b9e3936e0dd535b': 0, 'aa5a894a4d5340f49683fdfd1ea9c523': 0}",,,,,,,,,13.0,,,,,,,,,,,,,,,,,,,,,,,,,,,,,,,,,,,,,,,-13.0,,,
Pinne,HDMICables,2,"{'total': 0, '0c3cc22849a343b0964a89ac842fa3ca': 0, 'aa5a894a4d5340f49683fdfd1ea9c523': 0}","{'total': 0, '0c3cc22849a343b0964a89ac842fa3ca': 0, 'aa5a894a4d5340f49683fdfd1ea9c523': 0}",,,,,,,,,,,,,,,,,,,,,,,,,,,,,,,,,,,,,,,,,,,,,,,,0.0,,0.0,
Pinne,bing_pigs,2,"{'total': 1, '92b63a39b36a445fa94c77ae212dcea3': 1, 'aa5a894a4d5340f49683fdfd1ea9c523': 0}","{'total': 0, '92b63a39b36a445fa94c77ae212dcea3': 0, 'aa5a894a4d5340f49683fdfd1ea9c523': 0}",,,,,,,,,,,,,,,,,,,,20.0,,,,,,,,,,,,,,,,,,,,,,,,,,,,-20.0,,,
Pinne,BlazeMind,2,"{'total': 0, 'ac601ce7376f49cea7ce14cd577dac85': 0, 'aa5a894a4d5340f49683fdfd1ea9c523': 0}","{'total': 0, 'ac601ce7376f49cea7ce14cd577dac85': 0, 'aa5a894a4d5340f49683fdfd1ea9c523': 0}",,,,,,,,,,,,,,,,,,,,,,,,,,,,,,,,,,,,,,,,,,,,,,,,0.0,,,0.0
BeefSalad,nahhann,2,"{'total': 14, '2ef2bfed3d084649b56290328970ace9': 10, '3b01d4b4fef14f178b75f05c04dd34ef': 4}","{'total': 0, '2ef2bfed3d084649b56290328970ace9': 0, '3b01d4b4fef14f178b75f05c04dd34ef': 0}",,,,,,,,,,,,,,,,,,,,,,,,-96.0,,,,,,,,,,,,,,,,,,,,,,,,,96.0,,
BeefSalad,lowk3y_,2,"{'total': 13, '3b01d4b4fef14f178b75f05c04dd34ef': 6, '7665f76f431b41c6b321bea16aff913b': 6}","{'total': 0, '3b01d4b4fef14f178b75f05c04dd34ef': 0, '7665f76f431b41c6b321bea16aff913b': 0}",,,,,,,12.0,,,,,,,,,,,,,,,,,-12.0,,,,,,,,,,,,,,,,,,,,,,,,,,,
BeefSalad,doogile,2,"{'total': 12, '3b01d4b4fef14f178b75f05c04dd34ef': 3, '3c8757790ab0400b8b9e3936e0dd535b': 9}","{'total': 0, '3b01d4b4fef14f178b75f05c04dd34ef': 0, '3c8757790ab0400b8b9e3936e0dd535b': 0}",,,,,,,,,110.0,,,,,,,,,,,,,,,-110.0,,,,,,,,,,,,,,,,,,,,,,,,,,,
BeefSalad,HDMICables,2,"{'total': 16, '0c3cc22849a343b0964a89ac842fa3ca': 10, '3b01d4b4fef14f178b75f05c04dd34ef': 3}","{'total': 0, '0c3cc22849a343b0964a89ac842fa3ca': 0, '3b01d4b4fef14f178b75f05c04dd34ef': 0}",,,,,,,,,,,,,,,,,,,,,,,,-159.0,,,,,,,,,,,,,,,,,,,,,,,,,,159.0,
BeefSalad,bing_pigs,2,"{'total': 48, '3b01d4b4fef14f178b75f05c04dd34ef': 18, '92b63a39b36a445fa94c77ae212dcea3': 29}","{'total': 0, '3b01d4b4fef14f178b75f05c04dd34ef': 0, '92b63a39b36a445fa94c77ae212dcea3': 0}",,,,,,,,,,,,,,,,,,,,143.0,,,,-143.0,,,,,,,,,,,,,,,,,,,,,,,,,,,
BeefSalad,BlazeMind,2,"{'total': 4, '3b01d4b4fef14f178b75f05c04dd34ef': 2, 'ac601ce7376f49cea7ce14cd577dac85': 1}","{'total': 0, '3b01d4b4fef14f178b75f05c04dd34ef': 0, 'ac601ce7376f49cea7ce14cd577dac85': 0}",,,,,,,,,,,,,,,,,,,,,,,,10.0,,,,,,,,,,,,,,,,,,,,,,,,,,,-10.0
nahhann,lowk3y_,2,"{'total': 2, '2ef2bfed3d084649b56290328970ace9': 0, '7665f76f431b41c6b321bea16aff913b': 1}","{'total': 0, '2ef2bfed3d084649b56290328970ace9': 0, '7665f76f431b41c6b321bea16aff913b': 0}",,,,,,,18.0,,,,,,,,,,,,,,,,,,,,,,,,,,,,,,,,,,,,,,,,,,-18.0,,
nahhann,doogile,2,"{'total': 19, '2ef2bfed3d084649b56290328970ace9': 9, '3c8757790ab0400b8b9e3936e0dd535b': 9}","{'total': 0, '2ef2bfed3d084649b56290328970ace9': 0, '3c8757790ab0400b8b9e3936e0dd535b': 0}",,,,,,,,,-16.0,,,,,,,,,,,,,,,,,,,,,,,,,,,,,,,,,,,,,,,,16.0,,
nahhann,HDMICables,2,"{'total': 7, '0c3cc22849a343b0964a89ac842fa3ca': 1, '2ef2bfed3d084649b56290328970ace9': 4}","{'total': 0, '0c3cc22849a343b0964a89ac842fa3ca': 0, '2ef2bfed3d084649b56290328970ace9': 0}",,,,,,,,,,,,,,,,,,,,,,,,,,,,,,,,,,,,,,,,,,,,,,,,,52.0,-52.0,
nahhann,bing_pigs,2,"{'total': 1, '2ef2bfed3d084649b56290328970ace9': 1, '92b63a39b36a445fa94c77ae212dcea3': 0}","{'total': 0, '2ef2bfed3d084649b56290328970ace9': 0, '92b63a39b36a445fa94c77ae212dcea3': 0}",,,,,,,,,,,,,,,,,,,,-21.0,,,,,,,,,,,,,,,,,,,,,,,,,,,,,21.0,,
nahhann,BlazeMind,2,"{'total': 20, '2ef2bfed3d084649b56290328970ace9': 9, 'ac601ce7376f49cea7ce14cd577dac85': 11}","{'total': 0, '2ef2bfed3d084649b56290328970ace9': 0, 'ac601ce7376f49cea7ce14cd577dac85': 0}",,,,,,,,,,,,,,,,,,,,,,,,,,,,,,,,,,,,,,,,,,,,,,,,,-39.0,,39.0
lowk3y_,doogile,2,"{'total': 0, '3c8757790ab0400b8b9e3936e0dd535b': 0, '7665f76f431b41c6b321bea16aff913b': 0}","{'total': 0, '3c8757790ab0400b8b9e3936e0dd535b': 0, '7665f76f431b41c6b321bea16aff913b': 0}",,,,,,,0.0,,0.0,,,,,,,,,,,,,,,,,,,,,,,,,,,,,,,,,,,,,,,,,,
lowk3y_,HDMICables,2,"{'total': 0, '0c3cc22849a343b0964a89ac842fa3ca': 0, '7665f76f431b41c6b321bea16aff913b': 0}","{'total': 0, '0c3cc22849a343b0964a89ac842fa3ca': 0, '7665f76f431b41c6b321bea16aff913b': 0}",,,,,,,0.0,,,,,,,,,,,,,,,,,,,,,,,,,,,,,,,,,,,,,,,,,,,0.0,
lowk3y_,bing_pigs,2,"{'total': 11, '7665f76f431b41c6b321bea16aff913b': 7, '92b63a39b36a445fa94c77ae212dcea3': 4}","{'total': 0, '7665f76f431b41c6b321bea16aff913b': 0, '92b63a39b36a445fa94c77ae212dcea3': 0}",,,,,,,121.0,,,,,,,,,,,,,-121.0,,,,,,,,,,,,,,,,,,,,,,,,,,,,,,,
lowk3y_,BlazeMind,2,"{'total': 1, '7665f76f431b41c6b321bea16aff913b': 1, 'ac601ce7376f49cea7ce14cd577dac85': 0}","{'total': 0, '7665f76f431b41c6b321bea16aff913b': 0, 'ac601ce7376f49cea7ce14cd577dac85': 0}",,,,,,,19.0,,,,,,,,,,,,,,,,,,,,,,,,,,,,,,,,,,,,,,,,,,,,-19.0
doogile,HDMICables,2,"{'total': 2, '0c3cc22849a343b0964a89ac842fa3ca': 0, '3c8757790ab0400b8b9e3936e0dd535b': 2}","{'total': 0, '0c3cc22849a343b0964a89ac842fa3ca': 0, '3c8757790ab0400b8b9e3936e0dd535b': 0}",,,,,,,,,27.0,,,,,,,,,,,,,,,,,,,,,,,,,,,,,,,,,,,,,,,,,-27.0,
doogile,bing_pigs,2,"{'total': 5, '3c8757790ab0400b8b9e3936e0dd535b': 3, '92b63a39b36a445fa94c77ae212dcea3': 2}","{'total': 0, '3c8757790ab0400b8b9e3936e0dd535b': 0, '92b63a39b36a445fa94c77ae212dcea3': 0}",,,,,,,,,4.0,,,,,,,,,,,-4.0,,,,,,,,,,,,,,,,,,,,,,,,,,,,,,,
doogile,BlazeMind,2,"{'total': 8, '3c8757790ab0400b8b9e3936e0dd535b': 6, 'ac601ce7376f49cea7ce14cd577dac85': 2}","{'total': 0, '3c8757790ab0400b8b9e3936e0dd535b': 0, 'ac601ce7376f49cea7ce14cd577dac85': 0}",,,,,,,,,57.0,,,,,,,,,,,,,,,,,,,,,,,,,,,,,,,,,,,,,,,,,,-57.0
HDMICables,bing_pigs,2,"{'total': 13, '0c3cc22849a343b0964a89ac842fa3ca': 9, '92b63a39b36a445fa94c77ae212dcea3': 4}","{'total': 0, '0c3cc22849a343b0964a89ac842fa3ca': 0, '92b63a39b36a445fa94c77ae212dcea3': 0}",,,,,,,,,,,,,,,,,,,,-145.0,,,,,,,,,,,,,,,,,,,,,,,,,,,,,,145.0,
HDMICables,BlazeMind,2,"{'total': 4, '0c3cc22849a343b0964a89ac842fa3ca': 3, 'ac601ce7376f49cea7ce14cd577dac85': 1}","{'total': 0, '0c3cc22849a343b0964a89ac842fa3ca': 0, 'ac601ce7376f49cea7ce14cd577dac85': 0}",,,,,,,,,,,,,,,,,,,,,,,,,,,,,,,,,,,,,,,,,,,,,,,,,,31.0,-31.0
bing_pigs,BlazeMind,2,"{'total': 13, '92b63a39b36a445fa94c77ae212dcea3': 5, 'ac601ce7376f49cea7ce14cd577dac85': 8}","{'total': 0, '92b63a39b36a445fa94c77ae212dcea3': 0, 'ac601ce7376f49cea7ce14cd577dac85': 0}",,,,,,,,,,,,,,,,,,,,-87.0,,,,,,,,,,,,,,,,,,,,,,,,,,,,,,,87.0
